intersection,sample_id,text,latitude,longitude,unique_sign_count,raw_sign_count
11th-santafe,0,denver voice | 711 gas is 329 | timeos bar | denver works | swifts breakfeast,39.73366666666665,-104.99869444444445,13,13
11th-santafe,1,tacos selene | 711 gas is 329 | timeos bar | 711 gas is 329 | 711 gas is 329,39.73366666666665,-104.99869444444445,13,13
11th-santafe,2,sante fe theater | tacos selene | brick building nita | armstrong dance center | swifts breakfeast,39.73366666666665,-104.99869444444445,13,13
11th-santafe,3,711 gas is 329 | hyder construction | sante fe theater | brick building nita | tacos selene,39.73366666666665,-104.99869444444445,13,13
11th-santafe,4,aztlan | brick building nita | 711 gas is 329 | quin | tacos selene,39.73366666666665,-104.99869444444445,13,13
11th-santafe,5,brick building nita | armstrong dance center | denver voice | timeos bar | armstrong dance center,39.73366666666665,-104.99869444444445,13,13
11th-santafe,6,711 gas is 329 | armstrong dance center | denver works | 711 gas is 329 | timeos bar,39.73366666666665,-104.99869444444445,13,13
11th-santafe,7,nicks studio | armstrong dance center | swifts breakfeast | armstrong dance center | tacos selene,39.73366666666665,-104.99869444444445,13,13
11th-santafe,8,hyder construction | sante fe theater | denver works | sante fe theater | swifts breakfeast,39.73366666666665,-104.99869444444445,13,13
11th-santafe,9,sante fe theater | armstrong dance center | hyder construction | armstrong dance center | aztlan,39.73366666666665,-104.99869444444445,13,13
11th-santafe,10,brick building nita | nicks studio | timeos bar | denver works | 711 gas is 329,39.73366666666665,-104.99869444444445,13,13
11th-santafe,11,armstrong dance center | aztlan | denver voice | denver voice | denver works,39.73366666666665,-104.99869444444445,13,13
11th-santafe,12,711 gas is 329 | brick building nita | swifts breakfeast | quin | aztlan,39.73366666666665,-104.99869444444445,13,13
11th-santafe,13,timeos bar | 711 gas is 329 | aztlan | timeos bar | timeos bar,39.73366666666665,-104.99869444444445,13,13
11th-santafe,14,sante fe theater | denver works | hyder construction | denver works | aztlan,39.73366666666665,-104.99869444444445,13,13
11th-santafe,15,denver works | armstrong dance center | 711 gas is 329 | swifts breakfeast | timeos bar,39.73366666666665,-104.99869444444445,13,13
11th-santafe,16,timeos bar | sante fe theater | swifts breakfeast | hyder construction | swifts breakfeast,39.73366666666665,-104.99869444444445,13,13
11th-santafe,17,aztlan | aztlan | 711 gas is 329 | aztlan | sante fe theater,39.73366666666665,-104.99869444444445,13,13
11th-santafe,18,711 gas is 329 | armstrong dance center | tacos selene | tacos selene | armstrong dance center,39.73366666666665,-104.99869444444445,13,13
11th-santafe,19,swifts breakfeast | swifts breakfeast | swifts breakfeast | denver works | denver voice,39.73366666666665,-104.99869444444445,13,13
11th-santafe,20,denver works | tacos selene | denver works | nicks studio | brick building nita,39.73366666666665,-104.99869444444445,13,13
11th-santafe,21,711 gas is 329 | tacos selene | denver works | aztlan | tacos selene,39.73366666666665,-104.99869444444445,13,13
11th-santafe,22,aztlan | aztlan | armstrong dance center | sante fe theater | hyder construction,39.73366666666665,-104.99869444444445,13,13
11th-santafe,23,nicks studio | nicks studio | brick building nita | timeos bar | brick building nita,39.73366666666665,-104.99869444444445,13,13
11th-santafe,24,aztlan | swifts breakfeast | denver voice | tacos selene | nicks studio,39.73366666666665,-104.99869444444445,13,13
11th-santafe,25,swifts breakfeast | sante fe theater | denver works | aztlan | timeos bar,39.73366666666665,-104.99869444444445,13,13
11th-santafe,26,brick building nita | timeos bar | aztlan | sante fe theater | quin,39.73366666666665,-104.99869444444445,13,13
11th-santafe,27,quin | denver works | denver works | sante fe theater | brick building nita,39.73366666666665,-104.99869444444445,13,13
11th-santafe,28,armstrong dance center | sante fe theater | tacos selene | denver works | tacos selene,39.73366666666665,-104.99869444444445,13,13
11th-santafe,29,quin | sante fe theater | hyder construction | timeos bar | armstrong dance center,39.73366666666665,-104.99869444444445,13,13
11th-santafe,30,nicks studio | 711 gas is 329 | armstrong dance center | 711 gas is 329 | armstrong dance center,39.73366666666665,-104.99869444444445,13,13
11th-santafe,31,denver voice | sante fe theater | timeos bar | 711 gas is 329 | denver voice,39.73366666666665,-104.99869444444445,13,13
11th-santafe,32,denver works | swifts breakfeast | armstrong dance center | aztlan | armstrong dance center,39.73366666666665,-104.99869444444445,13,13
11th-santafe,33,tacos selene | nicks studio | denver works | brick building nita | tacos selene,39.73366666666665,-104.99869444444445,13,13
11th-santafe,34,sante fe theater | hyder construction | denver works | aztlan | 711 gas is 329,39.73366666666665,-104.99869444444445,13,13
11th-santafe,35,tacos selene | swifts breakfeast | swifts breakfeast | denver works | timeos bar,39.73366666666665,-104.99869444444445,13,13
11th-santafe,36,swifts breakfeast | brick building nita | tacos selene | sante fe theater | swifts breakfeast,39.73366666666665,-104.99869444444445,13,13
11th-santafe,37,brick building nita | tacos selene | sante fe theater | armstrong dance center | nicks studio,39.73366666666665,-104.99869444444445,13,13
11th-santafe,38,nicks studio | quin | tacos selene | swifts breakfeast | nicks studio,39.73366666666665,-104.99869444444445,13,13
11th-santafe,39,nicks studio | brick building nita | armstrong dance center | swifts breakfeast | sante fe theater,39.73366666666665,-104.99869444444445,13,13
11th-santafe,40,sante fe theater | swifts breakfeast | denver works | brick building nita | sante fe theater,39.73366666666665,-104.99869444444445,13,13
11th-santafe,41,hyder construction | tacos selene | tacos selene | 711 gas is 329 | brick building nita,39.73366666666665,-104.99869444444445,13,13
11th-santafe,42,sante fe theater | swifts breakfeast | denver voice | quin | quin,39.73366666666665,-104.99869444444445,13,13
11th-santafe,43,tacos selene | hyder construction | 711 gas is 329 | brick building nita | swifts breakfeast,39.73366666666665,-104.99869444444445,13,13
11th-santafe,44,brick building nita | denver works | swifts breakfeast | denver works | denver works,39.73366666666665,-104.99869444444445,13,13
11th-santafe,45,tacos selene | nicks studio | tacos selene | nicks studio | sante fe theater,39.73366666666665,-104.99869444444445,13,13
11th-santafe,46,denver works | quin | timeos bar | 711 gas is 329 | quin,39.73366666666665,-104.99869444444445,13,13
11th-santafe,47,swifts breakfeast | timeos bar | armstrong dance center | 711 gas is 329 | aztlan,39.73366666666665,-104.99869444444445,13,13
11th-santafe,48,timeos bar | timeos bar | sante fe theater | aztlan | sante fe theater,39.73366666666665,-104.99869444444445,13,13
11th-santafe,49,sante fe theater | sante fe theater | brick building nita | denver works | timeos bar,39.73366666666665,-104.99869444444445,13,13
11th-syracuse,0,no parking any time | 11th ave | garden court community | syracuse st | no turn on red,39.73291666666667,-104.89880555555555,15,16
11th-syracuse,1,11th ave | garden court community | no turn on red | syracuse st | no parking any time,39.73291666666667,-104.89880555555555,15,16
11th-syracuse,2,no parking any time | syracuse st | garden court community | no turn on red | 11th ave,39.73291666666667,-104.89880555555555,15,16
11th-syracuse,3,garden court community | no turn on red | 11th ave | no parking any time | syracuse st,39.73291666666667,-104.89880555555555,15,16
11th-syracuse,4,11th ave | syracuse st | no turn on red | no parking any time | garden court community,39.73291666666667,-104.89880555555555,15,16
11th-syracuse,5,no turn on red | garden court community | 11th ave | no parking any time | syracuse st,39.73291666666667,-104.89880555555555,15,16
11th-syracuse,6,11th ave | syracuse st | garden court community | no parking any time | no turn on red,39.73291666666667,-104.89880555555555,15,16
11th-syracuse,7,no parking any time | syracuse st | 11th ave | no turn on red | garden court community,39.73291666666667,-104.89880555555555,15,16
11th-syracuse,8,no parking any time | syracuse st | 11th ave | no turn on red | garden court community,39.73291666666667,-104.89880555555555,15,16
11th-syracuse,9,11th ave | garden court community | no turn on red | no parking any time | syracuse st,39.73291666666667,-104.89880555555555,15,16
11th-syracuse,10,syracuse st | 11th ave | garden court community | no parking any time | no turn on red,39.73291666666667,-104.89880555555555,15,16
11th-syracuse,11,syracuse st | no parking any time | 11th ave | garden court community | no turn on red,39.73291666666667,-104.89880555555555,15,16
11th-syracuse,12,no parking any time | no turn on red | garden court community | 11th ave | syracuse st,39.73291666666667,-104.89880555555555,15,16
11th-syracuse,13,no parking any time | garden court community | 11th ave | no turn on red | syracuse st,39.73291666666667,-104.89880555555555,15,16
11th-syracuse,14,11th ave | syracuse st | no parking any time | no turn on red | garden court community,39.73291666666667,-104.89880555555555,15,16
11th-syracuse,15,syracuse st | 11th ave | garden court community | no turn on red | no parking any time,39.73291666666667,-104.89880555555555,15,16
11th-syracuse,16,no turn on red | garden court community | no parking any time | 11th ave | syracuse st,39.73291666666667,-104.89880555555555,15,16
11th-syracuse,17,garden court community | no turn on red | syracuse st | 11th ave | no parking any time,39.73291666666667,-104.89880555555555,15,16
11th-syracuse,18,no parking any time | 11th ave | syracuse st | no turn on red | garden court community,39.73291666666667,-104.89880555555555,15,16
11th-syracuse,19,no parking any time | 11th ave | syracuse st | garden court community | no turn on red,39.73291666666667,-104.89880555555555,15,16
11th-syracuse,20,syracuse st | 11th ave | garden court community | no parking any time | no turn on red,39.73291666666667,-104.89880555555555,15,16
11th-syracuse,21,11th ave | no parking any time | no turn on red | garden court community | syracuse st,39.73291666666667,-104.89880555555555,15,16
11th-syracuse,22,no parking any time | garden court community | syracuse st | 11th ave | no turn on red,39.73291666666667,-104.89880555555555,15,16
11th-syracuse,23,syracuse st | no parking any time | 11th ave | no turn on red | garden court community,39.73291666666667,-104.89880555555555,15,16
11th-syracuse,24,no parking any time | syracuse st | garden court community | no turn on red | 11th ave,39.73291666666667,-104.89880555555555,15,16
11th-syracuse,25,no parking any time | garden court community | no turn on red | syracuse st | 11th ave,39.73291666666667,-104.89880555555555,15,16
11th-syracuse,26,no turn on red | garden court community | syracuse st | no parking any time | 11th ave,39.73291666666667,-104.89880555555555,15,16
11th-syracuse,27,11th ave | syracuse st | no parking any time | garden court community | no turn on red,39.73291666666667,-104.89880555555555,15,16
11th-syracuse,28,syracuse st | no turn on red | garden court community | 11th ave | no parking any time,39.73291666666667,-104.89880555555555,15,16
11th-syracuse,29,no parking any time | garden court community | no turn on red | syracuse st | 11th ave,39.73291666666667,-104.89880555555555,15,16
11th-syracuse,30,11th ave | garden court community | no parking any time | syracuse st | no turn on red,39.73291666666667,-104.89880555555555,15,16
11th-syracuse,31,garden court community | no turn on red | no parking any time | 11th ave | syracuse st,39.73291666666667,-104.89880555555555,15,16
11th-syracuse,32,no parking any time | 11th ave | garden court community | syracuse st | no turn on red,39.73291666666667,-104.89880555555555,15,16
11th-syracuse,33,11th ave | no parking any time | syracuse st | no turn on red | garden court community,39.73291666666667,-104.89880555555555,15,16
11th-syracuse,34,no parking any time | garden court community | no turn on red | 11th ave | syracuse st,39.73291666666667,-104.89880555555555,15,16
11th-syracuse,35,syracuse st | no parking any time | 11th ave | garden court community | no turn on red,39.73291666666667,-104.89880555555555,15,16
11th-syracuse,36,no turn on red | no parking any time | garden court community | syracuse st | 11th ave,39.73291666666667,-104.89880555555555,15,16
11th-syracuse,37,garden court community | no turn on red | 11th ave | syracuse st | no parking any time,39.73291666666667,-104.89880555555555,15,16
11th-syracuse,38,garden court community | no turn on red | syracuse st | no parking any time | 11th ave,39.73291666666667,-104.89880555555555,15,16
11th-syracuse,39,garden court community | 11th ave | no turn on red | syracuse st | no parking any time,39.73291666666667,-104.89880555555555,15,16
11th-syracuse,40,no turn on red | no parking any time | syracuse st | garden court community | 11th ave,39.73291666666667,-104.89880555555555,15,16
11th-syracuse,41,no turn on red | syracuse st | no parking any time | garden court community | 11th ave,39.73291666666667,-104.89880555555555,15,16
11th-syracuse,42,11th ave | syracuse st | garden court community | no turn on red | no parking any time,39.73291666666667,-104.89880555555555,15,16
11th-syracuse,43,no parking any time | garden court community | no turn on red | syracuse st | 11th ave,39.73291666666667,-104.89880555555555,15,16
11th-syracuse,44,11th ave | no parking any time | garden court community | syracuse st | no turn on red,39.73291666666667,-104.89880555555555,15,16
11th-syracuse,45,no turn on red | no parking any time | 11th ave | garden court community | syracuse st,39.73291666666667,-104.89880555555555,15,16
11th-syracuse,46,syracuse st | 11th ave | no turn on red | no parking any time | garden court community,39.73291666666667,-104.89880555555555,15,16
11th-syracuse,47,syracuse st | garden court community | no turn on red | 11th ave | no parking any time,39.73291666666667,-104.89880555555555,15,16
11th-syracuse,48,no parking any time | 11th ave | garden court community | no turn on red | syracuse st,39.73291666666667,-104.89880555555555,15,16
11th-syracuse,49,syracuse st | garden court community | 11th ave | no parking any time | no turn on red,39.73291666666667,-104.89880555555555,15,16
11th-yosemite,0,7 eleven | yosemite st | 11th ave | 11th ave | slurpee,39.73286111111111,-104.88475,40,41
11th-yosemite,1,yosemite st | large load washers | 11th ave | 7 eleven | coinop bienvenidos,39.73286111111111,-104.88475,40,41
11th-yosemite,2,large load washers | yosemite st | 7 eleven | 7 eleven | 11th ave,39.73286111111111,-104.88475,40,41
11th-yosemite,3,square park | 11th ave | yosemite st | 7 eleven | stanly marketplace,39.73286111111111,-104.88475,40,41
11th-yosemite,4,wash folding | yosemite st | 7 eleven | 7 eleven | 11th ave,39.73286111111111,-104.88475,40,41
11th-yosemite,5,7 eleven | yosemite st | gotham greens | mart | 11th ave,39.73286111111111,-104.88475,40,41
11th-yosemite,6,tag burger bar | 7 eleven | king soopers | 11th ave | yosemite st,39.73286111111111,-104.88475,40,41
11th-yosemite,7,11th ave | 7 eleven | arrowhead park | yosemite st | open,39.73286111111111,-104.88475,40,41
11th-yosemite,8,tag burger bar | yosemite st | 11th ave | slurpee | 7 eleven,39.73286111111111,-104.88475,40,41
11th-yosemite,9,house of hope | lagree lux central park | 11th ave | yosemite st | 7 eleven,39.73286111111111,-104.88475,40,41
11th-yosemite,10,no public restroom | second dawn brewing co | yosemite st | 11th ave | 7 eleven,39.73286111111111,-104.88475,40,41
11th-yosemite,11,house of hope | yosemite st | laundromat | 7 eleven | 11th ave,39.73286111111111,-104.88475,40,41
11th-yosemite,12,11th ave | 7 eleven | second dawn brewing co | 11th ave | yosemite st,39.73286111111111,-104.88475,40,41
11th-yosemite,13,11th ave | 11th ave | 7 eleven | lagree lux central park | yosemite st,39.73286111111111,-104.88475,40,41
11th-yosemite,14,7 eleven | 11th ave | care now urgent care | yosemite st | prairie uplands park,39.73286111111111,-104.88475,40,41
11th-yosemite,15,slurpee | wash folding | 7 eleven | yosemite st | 11th ave,39.73286111111111,-104.88475,40,41
11th-yosemite,16,open | 11th ave | side parking lot | yosemite st | 7 eleven,39.73286111111111,-104.88475,40,41
11th-yosemite,17,7 eleven | 11th ave | yosemite st | 7 eleven | f15 park,39.73286111111111,-104.88475,40,41
11th-yosemite,18,customer parking only | 7 eleven | security cameras in use | yosemite st | 11th ave,39.73286111111111,-104.88475,40,41
11th-yosemite,19,11th ave | drop off self service | yosemite st | central park rec center | 7 eleven,39.73286111111111,-104.88475,40,41
11th-yosemite,20,yosemite st | 7 eleven | yosemite st | tag burger bar | 11th ave,39.73286111111111,-104.88475,40,41
11th-yosemite,21,king soopers | hillary wheat photography | yosemite st | 7 eleven | 11th ave,39.73286111111111,-104.88475,40,41
11th-yosemite,22,11th ave | no public restroom | 7 eleven | slurpee | yosemite st,39.73286111111111,-104.88475,40,41
11th-yosemite,23,roots | 11th ave | yosemite st | f15 park | 7 eleven,39.73286111111111,-104.88475,40,41
11th-yosemite,24,taw win restaurant | 11th ave | 7 eleven | yosemite st | wash folding,39.73286111111111,-104.88475,40,41
11th-yosemite,25,7 eleven | 11th ave | gotham greens | 7 eleven | yosemite st,39.73286111111111,-104.88475,40,41
11th-yosemite,26,yosemite st | 11th ave | 7 eleven | global grocery | 7 eleven,39.73286111111111,-104.88475,40,41
11th-yosemite,27,wash folding | 11th ave | f15 park | 7 eleven | yosemite st,39.73286111111111,-104.88475,40,41
11th-yosemite,28,yosemite st | 7 eleven | 11th ave | coinop bienvenidos | gotham greens,39.73286111111111,-104.88475,40,41
11th-yosemite,29,f15 park | 7 eleven | drop off self service | 11th ave | yosemite st,39.73286111111111,-104.88475,40,41
11th-yosemite,30,yosemite st | 7 eleven | 11th ave | mart | open,39.73286111111111,-104.88475,40,41
11th-yosemite,31,7 eleven | drop off self service | yosemite st | 11th ave | global grocery,39.73286111111111,-104.88475,40,41
11th-yosemite,32,7 eleven | yosemite st | security cameras in use | king soopers | 11th ave,39.73286111111111,-104.88475,40,41
11th-yosemite,33,coin laundromat | sand creek river | yosemite st | 11th ave | 7 eleven,39.73286111111111,-104.88475,40,41
11th-yosemite,34,taw win restaurant | no public restroom | 7 eleven | 11th ave | yosemite st,39.73286111111111,-104.88475,40,41
11th-yosemite,35,yosemite st | yosemite st | arrowhead park | 7 eleven | 11th ave,39.73286111111111,-104.88475,40,41
11th-yosemite,36,7 eleven | tag burger bar | open | yosemite st | 11th ave,39.73286111111111,-104.88475,40,41
11th-yosemite,37,11th ave | 7 eleven | care now urgent care | lagree lux central park | yosemite st,39.73286111111111,-104.88475,40,41
11th-yosemite,38,stanly marketplace | 7 eleven | 11th ave | 7 eleven | yosemite st,39.73286111111111,-104.88475,40,41
11th-yosemite,39,yosemite st | lagree lux central park | 11th ave | 7 eleven | f15 park,39.73286111111111,-104.88475,40,41
11th-yosemite,40,7 eleven | yosemite st | customer parking only | 11th ave | 11th ave,39.73286111111111,-104.88475,40,41
11th-yosemite,41,coinop bienvenidos | mart | yosemite st | 7 eleven | 11th ave,39.73286111111111,-104.88475,40,41
11th-yosemite,42,11th ave | yosemite st | bluff lake | 7 eleven | bluff lake,39.73286111111111,-104.88475,40,41
11th-yosemite,43,yosemite st | 7 eleven | prairie uplands park | 11th ave | large load washers,39.73286111111111,-104.88475,40,41
11th-yosemite,44,coin laundromat | wash folding | 7 eleven | 11th ave | yosemite st,39.73286111111111,-104.88475,40,41
11th-yosemite,45,11th ave | f15 park | yosemite st | 7 eleven | tag burger bar,39.73286111111111,-104.88475,40,41
11th-yosemite,46,11th ave | lavadoras grandes | yosemite st | 7 eleven | sand creek river,39.73286111111111,-104.88475,40,41
11th-yosemite,47,7 eleven | mart | large load washers | 11th ave | yosemite st,39.73286111111111,-104.88475,40,41
11th-yosemite,48,11th ave | yosemite st | 7 eleven | 7 eleven | gotham greens,39.73286111111111,-104.88475,40,41
11th-yosemite,49,11th ave | 7 eleven | wash folding | yosemite st | slurpee,39.73286111111111,-104.88475,40,41
13th-havana,0,dozens fat boys bar and grill | mcdonalds | perlmutter christine m | pinewood lodge | taco bell,39.736472222222226,-104.86583333333331,20,20
13th-havana,1,7eleven | dozens fat boys bar and grill | mcdonalds | taco bell | jetts pizza,39.736472222222226,-104.86583333333331,20,20
13th-havana,2,top pho | perlmutter christine m | el molina bakery | fired cannabis | taco bell,39.736472222222226,-104.86583333333331,20,20
13th-havana,3,havana sign | 7eleven | lowes | mcdonalds | top pho,39.736472222222226,-104.86583333333331,20,20
13th-havana,4,mcdonalds | rita | dia international market | top pho | 7eleven,39.736472222222226,-104.86583333333331,20,20
13th-havana,5,taco bell | schomp hyundai | rita | perlmutter christine m | pinewood lodge,39.736472222222226,-104.86583333333331,20,20
13th-havana,6,dozens fat boys bar and grill | jetts pizza | lowes | lotus school for excellence | perlmutter christine m,39.736472222222226,-104.86583333333331,20,20
13th-havana,7,7eleven | dia international market | rita | mcdonalds | lowes,39.736472222222226,-104.86583333333331,20,20
13th-havana,8,perlmutter christine m | havana sign | starbucks | jetts pizza | rita,39.736472222222226,-104.86583333333331,20,20
13th-havana,9,rita | lowes | taco bell | taco bell | dia international market,39.736472222222226,-104.86583333333331,20,20
13th-havana,10,pinewood lodge | dozens fat boys bar and grill | perlmutter christine m | el molina bakery | 7eleven,39.736472222222226,-104.86583333333331,20,20
13th-havana,11,dia international market | jetts pizza | lotus school for excellence | lotus school for excellence | walgreens,39.736472222222226,-104.86583333333331,20,20
13th-havana,12,taco bell | dozens fat boys bar and grill | citibank atm | schomp hyundai | perlmutter christine m,39.736472222222226,-104.86583333333331,20,20
13th-havana,13,citibank atm | starbucks | walgreens | pinewood lodge | schomp hyundai,39.736472222222226,-104.86583333333331,20,20
13th-havana,14,7eleven | perlmutter christine m | dia international market | perlmutter christine m | starbucks,39.736472222222226,-104.86583333333331,20,20
13th-havana,15,rita | dozens fat boys bar and grill | schomp hyundai | jetts pizza | starbucks,39.736472222222226,-104.86583333333331,20,20
13th-havana,16,lowes | rita | el molina bakery | lotus school for excellence | perlmutter christine m,39.736472222222226,-104.86583333333331,20,20
13th-havana,17,schomp hyundai | dozens fat boys bar and grill | dozens fat boys bar and grill | havana sign | el molina bakery,39.736472222222226,-104.86583333333331,20,20
13th-havana,18,top pho | havana sign | havana sign | schomp hyundai | pinewood lodge,39.736472222222226,-104.86583333333331,20,20
13th-havana,19,7eleven | lowes | 7eleven | starbucks | schomp hyundai,39.736472222222226,-104.86583333333331,20,20
13th-havana,20,dozens fat boys bar and grill | rita | common ground golf course | 7eleven | perlmutter christine m,39.736472222222226,-104.86583333333331,20,20
13th-havana,21,dia international market | dia international market | common ground golf course | taco bell | starbucks,39.736472222222226,-104.86583333333331,20,20
13th-havana,22,fired cannabis | taco bell | common ground golf course | perlmutter christine m | schomp hyundai,39.736472222222226,-104.86583333333331,20,20
13th-havana,23,rita | dia international market | starbucks | perlmutter christine m | el molina bakery,39.736472222222226,-104.86583333333331,20,20
13th-havana,24,jetts pizza | taco bell | pinewood lodge | dozens fat boys bar and grill | taco bell,39.736472222222226,-104.86583333333331,20,20
13th-havana,25,schomp hyundai | lotus school for excellence | dia international market | dia international market | lowes,39.736472222222226,-104.86583333333331,20,20
13th-havana,26,fired cannabis | dozens fat boys bar and grill | taco bell | pinewood lodge | mcdonalds,39.736472222222226,-104.86583333333331,20,20
13th-havana,27,taco bell | schomp hyundai | dia international market | lotus school for excellence | rita,39.736472222222226,-104.86583333333331,20,20
13th-havana,28,top pho | pinewood lodge | rita | rita | top pho,39.736472222222226,-104.86583333333331,20,20
13th-havana,29,lowes | rita | starbucks | mcdonalds | rita,39.736472222222226,-104.86583333333331,20,20
13th-havana,30,lotus school for excellence | el molina bakery | pinewood lodge | citibank atm | fired cannabis,39.736472222222226,-104.86583333333331,20,20
13th-havana,31,7eleven | walgreens | 7eleven | perlmutter christine m | walgreens,39.736472222222226,-104.86583333333331,20,20
13th-havana,32,fired cannabis | fired cannabis | lowes | top pho | havana sign,39.736472222222226,-104.86583333333331,20,20
13th-havana,33,el molina bakery | walgreens | walgreens | mcdonalds | common ground golf course,39.736472222222226,-104.86583333333331,20,20
13th-havana,34,taco bell | lowes | dozens fat boys bar and grill | fired cannabis | pinewood lodge,39.736472222222226,-104.86583333333331,20,20
13th-havana,35,dozens fat boys bar and grill | dozens fat boys bar and grill | citibank atm | dozens fat boys bar and grill | common ground golf course,39.736472222222226,-104.86583333333331,20,20
13th-havana,36,7eleven | havana sign | schomp hyundai | havana sign | citibank atm,39.736472222222226,-104.86583333333331,20,20
13th-havana,37,common ground golf course | dozens fat boys bar and grill | lotus school for excellence | jetts pizza | citibank atm,39.736472222222226,-104.86583333333331,20,20
13th-havana,38,starbucks | fired cannabis | havana sign | fired cannabis | schomp hyundai,39.736472222222226,-104.86583333333331,20,20
13th-havana,39,pinewood lodge | lotus school for excellence | rita | lowes | schomp hyundai,39.736472222222226,-104.86583333333331,20,20
13th-havana,40,7eleven | taco bell | walgreens | pinewood lodge | dozens fat boys bar and grill,39.736472222222226,-104.86583333333331,20,20
13th-havana,41,schomp hyundai | lowes | common ground golf course | mcdonalds | walgreens,39.736472222222226,-104.86583333333331,20,20
13th-havana,42,citibank atm | fired cannabis | walgreens | lowes | lowes,39.736472222222226,-104.86583333333331,20,20
13th-havana,43,pinewood lodge | lowes | starbucks | perlmutter christine m | pinewood lodge,39.736472222222226,-104.86583333333331,20,20
13th-havana,44,starbucks | citibank atm | el molina bakery | lotus school for excellence | dozens fat boys bar and grill,39.736472222222226,-104.86583333333331,20,20
13th-havana,45,citibank atm | lotus school for excellence | taco bell | starbucks | 7eleven,39.736472222222226,-104.86583333333331,20,20
13th-havana,46,dia international market | dia international market | taco bell | schomp hyundai | el molina bakery,39.736472222222226,-104.86583333333331,20,20
13th-havana,47,el molina bakery | dia international market | starbucks | mcdonalds | citibank atm,39.736472222222226,-104.86583333333331,20,20
13th-havana,48,dia international market | perlmutter christine m | rita | fired cannabis | common ground golf course,39.736472222222226,-104.86583333333331,20,20
13th-havana,49,citibank atm | havana sign | dia international market | walgreens | rita,39.736472222222226,-104.86583333333331,20,20
13th-peoria,0,speed limit 25 | p | p | warning security camera | all suspicious people and activities are immediately reported to aurora neighborhood watch,39.73616666666667,-104.8471111111111,29,33
13th-peoria,1,p | all suspicious people and activities are immediately reported to aurora neighborhood watch | warning security camera | p | speed limit 25,39.73616666666667,-104.8471111111111,29,33
13th-peoria,2,all suspicious people and activities are immediately reported to aurora neighborhood watch | p | speed limit 25 | warning security camera | p,39.73616666666667,-104.8471111111111,29,33
13th-peoria,3,all suspicious people and activities are immediately reported to aurora neighborhood watch | p | speed limit 25 | p | warning security camera,39.73616666666667,-104.8471111111111,29,33
13th-peoria,4,warning security camera | speed limit 25 | p | all suspicious people and activities are immediately reported to aurora neighborhood watch | p,39.73616666666667,-104.8471111111111,29,33
13th-peoria,5,p | all suspicious people and activities are immediately reported to aurora neighborhood watch | warning security camera | speed limit 25 | p,39.73616666666667,-104.8471111111111,29,33
13th-peoria,6,warning security camera | all suspicious people and activities are immediately reported to aurora neighborhood watch | p | speed limit 25 | p,39.73616666666667,-104.8471111111111,29,33
13th-peoria,7,warning security camera | all suspicious people and activities are immediately reported to aurora neighborhood watch | p | p | speed limit 25,39.73616666666667,-104.8471111111111,29,33
13th-peoria,8,p | speed limit 25 | warning security camera | p | all suspicious people and activities are immediately reported to aurora neighborhood watch,39.73616666666667,-104.8471111111111,29,33
13th-peoria,9,speed limit 25 | p | all suspicious people and activities are immediately reported to aurora neighborhood watch | p | warning security camera,39.73616666666667,-104.8471111111111,29,33
13th-peoria,10,warning security camera | p | all suspicious people and activities are immediately reported to aurora neighborhood watch | speed limit 25 | p,39.73616666666667,-104.8471111111111,29,33
13th-peoria,11,p | warning security camera | p | all suspicious people and activities are immediately reported to aurora neighborhood watch | speed limit 25,39.73616666666667,-104.8471111111111,29,33
13th-peoria,12,all suspicious people and activities are immediately reported to aurora neighborhood watch | p | warning security camera | speed limit 25 | p,39.73616666666667,-104.8471111111111,29,33
13th-peoria,13,p | warning security camera | all suspicious people and activities are immediately reported to aurora neighborhood watch | p | speed limit 25,39.73616666666667,-104.8471111111111,29,33
13th-peoria,14,warning security camera | p | all suspicious people and activities are immediately reported to aurora neighborhood watch | speed limit 25 | p,39.73616666666667,-104.8471111111111,29,33
13th-peoria,15,warning security camera | p | p | speed limit 25 | all suspicious people and activities are immediately reported to aurora neighborhood watch,39.73616666666667,-104.8471111111111,29,33
13th-peoria,16,p | all suspicious people and activities are immediately reported to aurora neighborhood watch | speed limit 25 | warning security camera | p,39.73616666666667,-104.8471111111111,29,33
13th-peoria,17,all suspicious people and activities are immediately reported to aurora neighborhood watch | speed limit 25 | warning security camera | p | p,39.73616666666667,-104.8471111111111,29,33
13th-peoria,18,speed limit 25 | p | warning security camera | all suspicious people and activities are immediately reported to aurora neighborhood watch | p,39.73616666666667,-104.8471111111111,29,33
13th-peoria,19,p | warning security camera | all suspicious people and activities are immediately reported to aurora neighborhood watch | p | speed limit 25,39.73616666666667,-104.8471111111111,29,33
13th-peoria,20,all suspicious people and activities are immediately reported to aurora neighborhood watch | p | p | warning security camera | speed limit 25,39.73616666666667,-104.8471111111111,29,33
13th-peoria,21,speed limit 25 | warning security camera | p | p | all suspicious people and activities are immediately reported to aurora neighborhood watch,39.73616666666667,-104.8471111111111,29,33
13th-peoria,22,speed limit 25 | warning security camera | p | p | all suspicious people and activities are immediately reported to aurora neighborhood watch,39.73616666666667,-104.8471111111111,29,33
13th-peoria,23,p | all suspicious people and activities are immediately reported to aurora neighborhood watch | p | speed limit 25 | warning security camera,39.73616666666667,-104.8471111111111,29,33
13th-peoria,24,p | warning security camera | p | all suspicious people and activities are immediately reported to aurora neighborhood watch | speed limit 25,39.73616666666667,-104.8471111111111,29,33
13th-peoria,25,speed limit 25 | p | p | all suspicious people and activities are immediately reported to aurora neighborhood watch | warning security camera,39.73616666666667,-104.8471111111111,29,33
13th-peoria,26,speed limit 25 | warning security camera | p | all suspicious people and activities are immediately reported to aurora neighborhood watch | p,39.73616666666667,-104.8471111111111,29,33
13th-peoria,27,all suspicious people and activities are immediately reported to aurora neighborhood watch | p | speed limit 25 | warning security camera | p,39.73616666666667,-104.8471111111111,29,33
13th-peoria,28,all suspicious people and activities are immediately reported to aurora neighborhood watch | warning security camera | p | p | speed limit 25,39.73616666666667,-104.8471111111111,29,33
13th-peoria,29,warning security camera | p | all suspicious people and activities are immediately reported to aurora neighborhood watch | p | speed limit 25,39.73616666666667,-104.8471111111111,29,33
13th-peoria,30,speed limit 25 | p | p | all suspicious people and activities are immediately reported to aurora neighborhood watch | warning security camera,39.73616666666667,-104.8471111111111,29,33
13th-peoria,31,speed limit 25 | p | warning security camera | p | all suspicious people and activities are immediately reported to aurora neighborhood watch,39.73616666666667,-104.8471111111111,29,33
13th-peoria,32,p | speed limit 25 | all suspicious people and activities are immediately reported to aurora neighborhood watch | p | warning security camera,39.73616666666667,-104.8471111111111,29,33
13th-peoria,33,p | speed limit 25 | p | all suspicious people and activities are immediately reported to aurora neighborhood watch | warning security camera,39.73616666666667,-104.8471111111111,29,33
13th-peoria,34,p | all suspicious people and activities are immediately reported to aurora neighborhood watch | warning security camera | speed limit 25 | p,39.73616666666667,-104.8471111111111,29,33
13th-peoria,35,p | p | warning security camera | speed limit 25 | all suspicious people and activities are immediately reported to aurora neighborhood watch,39.73616666666667,-104.8471111111111,29,33
13th-peoria,36,p | p | warning security camera | speed limit 25 | all suspicious people and activities are immediately reported to aurora neighborhood watch,39.73616666666667,-104.8471111111111,29,33
13th-peoria,37,all suspicious people and activities are immediately reported to aurora neighborhood watch | speed limit 25 | p | warning security camera | p,39.73616666666667,-104.8471111111111,29,33
13th-peoria,38,speed limit 25 | p | p | all suspicious people and activities are immediately reported to aurora neighborhood watch | warning security camera,39.73616666666667,-104.8471111111111,29,33
13th-peoria,39,p | speed limit 25 | all suspicious people and activities are immediately reported to aurora neighborhood watch | warning security camera | p,39.73616666666667,-104.8471111111111,29,33
13th-peoria,40,speed limit 25 | warning security camera | p | all suspicious people and activities are immediately reported to aurora neighborhood watch | p,39.73616666666667,-104.8471111111111,29,33
13th-peoria,41,warning security camera | all suspicious people and activities are immediately reported to aurora neighborhood watch | p | p | speed limit 25,39.73616666666667,-104.8471111111111,29,33
13th-peoria,42,all suspicious people and activities are immediately reported to aurora neighborhood watch | p | warning security camera | speed limit 25 | p,39.73616666666667,-104.8471111111111,29,33
13th-peoria,43,warning security camera | p | p | speed limit 25 | all suspicious people and activities are immediately reported to aurora neighborhood watch,39.73616666666667,-104.8471111111111,29,33
13th-peoria,44,p | p | all suspicious people and activities are immediately reported to aurora neighborhood watch | warning security camera | speed limit 25,39.73616666666667,-104.8471111111111,29,33
13th-peoria,45,all suspicious people and activities are immediately reported to aurora neighborhood watch | p | warning security camera | speed limit 25 | p,39.73616666666667,-104.8471111111111,29,33
13th-peoria,46,speed limit 25 | p | all suspicious people and activities are immediately reported to aurora neighborhood watch | p | warning security camera,39.73616666666667,-104.8471111111111,29,33
13th-peoria,47,warning security camera | speed limit 25 | p | p | all suspicious people and activities are immediately reported to aurora neighborhood watch,39.73616666666667,-104.8471111111111,29,33
13th-peoria,48,p | warning security camera | p | speed limit 25 | all suspicious people and activities are immediately reported to aurora neighborhood watch,39.73616666666667,-104.8471111111111,29,33
13th-peoria,49,p | warning security camera | all suspicious people and activities are immediately reported to aurora neighborhood watch | p | speed limit 25,39.73616666666667,-104.8471111111111,29,33
14th-broadway,0,only | left lane must turn left | one way | one way | one way,39.73847222222223,-104.98744444444438,45,47
14th-broadway,1,one way | one way | one way | only | left lane must turn left,39.73847222222223,-104.98744444444438,45,47
14th-broadway,2,one way | one way | left lane must turn left | only | one way,39.73847222222223,-104.98744444444438,45,47
14th-broadway,3,one way | one way | only | left lane must turn left | one way,39.73847222222223,-104.98744444444438,45,47
14th-broadway,4,one way | one way | left lane must turn left | one way | only,39.73847222222223,-104.98744444444438,45,47
14th-broadway,5,one way | left lane must turn left | one way | only | one way,39.73847222222223,-104.98744444444438,45,47
14th-broadway,6,one way | one way | left lane must turn left | only | one way,39.73847222222223,-104.98744444444438,45,47
14th-broadway,7,one way | only | left lane must turn left | one way | one way,39.73847222222223,-104.98744444444438,45,47
14th-broadway,8,only | one way | one way | one way | left lane must turn left,39.73847222222223,-104.98744444444438,45,47
14th-broadway,9,left lane must turn left | one way | one way | one way | only,39.73847222222223,-104.98744444444438,45,47
14th-broadway,10,left lane must turn left | one way | only | one way | one way,39.73847222222223,-104.98744444444438,45,47
14th-broadway,11,only | one way | one way | one way | left lane must turn left,39.73847222222223,-104.98744444444438,45,47
14th-broadway,12,one way | one way | left lane must turn left | only | one way,39.73847222222223,-104.98744444444438,45,47
14th-broadway,13,one way | one way | left lane must turn left | only | one way,39.73847222222223,-104.98744444444438,45,47
14th-broadway,14,one way | left lane must turn left | one way | one way | only,39.73847222222223,-104.98744444444438,45,47
14th-broadway,15,one way | left lane must turn left | one way | one way | only,39.73847222222223,-104.98744444444438,45,47
14th-broadway,16,one way | one way | one way | left lane must turn left | only,39.73847222222223,-104.98744444444438,45,47
14th-broadway,17,one way | one way | left lane must turn left | one way | only,39.73847222222223,-104.98744444444438,45,47
14th-broadway,18,one way | one way | left lane must turn left | only | one way,39.73847222222223,-104.98744444444438,45,47
14th-broadway,19,one way | left lane must turn left | only | one way | one way,39.73847222222223,-104.98744444444438,45,47
14th-broadway,20,only | left lane must turn left | one way | one way | one way,39.73847222222223,-104.98744444444438,45,47
14th-broadway,21,one way | one way | one way | left lane must turn left | only,39.73847222222223,-104.98744444444438,45,47
14th-broadway,22,one way | left lane must turn left | one way | only | one way,39.73847222222223,-104.98744444444438,45,47
14th-broadway,23,one way | one way | one way | left lane must turn left | only,39.73847222222223,-104.98744444444438,45,47
14th-broadway,24,one way | left lane must turn left | one way | one way | only,39.73847222222223,-104.98744444444438,45,47
14th-broadway,25,only | left lane must turn left | one way | one way | one way,39.73847222222223,-104.98744444444438,45,47
14th-broadway,26,only | one way | left lane must turn left | one way | one way,39.73847222222223,-104.98744444444438,45,47
14th-broadway,27,left lane must turn left | only | one way | one way | one way,39.73847222222223,-104.98744444444438,45,47
14th-broadway,28,left lane must turn left | one way | only | one way | one way,39.73847222222223,-104.98744444444438,45,47
14th-broadway,29,one way | only | one way | one way | left lane must turn left,39.73847222222223,-104.98744444444438,45,47
14th-broadway,30,one way | only | left lane must turn left | one way | one way,39.73847222222223,-104.98744444444438,45,47
14th-broadway,31,one way | left lane must turn left | one way | one way | only,39.73847222222223,-104.98744444444438,45,47
14th-broadway,32,one way | left lane must turn left | one way | only | one way,39.73847222222223,-104.98744444444438,45,47
14th-broadway,33,only | left lane must turn left | one way | one way | one way,39.73847222222223,-104.98744444444438,45,47
14th-broadway,34,one way | one way | only | one way | left lane must turn left,39.73847222222223,-104.98744444444438,45,47
14th-broadway,35,one way | left lane must turn left | one way | only | one way,39.73847222222223,-104.98744444444438,45,47
14th-broadway,36,one way | one way | left lane must turn left | only | one way,39.73847222222223,-104.98744444444438,45,47
14th-broadway,37,only | one way | one way | one way | left lane must turn left,39.73847222222223,-104.98744444444438,45,47
14th-broadway,38,left lane must turn left | one way | only | one way | one way,39.73847222222223,-104.98744444444438,45,47
14th-broadway,39,left lane must turn left | one way | one way | only | one way,39.73847222222223,-104.98744444444438,45,47
14th-broadway,40,left lane must turn left | one way | one way | only | one way,39.73847222222223,-104.98744444444438,45,47
14th-broadway,41,one way | one way | one way | left lane must turn left | only,39.73847222222223,-104.98744444444438,45,47
14th-broadway,42,only | left lane must turn left | one way | one way | one way,39.73847222222223,-104.98744444444438,45,47
14th-broadway,43,left lane must turn left | one way | one way | only | one way,39.73847222222223,-104.98744444444438,45,47
14th-broadway,44,only | one way | one way | one way | left lane must turn left,39.73847222222223,-104.98744444444438,45,47
14th-broadway,45,only | one way | left lane must turn left | one way | one way,39.73847222222223,-104.98744444444438,45,47
14th-broadway,46,one way | left lane must turn left | only | one way | one way,39.73847222222223,-104.98744444444438,45,47
14th-broadway,47,one way | one way | only | left lane must turn left | one way,39.73847222222223,-104.98744444444438,45,47
14th-broadway,48,left lane must turn left | one way | only | one way | one way,39.73847222222223,-104.98744444444438,45,47
14th-broadway,49,one way | left lane must turn left | one way | one way | only,39.73847222222223,-104.98744444444438,45,47
14th-lincoln,0,no more evil | domocoracy for all | no parking | restricted lane | right lane must turn right,39.73847222222222,-104.98613888888886,50,57
14th-lincoln,1,no parking | restricted lane | right lane must turn right | domocoracy for all | no more evil,39.73847222222222,-104.98613888888886,50,57
14th-lincoln,2,right lane must turn right | no parking | no more evil | domocoracy for all | restricted lane,39.73847222222222,-104.98613888888886,50,57
14th-lincoln,3,restricted lane | no parking | no more evil | domocoracy for all | right lane must turn right,39.73847222222222,-104.98613888888886,50,57
14th-lincoln,4,restricted lane | right lane must turn right | no more evil | no parking | domocoracy for all,39.73847222222222,-104.98613888888886,50,57
14th-lincoln,5,no more evil | right lane must turn right | no parking | restricted lane | domocoracy for all,39.73847222222222,-104.98613888888886,50,57
14th-lincoln,6,domocoracy for all | no parking | restricted lane | right lane must turn right | no more evil,39.73847222222222,-104.98613888888886,50,57
14th-lincoln,7,no more evil | right lane must turn right | no parking | domocoracy for all | restricted lane,39.73847222222222,-104.98613888888886,50,57
14th-lincoln,8,no parking | right lane must turn right | restricted lane | no more evil | domocoracy for all,39.73847222222222,-104.98613888888886,50,57
14th-lincoln,9,no more evil | no parking | domocoracy for all | restricted lane | right lane must turn right,39.73847222222222,-104.98613888888886,50,57
14th-lincoln,10,domocoracy for all | right lane must turn right | restricted lane | no more evil | no parking,39.73847222222222,-104.98613888888886,50,57
14th-lincoln,11,right lane must turn right | domocoracy for all | restricted lane | no more evil | no parking,39.73847222222222,-104.98613888888886,50,57
14th-lincoln,12,no parking | domocoracy for all | restricted lane | right lane must turn right | no more evil,39.73847222222222,-104.98613888888886,50,57
14th-lincoln,13,no parking | no more evil | right lane must turn right | domocoracy for all | restricted lane,39.73847222222222,-104.98613888888886,50,57
14th-lincoln,14,right lane must turn right | restricted lane | no more evil | no parking | domocoracy for all,39.73847222222222,-104.98613888888886,50,57
14th-lincoln,15,no parking | restricted lane | no more evil | domocoracy for all | right lane must turn right,39.73847222222222,-104.98613888888886,50,57
14th-lincoln,16,right lane must turn right | restricted lane | no more evil | no parking | domocoracy for all,39.73847222222222,-104.98613888888886,50,57
14th-lincoln,17,no parking | domocoracy for all | restricted lane | right lane must turn right | no more evil,39.73847222222222,-104.98613888888886,50,57
14th-lincoln,18,no more evil | no parking | restricted lane | domocoracy for all | right lane must turn right,39.73847222222222,-104.98613888888886,50,57
14th-lincoln,19,no parking | right lane must turn right | no more evil | domocoracy for all | restricted lane,39.73847222222222,-104.98613888888886,50,57
14th-lincoln,20,no more evil | restricted lane | right lane must turn right | no parking | domocoracy for all,39.73847222222222,-104.98613888888886,50,57
14th-lincoln,21,right lane must turn right | restricted lane | no parking | no more evil | domocoracy for all,39.73847222222222,-104.98613888888886,50,57
14th-lincoln,22,domocoracy for all | right lane must turn right | no more evil | no parking | restricted lane,39.73847222222222,-104.98613888888886,50,57
14th-lincoln,23,no more evil | domocoracy for all | no parking | restricted lane | right lane must turn right,39.73847222222222,-104.98613888888886,50,57
14th-lincoln,24,right lane must turn right | no parking | restricted lane | no more evil | domocoracy for all,39.73847222222222,-104.98613888888886,50,57
14th-lincoln,25,right lane must turn right | restricted lane | no more evil | no parking | domocoracy for all,39.73847222222222,-104.98613888888886,50,57
14th-lincoln,26,restricted lane | domocoracy for all | no more evil | right lane must turn right | no parking,39.73847222222222,-104.98613888888886,50,57
14th-lincoln,27,right lane must turn right | restricted lane | domocoracy for all | no more evil | no parking,39.73847222222222,-104.98613888888886,50,57
14th-lincoln,28,no parking | right lane must turn right | restricted lane | no more evil | domocoracy for all,39.73847222222222,-104.98613888888886,50,57
14th-lincoln,29,domocoracy for all | restricted lane | no parking | no more evil | right lane must turn right,39.73847222222222,-104.98613888888886,50,57
14th-lincoln,30,no more evil | right lane must turn right | restricted lane | domocoracy for all | no parking,39.73847222222222,-104.98613888888886,50,57
14th-lincoln,31,right lane must turn right | restricted lane | no more evil | no parking | domocoracy for all,39.73847222222222,-104.98613888888886,50,57
14th-lincoln,32,right lane must turn right | no parking | restricted lane | domocoracy for all | no more evil,39.73847222222222,-104.98613888888886,50,57
14th-lincoln,33,right lane must turn right | no parking | restricted lane | domocoracy for all | no more evil,39.73847222222222,-104.98613888888886,50,57
14th-lincoln,34,restricted lane | no parking | right lane must turn right | no more evil | domocoracy for all,39.73847222222222,-104.98613888888886,50,57
14th-lincoln,35,right lane must turn right | domocoracy for all | no more evil | no parking | restricted lane,39.73847222222222,-104.98613888888886,50,57
14th-lincoln,36,right lane must turn right | no parking | no more evil | domocoracy for all | restricted lane,39.73847222222222,-104.98613888888886,50,57
14th-lincoln,37,right lane must turn right | no parking | domocoracy for all | restricted lane | no more evil,39.73847222222222,-104.98613888888886,50,57
14th-lincoln,38,no more evil | restricted lane | domocoracy for all | no parking | right lane must turn right,39.73847222222222,-104.98613888888886,50,57
14th-lincoln,39,restricted lane | no parking | no more evil | domocoracy for all | right lane must turn right,39.73847222222222,-104.98613888888886,50,57
14th-lincoln,40,no parking | no more evil | right lane must turn right | domocoracy for all | restricted lane,39.73847222222222,-104.98613888888886,50,57
14th-lincoln,41,restricted lane | no more evil | domocoracy for all | right lane must turn right | no parking,39.73847222222222,-104.98613888888886,50,57
14th-lincoln,42,no parking | domocoracy for all | restricted lane | right lane must turn right | no more evil,39.73847222222222,-104.98613888888886,50,57
14th-lincoln,43,domocoracy for all | restricted lane | no parking | right lane must turn right | no more evil,39.73847222222222,-104.98613888888886,50,57
14th-lincoln,44,no parking | restricted lane | right lane must turn right | no more evil | domocoracy for all,39.73847222222222,-104.98613888888886,50,57
14th-lincoln,45,no parking | restricted lane | domocoracy for all | right lane must turn right | no more evil,39.73847222222222,-104.98613888888886,50,57
14th-lincoln,46,no parking | restricted lane | right lane must turn right | domocoracy for all | no more evil,39.73847222222222,-104.98613888888886,50,57
14th-lincoln,47,restricted lane | no more evil | domocoracy for all | right lane must turn right | no parking,39.73847222222222,-104.98613888888886,50,57
14th-lincoln,48,no more evil | domocoracy for all | no parking | right lane must turn right | restricted lane,39.73847222222222,-104.98613888888886,50,57
14th-lincoln,49,no parking | restricted lane | right lane must turn right | domocoracy for all | no more evil,39.73847222222222,-104.98613888888886,50,57
14th-logan,0,no parking any time | denver logan st | p this side 1st tuesday apr thru nov 8am 5pm tow away zone | one way | loading only 7am6pm sun hol excl,39.73844444444445,-104.98233333333336,79,114
14th-logan,1,one way | no parking any time | p this side 1st tuesday apr thru nov 8am 5pm tow away zone | denver logan st | loading only 7am6pm sun hol excl,39.73844444444445,-104.98233333333336,79,114
14th-logan,2,loading only 7am6pm sun hol excl | denver logan st | one way | p this side 1st tuesday apr thru nov 8am 5pm tow away zone | no parking any time,39.73844444444445,-104.98233333333336,79,114
14th-logan,3,one way | denver logan st | p this side 1st tuesday apr thru nov 8am 5pm tow away zone | no parking any time | loading only 7am6pm sun hol excl,39.73844444444445,-104.98233333333336,79,114
14th-logan,4,loading only 7am6pm sun hol excl | one way | denver logan st | p this side 1st tuesday apr thru nov 8am 5pm tow away zone | no parking any time,39.73844444444445,-104.98233333333336,79,114
14th-logan,5,loading only 7am6pm sun hol excl | no parking any time | denver logan st | p this side 1st tuesday apr thru nov 8am 5pm tow away zone | one way,39.73844444444445,-104.98233333333336,79,114
14th-logan,6,no parking any time | p this side 1st tuesday apr thru nov 8am 5pm tow away zone | denver logan st | loading only 7am6pm sun hol excl | one way,39.73844444444445,-104.98233333333336,79,114
14th-logan,7,loading only 7am6pm sun hol excl | denver logan st | no parking any time | one way | p this side 1st tuesday apr thru nov 8am 5pm tow away zone,39.73844444444445,-104.98233333333336,79,114
14th-logan,8,p this side 1st tuesday apr thru nov 8am 5pm tow away zone | denver logan st | no parking any time | one way | loading only 7am6pm sun hol excl,39.73844444444445,-104.98233333333336,79,114
14th-logan,9,p this side 1st tuesday apr thru nov 8am 5pm tow away zone | denver logan st | loading only 7am6pm sun hol excl | one way | no parking any time,39.73844444444445,-104.98233333333336,79,114
14th-logan,10,denver logan st | loading only 7am6pm sun hol excl | one way | p this side 1st tuesday apr thru nov 8am 5pm tow away zone | no parking any time,39.73844444444445,-104.98233333333336,79,114
14th-logan,11,no parking any time | p this side 1st tuesday apr thru nov 8am 5pm tow away zone | denver logan st | one way | loading only 7am6pm sun hol excl,39.73844444444445,-104.98233333333336,79,114
14th-logan,12,denver logan st | loading only 7am6pm sun hol excl | p this side 1st tuesday apr thru nov 8am 5pm tow away zone | one way | no parking any time,39.73844444444445,-104.98233333333336,79,114
14th-logan,13,loading only 7am6pm sun hol excl | no parking any time | one way | denver logan st | p this side 1st tuesday apr thru nov 8am 5pm tow away zone,39.73844444444445,-104.98233333333336,79,114
14th-logan,14,p this side 1st tuesday apr thru nov 8am 5pm tow away zone | one way | denver logan st | loading only 7am6pm sun hol excl | no parking any time,39.73844444444445,-104.98233333333336,79,114
14th-logan,15,loading only 7am6pm sun hol excl | no parking any time | denver logan st | one way | p this side 1st tuesday apr thru nov 8am 5pm tow away zone,39.73844444444445,-104.98233333333336,79,114
14th-logan,16,denver logan st | one way | p this side 1st tuesday apr thru nov 8am 5pm tow away zone | no parking any time | loading only 7am6pm sun hol excl,39.73844444444445,-104.98233333333336,79,114
14th-logan,17,one way | p this side 1st tuesday apr thru nov 8am 5pm tow away zone | no parking any time | denver logan st | loading only 7am6pm sun hol excl,39.73844444444445,-104.98233333333336,79,114
14th-logan,18,denver logan st | loading only 7am6pm sun hol excl | p this side 1st tuesday apr thru nov 8am 5pm tow away zone | one way | no parking any time,39.73844444444445,-104.98233333333336,79,114
14th-logan,19,loading only 7am6pm sun hol excl | no parking any time | one way | denver logan st | p this side 1st tuesday apr thru nov 8am 5pm tow away zone,39.73844444444445,-104.98233333333336,79,114
14th-logan,20,one way | denver logan st | p this side 1st tuesday apr thru nov 8am 5pm tow away zone | no parking any time | loading only 7am6pm sun hol excl,39.73844444444445,-104.98233333333336,79,114
14th-logan,21,p this side 1st tuesday apr thru nov 8am 5pm tow away zone | no parking any time | denver logan st | one way | loading only 7am6pm sun hol excl,39.73844444444445,-104.98233333333336,79,114
14th-logan,22,denver logan st | no parking any time | one way | loading only 7am6pm sun hol excl | p this side 1st tuesday apr thru nov 8am 5pm tow away zone,39.73844444444445,-104.98233333333336,79,114
14th-logan,23,p this side 1st tuesday apr thru nov 8am 5pm tow away zone | one way | no parking any time | denver logan st | loading only 7am6pm sun hol excl,39.73844444444445,-104.98233333333336,79,114
14th-logan,24,loading only 7am6pm sun hol excl | one way | denver logan st | no parking any time | p this side 1st tuesday apr thru nov 8am 5pm tow away zone,39.73844444444445,-104.98233333333336,79,114
14th-logan,25,one way | loading only 7am6pm sun hol excl | denver logan st | p this side 1st tuesday apr thru nov 8am 5pm tow away zone | no parking any time,39.73844444444445,-104.98233333333336,79,114
14th-logan,26,denver logan st | no parking any time | one way | loading only 7am6pm sun hol excl | p this side 1st tuesday apr thru nov 8am 5pm tow away zone,39.73844444444445,-104.98233333333336,79,114
14th-logan,27,one way | loading only 7am6pm sun hol excl | p this side 1st tuesday apr thru nov 8am 5pm tow away zone | denver logan st | no parking any time,39.73844444444445,-104.98233333333336,79,114
14th-logan,28,loading only 7am6pm sun hol excl | p this side 1st tuesday apr thru nov 8am 5pm tow away zone | denver logan st | one way | no parking any time,39.73844444444445,-104.98233333333336,79,114
14th-logan,29,one way | no parking any time | p this side 1st tuesday apr thru nov 8am 5pm tow away zone | denver logan st | loading only 7am6pm sun hol excl,39.73844444444445,-104.98233333333336,79,114
14th-logan,30,denver logan st | one way | p this side 1st tuesday apr thru nov 8am 5pm tow away zone | no parking any time | loading only 7am6pm sun hol excl,39.73844444444445,-104.98233333333336,79,114
14th-logan,31,loading only 7am6pm sun hol excl | one way | p this side 1st tuesday apr thru nov 8am 5pm tow away zone | denver logan st | no parking any time,39.73844444444445,-104.98233333333336,79,114
14th-logan,32,loading only 7am6pm sun hol excl | one way | denver logan st | no parking any time | p this side 1st tuesday apr thru nov 8am 5pm tow away zone,39.73844444444445,-104.98233333333336,79,114
14th-logan,33,denver logan st | loading only 7am6pm sun hol excl | no parking any time | one way | p this side 1st tuesday apr thru nov 8am 5pm tow away zone,39.73844444444445,-104.98233333333336,79,114
14th-logan,34,denver logan st | one way | no parking any time | p this side 1st tuesday apr thru nov 8am 5pm tow away zone | loading only 7am6pm sun hol excl,39.73844444444445,-104.98233333333336,79,114
14th-logan,35,loading only 7am6pm sun hol excl | denver logan st | one way | p this side 1st tuesday apr thru nov 8am 5pm tow away zone | no parking any time,39.73844444444445,-104.98233333333336,79,114
14th-logan,36,no parking any time | loading only 7am6pm sun hol excl | one way | p this side 1st tuesday apr thru nov 8am 5pm tow away zone | denver logan st,39.73844444444445,-104.98233333333336,79,114
14th-logan,37,p this side 1st tuesday apr thru nov 8am 5pm tow away zone | denver logan st | no parking any time | loading only 7am6pm sun hol excl | one way,39.73844444444445,-104.98233333333336,79,114
14th-logan,38,loading only 7am6pm sun hol excl | denver logan st | p this side 1st tuesday apr thru nov 8am 5pm tow away zone | one way | no parking any time,39.73844444444445,-104.98233333333336,79,114
14th-logan,39,no parking any time | p this side 1st tuesday apr thru nov 8am 5pm tow away zone | loading only 7am6pm sun hol excl | denver logan st | one way,39.73844444444445,-104.98233333333336,79,114
14th-logan,40,one way | denver logan st | loading only 7am6pm sun hol excl | p this side 1st tuesday apr thru nov 8am 5pm tow away zone | no parking any time,39.73844444444445,-104.98233333333336,79,114
14th-logan,41,p this side 1st tuesday apr thru nov 8am 5pm tow away zone | loading only 7am6pm sun hol excl | denver logan st | one way | no parking any time,39.73844444444445,-104.98233333333336,79,114
14th-logan,42,loading only 7am6pm sun hol excl | p this side 1st tuesday apr thru nov 8am 5pm tow away zone | denver logan st | one way | no parking any time,39.73844444444445,-104.98233333333336,79,114
14th-logan,43,loading only 7am6pm sun hol excl | one way | p this side 1st tuesday apr thru nov 8am 5pm tow away zone | denver logan st | no parking any time,39.73844444444445,-104.98233333333336,79,114
14th-logan,44,p this side 1st tuesday apr thru nov 8am 5pm tow away zone | denver logan st | one way | no parking any time | loading only 7am6pm sun hol excl,39.73844444444445,-104.98233333333336,79,114
14th-logan,45,one way | p this side 1st tuesday apr thru nov 8am 5pm tow away zone | no parking any time | loading only 7am6pm sun hol excl | denver logan st,39.73844444444445,-104.98233333333336,79,114
14th-logan,46,denver logan st | loading only 7am6pm sun hol excl | p this side 1st tuesday apr thru nov 8am 5pm tow away zone | no parking any time | one way,39.73844444444445,-104.98233333333336,79,114
14th-logan,47,p this side 1st tuesday apr thru nov 8am 5pm tow away zone | no parking any time | loading only 7am6pm sun hol excl | denver logan st | one way,39.73844444444445,-104.98233333333336,79,114
14th-logan,48,one way | loading only 7am6pm sun hol excl | denver logan st | p this side 1st tuesday apr thru nov 8am 5pm tow away zone | no parking any time,39.73844444444445,-104.98233333333336,79,114
14th-logan,49,no parking any time | p this side 1st tuesday apr thru nov 8am 5pm tow away zone | loading only 7am6pm sun hol excl | denver logan st | one way,39.73844444444445,-104.98233333333336,79,114
15th-larimer,0,right turn only | seafood steaks cocktails | right turn only | no double turns | right turn only,39.74830555555556,-104.9986111111111,15,20
15th-larimer,1,the capital grille | ocean prime | ocean prime | right turn only | right turn only,39.74830555555556,-104.9986111111111,15,20
15th-larimer,2,ariat | right turn only | right turn only | the capital grille | carimer square holiday market,39.74830555555556,-104.9986111111111,15,20
15th-larimer,3,right turn only | shop sip and be merry | right turn only | stetson | right turn only,39.74830555555556,-104.9986111111111,15,20
15th-larimer,4,ariat | no double turns | right turn only | right turn only | no double turns,39.74830555555556,-104.9986111111111,15,20
15th-larimer,5,right turn only | bus | seafood steaks cocktails | carimer square holiday market | right turn only,39.74830555555556,-104.9986111111111,15,20
15th-larimer,6,right turn only | carimer square holiday market | right turn only | no rght turn on red | one way,39.74830555555556,-104.9986111111111,15,20
15th-larimer,7,ariat | right turn only | right turn only | stetson | seafood steaks cocktails,39.74830555555556,-104.9986111111111,15,20
15th-larimer,8,one way | no rght turn on red | right turn only | ocean prime | right turn only,39.74830555555556,-104.9986111111111,15,20
15th-larimer,9,the capital grille | seafood steaks cocktails | sidewalk closed ahead pedestrians cross over | right turn only | right turn only,39.74830555555556,-104.9986111111111,15,20
15th-larimer,10,carimer square holiday market | left turn only | right turn only | the capital grille | right turn only,39.74830555555556,-104.9986111111111,15,20
15th-larimer,11,right turn only | bus | sidewalk closed ahead pedestrians cross over | ariat | right turn only,39.74830555555556,-104.9986111111111,15,20
15th-larimer,12,right turn only | the capital grille | the capital grille | right turn only | ocean prime,39.74830555555556,-104.9986111111111,15,20
15th-larimer,13,right turn only | shop sip and be merry | carimer square holiday market | ocean prime | right turn only,39.74830555555556,-104.9986111111111,15,20
15th-larimer,14,right turn only | shop sip and be merry | right turn only | right turn only | one way,39.74830555555556,-104.9986111111111,15,20
15th-larimer,15,right turn only | ocean prime | right turn only | one way | left turn only,39.74830555555556,-104.9986111111111,15,20
15th-larimer,16,carimer square holiday market | the capital grille | right turn only | right turn only | seafood steaks cocktails,39.74830555555556,-104.9986111111111,15,20
15th-larimer,17,right turn only | sidewalk closed ahead pedestrians cross over | right turn only | seafood steaks cocktails | right turn only,39.74830555555556,-104.9986111111111,15,20
15th-larimer,18,stetson | seafood steaks cocktails | carimer square holiday market | right turn only | right turn only,39.74830555555556,-104.9986111111111,15,20
15th-larimer,19,sidewalk closed ahead pedestrians cross over | bus | seafood steaks cocktails | right turn only | right turn only,39.74830555555556,-104.9986111111111,15,20
15th-larimer,20,right turn only | carimer square holiday market | right turn only | van leeuwen | stetson,39.74830555555556,-104.9986111111111,15,20
15th-larimer,21,ariat | right turn only | right turn only | right turn only | bus,39.74830555555556,-104.9986111111111,15,20
15th-larimer,22,left turn only | shop sip and be merry | right turn only | no rght turn on red | right turn only,39.74830555555556,-104.9986111111111,15,20
15th-larimer,23,stetson | right turn only | right turn only | right turn only | one way,39.74830555555556,-104.9986111111111,15,20
15th-larimer,24,right turn only | right turn only | right turn only | right turn only | no rght turn on red,39.74830555555556,-104.9986111111111,15,20
15th-larimer,25,one way | seafood steaks cocktails | right turn only | right turn only | van leeuwen,39.74830555555556,-104.9986111111111,15,20
15th-larimer,26,right turn only | ocean prime | one way | right turn only | carimer square holiday market,39.74830555555556,-104.9986111111111,15,20
15th-larimer,27,ocean prime | ocean prime | bus | right turn only | right turn only,39.74830555555556,-104.9986111111111,15,20
15th-larimer,28,right turn only | the capital grille | no rght turn on red | right turn only | ariat,39.74830555555556,-104.9986111111111,15,20
15th-larimer,29,right turn only | ocean prime | no double turns | seafood steaks cocktails | right turn only,39.74830555555556,-104.9986111111111,15,20
15th-larimer,30,right turn only | seafood steaks cocktails | right turn only | right turn only | seafood steaks cocktails,39.74830555555556,-104.9986111111111,15,20
15th-larimer,31,bus | shop sip and be merry | ocean prime | right turn only | right turn only,39.74830555555556,-104.9986111111111,15,20
15th-larimer,32,sidewalk closed ahead pedestrians cross over | no double turns | right turn only | right turn only | shop sip and be merry,39.74830555555556,-104.9986111111111,15,20
15th-larimer,33,right turn only | left turn only | right turn only | carimer square holiday market | ariat,39.74830555555556,-104.9986111111111,15,20
15th-larimer,34,right turn only | the capital grille | right turn only | seafood steaks cocktails | van leeuwen,39.74830555555556,-104.9986111111111,15,20
15th-larimer,35,right turn only | one way | right turn only | stetson | left turn only,39.74830555555556,-104.9986111111111,15,20
15th-larimer,36,right turn only | shop sip and be merry | the capital grille | right turn only | ariat,39.74830555555556,-104.9986111111111,15,20
15th-larimer,37,left turn only | ocean prime | right turn only | right turn only | one way,39.74830555555556,-104.9986111111111,15,20
15th-larimer,38,seafood steaks cocktails | shop sip and be merry | ariat | right turn only | right turn only,39.74830555555556,-104.9986111111111,15,20
15th-larimer,39,right turn only | right turn only | one way | stetson | van leeuwen,39.74830555555556,-104.9986111111111,15,20
15th-larimer,40,right turn only | right turn only | ocean prime | carimer square holiday market | the capital grille,39.74830555555556,-104.9986111111111,15,20
15th-larimer,41,left turn only | right turn only | right turn only | no double turns | right turn only,39.74830555555556,-104.9986111111111,15,20
15th-larimer,42,right turn only | right turn only | ocean prime | shop sip and be merry | left turn only,39.74830555555556,-104.9986111111111,15,20
15th-larimer,43,right turn only | the capital grille | seafood steaks cocktails | no double turns | right turn only,39.74830555555556,-104.9986111111111,15,20
15th-larimer,44,no double turns | sidewalk closed ahead pedestrians cross over | right turn only | no rght turn on red | right turn only,39.74830555555556,-104.9986111111111,15,20
15th-larimer,45,right turn only | ocean prime | right turn only | van leeuwen | van leeuwen,39.74830555555556,-104.9986111111111,15,20
15th-larimer,46,bus | the capital grille | right turn only | right turn only | the capital grille,39.74830555555556,-104.9986111111111,15,20
15th-larimer,47,seafood steaks cocktails | right turn only | van leeuwen | van leeuwen | right turn only,39.74830555555556,-104.9986111111111,15,20
15th-larimer,48,right turn only | right turn only | carimer square holiday market | sidewalk closed ahead pedestrians cross over | right turn only,39.74830555555556,-104.9986111111111,15,20
15th-larimer,49,right turn only | right turn only | right turn only | ariat | ariat,39.74830555555556,-104.9986111111111,15,20
16th-arapahoe,0,detour | stop here on red | no parking anytime | road work ahead | one way,39.74783333333333,-104.99566666666666,19,19
16th-arapahoe,1,one way | detour | no parking anytime | road work ahead | stop here on red,39.74783333333333,-104.99566666666666,19,19
16th-arapahoe,2,road work ahead | no parking anytime | detour | one way | stop here on red,39.74783333333333,-104.99566666666666,19,19
16th-arapahoe,3,no parking anytime | road work ahead | one way | detour | stop here on red,39.74783333333333,-104.99566666666666,19,19
16th-arapahoe,4,no parking anytime | road work ahead | stop here on red | detour | one way,39.74783333333333,-104.99566666666666,19,19
16th-arapahoe,5,detour | road work ahead | no parking anytime | one way | stop here on red,39.74783333333333,-104.99566666666666,19,19
16th-arapahoe,6,detour | one way | road work ahead | no parking anytime | stop here on red,39.74783333333333,-104.99566666666666,19,19
16th-arapahoe,7,no parking anytime | detour | stop here on red | one way | road work ahead,39.74783333333333,-104.99566666666666,19,19
16th-arapahoe,8,detour | one way | road work ahead | no parking anytime | stop here on red,39.74783333333333,-104.99566666666666,19,19
16th-arapahoe,9,road work ahead | detour | one way | stop here on red | no parking anytime,39.74783333333333,-104.99566666666666,19,19
16th-arapahoe,10,stop here on red | detour | one way | road work ahead | no parking anytime,39.74783333333333,-104.99566666666666,19,19
16th-arapahoe,11,one way | road work ahead | detour | no parking anytime | stop here on red,39.74783333333333,-104.99566666666666,19,19
16th-arapahoe,12,stop here on red | road work ahead | one way | detour | no parking anytime,39.74783333333333,-104.99566666666666,19,19
16th-arapahoe,13,detour | road work ahead | one way | no parking anytime | stop here on red,39.74783333333333,-104.99566666666666,19,19
16th-arapahoe,14,stop here on red | one way | no parking anytime | road work ahead | detour,39.74783333333333,-104.99566666666666,19,19
16th-arapahoe,15,stop here on red | no parking anytime | one way | detour | road work ahead,39.74783333333333,-104.99566666666666,19,19
16th-arapahoe,16,stop here on red | detour | one way | road work ahead | no parking anytime,39.74783333333333,-104.99566666666666,19,19
16th-arapahoe,17,stop here on red | road work ahead | detour | no parking anytime | one way,39.74783333333333,-104.99566666666666,19,19
16th-arapahoe,18,no parking anytime | one way | detour | stop here on red | road work ahead,39.74783333333333,-104.99566666666666,19,19
16th-arapahoe,19,no parking anytime | detour | stop here on red | one way | road work ahead,39.74783333333333,-104.99566666666666,19,19
16th-arapahoe,20,stop here on red | one way | detour | road work ahead | no parking anytime,39.74783333333333,-104.99566666666666,19,19
16th-arapahoe,21,no parking anytime | stop here on red | detour | one way | road work ahead,39.74783333333333,-104.99566666666666,19,19
16th-arapahoe,22,road work ahead | no parking anytime | one way | stop here on red | detour,39.74783333333333,-104.99566666666666,19,19
16th-arapahoe,23,no parking anytime | one way | road work ahead | stop here on red | detour,39.74783333333333,-104.99566666666666,19,19
16th-arapahoe,24,stop here on red | road work ahead | no parking anytime | detour | one way,39.74783333333333,-104.99566666666666,19,19
16th-arapahoe,25,one way | detour | stop here on red | road work ahead | no parking anytime,39.74783333333333,-104.99566666666666,19,19
16th-arapahoe,26,detour | road work ahead | no parking anytime | stop here on red | one way,39.74783333333333,-104.99566666666666,19,19
16th-arapahoe,27,detour | stop here on red | road work ahead | no parking anytime | one way,39.74783333333333,-104.99566666666666,19,19
16th-arapahoe,28,stop here on red | road work ahead | detour | no parking anytime | one way,39.74783333333333,-104.99566666666666,19,19
16th-arapahoe,29,one way | road work ahead | detour | no parking anytime | stop here on red,39.74783333333333,-104.99566666666666,19,19
16th-arapahoe,30,one way | no parking anytime | detour | road work ahead | stop here on red,39.74783333333333,-104.99566666666666,19,19
16th-arapahoe,31,detour | road work ahead | stop here on red | no parking anytime | one way,39.74783333333333,-104.99566666666666,19,19
16th-arapahoe,32,one way | road work ahead | no parking anytime | detour | stop here on red,39.74783333333333,-104.99566666666666,19,19
16th-arapahoe,33,detour | one way | stop here on red | no parking anytime | road work ahead,39.74783333333333,-104.99566666666666,19,19
16th-arapahoe,34,road work ahead | stop here on red | one way | detour | no parking anytime,39.74783333333333,-104.99566666666666,19,19
16th-arapahoe,35,road work ahead | one way | detour | stop here on red | no parking anytime,39.74783333333333,-104.99566666666666,19,19
16th-arapahoe,36,road work ahead | stop here on red | detour | one way | no parking anytime,39.74783333333333,-104.99566666666666,19,19
16th-arapahoe,37,detour | one way | road work ahead | no parking anytime | stop here on red,39.74783333333333,-104.99566666666666,19,19
16th-arapahoe,38,stop here on red | no parking anytime | one way | detour | road work ahead,39.74783333333333,-104.99566666666666,19,19
16th-arapahoe,39,one way | no parking anytime | stop here on red | detour | road work ahead,39.74783333333333,-104.99566666666666,19,19
16th-arapahoe,40,detour | road work ahead | one way | stop here on red | no parking anytime,39.74783333333333,-104.99566666666666,19,19
16th-arapahoe,41,road work ahead | stop here on red | one way | no parking anytime | detour,39.74783333333333,-104.99566666666666,19,19
16th-arapahoe,42,detour | stop here on red | road work ahead | one way | no parking anytime,39.74783333333333,-104.99566666666666,19,19
16th-arapahoe,43,detour | one way | stop here on red | no parking anytime | road work ahead,39.74783333333333,-104.99566666666666,19,19
16th-arapahoe,44,one way | road work ahead | stop here on red | no parking anytime | detour,39.74783333333333,-104.99566666666666,19,19
16th-arapahoe,45,no parking anytime | detour | road work ahead | stop here on red | one way,39.74783333333333,-104.99566666666666,19,19
16th-arapahoe,46,detour | road work ahead | stop here on red | no parking anytime | one way,39.74783333333333,-104.99566666666666,19,19
16th-arapahoe,47,one way | detour | stop here on red | road work ahead | no parking anytime,39.74783333333333,-104.99566666666666,19,19
16th-arapahoe,48,detour | no parking anytime | stop here on red | road work ahead | one way,39.74783333333333,-104.99566666666666,19,19
16th-arapahoe,49,road work ahead | one way | stop here on red | detour | no parking anytime,39.74783333333333,-104.99566666666666,19,19
16th-blake,0,blake street | blake | 16th street | turning vehicals to | curb lane buses only,39.750555555555565,-104.99916666666668,20,20
16th-blake,1,16th street | curb lane buses only | blake | turning vehicals to | blake street,39.750555555555565,-104.99916666666668,20,20
16th-blake,2,curb lane buses only | turning vehicals to | 16th street | blake | blake street,39.750555555555565,-104.99916666666668,20,20
16th-blake,3,curb lane buses only | 16th street | blake street | blake | turning vehicals to,39.750555555555565,-104.99916666666668,20,20
16th-blake,4,blake | curb lane buses only | blake street | 16th street | turning vehicals to,39.750555555555565,-104.99916666666668,20,20
16th-blake,5,turning vehicals to | 16th street | blake | blake street | curb lane buses only,39.750555555555565,-104.99916666666668,20,20
16th-blake,6,16th street | curb lane buses only | blake | turning vehicals to | blake street,39.750555555555565,-104.99916666666668,20,20
16th-blake,7,curb lane buses only | blake | turning vehicals to | blake street | 16th street,39.750555555555565,-104.99916666666668,20,20
16th-blake,8,blake | curb lane buses only | 16th street | blake street | turning vehicals to,39.750555555555565,-104.99916666666668,20,20
16th-blake,9,blake | curb lane buses only | turning vehicals to | 16th street | blake street,39.750555555555565,-104.99916666666668,20,20
16th-blake,10,curb lane buses only | blake | 16th street | turning vehicals to | blake street,39.750555555555565,-104.99916666666668,20,20
16th-blake,11,blake street | blake | turning vehicals to | curb lane buses only | 16th street,39.750555555555565,-104.99916666666668,20,20
16th-blake,12,blake street | 16th street | curb lane buses only | blake | turning vehicals to,39.750555555555565,-104.99916666666668,20,20
16th-blake,13,blake street | turning vehicals to | blake | curb lane buses only | 16th street,39.750555555555565,-104.99916666666668,20,20
16th-blake,14,blake | blake street | turning vehicals to | 16th street | curb lane buses only,39.750555555555565,-104.99916666666668,20,20
16th-blake,15,curb lane buses only | 16th street | blake street | turning vehicals to | blake,39.750555555555565,-104.99916666666668,20,20
16th-blake,16,16th street | blake | curb lane buses only | turning vehicals to | blake street,39.750555555555565,-104.99916666666668,20,20
16th-blake,17,blake street | 16th street | blake | turning vehicals to | curb lane buses only,39.750555555555565,-104.99916666666668,20,20
16th-blake,18,turning vehicals to | blake street | curb lane buses only | 16th street | blake,39.750555555555565,-104.99916666666668,20,20
16th-blake,19,blake | turning vehicals to | 16th street | blake street | curb lane buses only,39.750555555555565,-104.99916666666668,20,20
16th-blake,20,blake | curb lane buses only | blake street | 16th street | turning vehicals to,39.750555555555565,-104.99916666666668,20,20
16th-blake,21,turning vehicals to | blake | curb lane buses only | blake street | 16th street,39.750555555555565,-104.99916666666668,20,20
16th-blake,22,curb lane buses only | 16th street | blake street | blake | turning vehicals to,39.750555555555565,-104.99916666666668,20,20
16th-blake,23,16th street | curb lane buses only | turning vehicals to | blake street | blake,39.750555555555565,-104.99916666666668,20,20
16th-blake,24,turning vehicals to | blake street | curb lane buses only | blake | 16th street,39.750555555555565,-104.99916666666668,20,20
16th-blake,25,turning vehicals to | curb lane buses only | blake | 16th street | blake street,39.750555555555565,-104.99916666666668,20,20
16th-blake,26,blake | 16th street | blake street | turning vehicals to | curb lane buses only,39.750555555555565,-104.99916666666668,20,20
16th-blake,27,blake | 16th street | blake street | curb lane buses only | turning vehicals to,39.750555555555565,-104.99916666666668,20,20
16th-blake,28,blake street | 16th street | turning vehicals to | curb lane buses only | blake,39.750555555555565,-104.99916666666668,20,20
16th-blake,29,curb lane buses only | turning vehicals to | blake | blake street | 16th street,39.750555555555565,-104.99916666666668,20,20
16th-blake,30,blake | curb lane buses only | blake street | turning vehicals to | 16th street,39.750555555555565,-104.99916666666668,20,20
16th-blake,31,blake | blake street | curb lane buses only | 16th street | turning vehicals to,39.750555555555565,-104.99916666666668,20,20
16th-blake,32,blake street | 16th street | curb lane buses only | blake | turning vehicals to,39.750555555555565,-104.99916666666668,20,20
16th-blake,33,turning vehicals to | curb lane buses only | blake | blake street | 16th street,39.750555555555565,-104.99916666666668,20,20
16th-blake,34,16th street | turning vehicals to | blake | curb lane buses only | blake street,39.750555555555565,-104.99916666666668,20,20
16th-blake,35,curb lane buses only | turning vehicals to | blake | 16th street | blake street,39.750555555555565,-104.99916666666668,20,20
16th-blake,36,curb lane buses only | blake street | turning vehicals to | blake | 16th street,39.750555555555565,-104.99916666666668,20,20
16th-blake,37,turning vehicals to | curb lane buses only | blake | blake street | 16th street,39.750555555555565,-104.99916666666668,20,20
16th-blake,38,turning vehicals to | curb lane buses only | 16th street | blake street | blake,39.750555555555565,-104.99916666666668,20,20
16th-blake,39,blake | blake street | 16th street | turning vehicals to | curb lane buses only,39.750555555555565,-104.99916666666668,20,20
16th-blake,40,blake | 16th street | turning vehicals to | curb lane buses only | blake street,39.750555555555565,-104.99916666666668,20,20
16th-blake,41,blake street | blake | 16th street | curb lane buses only | turning vehicals to,39.750555555555565,-104.99916666666668,20,20
16th-blake,42,curb lane buses only | turning vehicals to | blake street | 16th street | blake,39.750555555555565,-104.99916666666668,20,20
16th-blake,43,blake | curb lane buses only | 16th street | blake street | turning vehicals to,39.750555555555565,-104.99916666666668,20,20
16th-blake,44,16th street | turning vehicals to | blake street | blake | curb lane buses only,39.750555555555565,-104.99916666666668,20,20
16th-blake,45,curb lane buses only | blake | 16th street | blake street | turning vehicals to,39.750555555555565,-104.99916666666668,20,20
16th-blake,46,turning vehicals to | 16th street | blake street | curb lane buses only | blake,39.750555555555565,-104.99916666666668,20,20
16th-blake,47,16th street | blake street | blake | turning vehicals to | curb lane buses only,39.750555555555565,-104.99916666666668,20,20
16th-blake,48,blake street | 16th street | blake | curb lane buses only | turning vehicals to,39.750555555555565,-104.99916666666668,20,20
16th-blake,49,turning vehicals to | blake street | 16th street | curb lane buses only | blake,39.750555555555565,-104.99916666666668,20,20
16th-larimer,0,pedestrians and authorized vehicles only | one way | 16th street mall | do not block sign | 16th street mall,39.74922222222222,-104.99744444444441,20,22
16th-larimer,1,16th street mall | one way | pedestrians and authorized vehicles only | do not block sign | 16th street mall,39.74922222222222,-104.99744444444441,20,22
16th-larimer,2,16th street mall | 16th street mall | pedestrians and authorized vehicles only | one way | do not block sign,39.74922222222222,-104.99744444444441,20,22
16th-larimer,3,16th street mall | pedestrians and authorized vehicles only | 16th street mall | do not block sign | one way,39.74922222222222,-104.99744444444441,20,22
16th-larimer,4,do not block sign | one way | pedestrians and authorized vehicles only | 16th street mall | 16th street mall,39.74922222222222,-104.99744444444441,20,22
16th-larimer,5,pedestrians and authorized vehicles only | 16th street mall | one way | do not block sign | 16th street mall,39.74922222222222,-104.99744444444441,20,22
16th-larimer,6,one way | pedestrians and authorized vehicles only | do not block sign | 16th street mall | 16th street mall,39.74922222222222,-104.99744444444441,20,22
16th-larimer,7,one way | 16th street mall | 16th street mall | pedestrians and authorized vehicles only | do not block sign,39.74922222222222,-104.99744444444441,20,22
16th-larimer,8,do not block sign | 16th street mall | 16th street mall | one way | pedestrians and authorized vehicles only,39.74922222222222,-104.99744444444441,20,22
16th-larimer,9,one way | 16th street mall | 16th street mall | pedestrians and authorized vehicles only | do not block sign,39.74922222222222,-104.99744444444441,20,22
16th-larimer,10,do not block sign | pedestrians and authorized vehicles only | one way | 16th street mall | 16th street mall,39.74922222222222,-104.99744444444441,20,22
16th-larimer,11,one way | 16th street mall | 16th street mall | do not block sign | pedestrians and authorized vehicles only,39.74922222222222,-104.99744444444441,20,22
16th-larimer,12,16th street mall | one way | do not block sign | pedestrians and authorized vehicles only | 16th street mall,39.74922222222222,-104.99744444444441,20,22
16th-larimer,13,do not block sign | one way | pedestrians and authorized vehicles only | 16th street mall | 16th street mall,39.74922222222222,-104.99744444444441,20,22
16th-larimer,14,one way | pedestrians and authorized vehicles only | do not block sign | 16th street mall | 16th street mall,39.74922222222222,-104.99744444444441,20,22
16th-larimer,15,pedestrians and authorized vehicles only | do not block sign | one way | 16th street mall | 16th street mall,39.74922222222222,-104.99744444444441,20,22
16th-larimer,16,one way | pedestrians and authorized vehicles only | 16th street mall | 16th street mall | do not block sign,39.74922222222222,-104.99744444444441,20,22
16th-larimer,17,16th street mall | pedestrians and authorized vehicles only | do not block sign | one way | 16th street mall,39.74922222222222,-104.99744444444441,20,22
16th-larimer,18,pedestrians and authorized vehicles only | 16th street mall | do not block sign | 16th street mall | one way,39.74922222222222,-104.99744444444441,20,22
16th-larimer,19,16th street mall | 16th street mall | one way | do not block sign | pedestrians and authorized vehicles only,39.74922222222222,-104.99744444444441,20,22
16th-larimer,20,16th street mall | pedestrians and authorized vehicles only | do not block sign | one way | 16th street mall,39.74922222222222,-104.99744444444441,20,22
16th-larimer,21,16th street mall | one way | pedestrians and authorized vehicles only | 16th street mall | do not block sign,39.74922222222222,-104.99744444444441,20,22
16th-larimer,22,one way | do not block sign | 16th street mall | pedestrians and authorized vehicles only | 16th street mall,39.74922222222222,-104.99744444444441,20,22
16th-larimer,23,do not block sign | one way | pedestrians and authorized vehicles only | 16th street mall | 16th street mall,39.74922222222222,-104.99744444444441,20,22
16th-larimer,24,16th street mall | pedestrians and authorized vehicles only | do not block sign | one way | 16th street mall,39.74922222222222,-104.99744444444441,20,22
16th-larimer,25,16th street mall | pedestrians and authorized vehicles only | one way | do not block sign | 16th street mall,39.74922222222222,-104.99744444444441,20,22
16th-larimer,26,pedestrians and authorized vehicles only | 16th street mall | 16th street mall | one way | do not block sign,39.74922222222222,-104.99744444444441,20,22
16th-larimer,27,pedestrians and authorized vehicles only | 16th street mall | one way | 16th street mall | do not block sign,39.74922222222222,-104.99744444444441,20,22
16th-larimer,28,one way | pedestrians and authorized vehicles only | 16th street mall | do not block sign | 16th street mall,39.74922222222222,-104.99744444444441,20,22
16th-larimer,29,do not block sign | one way | 16th street mall | 16th street mall | pedestrians and authorized vehicles only,39.74922222222222,-104.99744444444441,20,22
16th-larimer,30,pedestrians and authorized vehicles only | do not block sign | 16th street mall | one way | 16th street mall,39.74922222222222,-104.99744444444441,20,22
16th-larimer,31,16th street mall | do not block sign | one way | pedestrians and authorized vehicles only | 16th street mall,39.74922222222222,-104.99744444444441,20,22
16th-larimer,32,one way | 16th street mall | do not block sign | pedestrians and authorized vehicles only | 16th street mall,39.74922222222222,-104.99744444444441,20,22
16th-larimer,33,pedestrians and authorized vehicles only | do not block sign | one way | 16th street mall | 16th street mall,39.74922222222222,-104.99744444444441,20,22
16th-larimer,34,pedestrians and authorized vehicles only | do not block sign | 16th street mall | 16th street mall | one way,39.74922222222222,-104.99744444444441,20,22
16th-larimer,35,one way | 16th street mall | pedestrians and authorized vehicles only | 16th street mall | do not block sign,39.74922222222222,-104.99744444444441,20,22
16th-larimer,36,do not block sign | 16th street mall | 16th street mall | pedestrians and authorized vehicles only | one way,39.74922222222222,-104.99744444444441,20,22
16th-larimer,37,16th street mall | pedestrians and authorized vehicles only | one way | do not block sign | 16th street mall,39.74922222222222,-104.99744444444441,20,22
16th-larimer,38,16th street mall | do not block sign | one way | pedestrians and authorized vehicles only | 16th street mall,39.74922222222222,-104.99744444444441,20,22
16th-larimer,39,one way | do not block sign | 16th street mall | 16th street mall | pedestrians and authorized vehicles only,39.74922222222222,-104.99744444444441,20,22
16th-larimer,40,16th street mall | do not block sign | 16th street mall | one way | pedestrians and authorized vehicles only,39.74922222222222,-104.99744444444441,20,22
16th-larimer,41,16th street mall | do not block sign | pedestrians and authorized vehicles only | one way | 16th street mall,39.74922222222222,-104.99744444444441,20,22
16th-larimer,42,pedestrians and authorized vehicles only | 16th street mall | do not block sign | one way | 16th street mall,39.74922222222222,-104.99744444444441,20,22
16th-larimer,43,16th street mall | pedestrians and authorized vehicles only | one way | do not block sign | 16th street mall,39.74922222222222,-104.99744444444441,20,22
16th-larimer,44,pedestrians and authorized vehicles only | do not block sign | 16th street mall | one way | 16th street mall,39.74922222222222,-104.99744444444441,20,22
16th-larimer,45,pedestrians and authorized vehicles only | do not block sign | 16th street mall | one way | 16th street mall,39.74922222222222,-104.99744444444441,20,22
16th-larimer,46,one way | 16th street mall | 16th street mall | pedestrians and authorized vehicles only | do not block sign,39.74922222222222,-104.99744444444441,20,22
16th-larimer,47,one way | pedestrians and authorized vehicles only | do not block sign | 16th street mall | 16th street mall,39.74922222222222,-104.99744444444441,20,22
16th-larimer,48,16th street mall | do not block sign | pedestrians and authorized vehicles only | one way | 16th street mall,39.74922222222222,-104.99744444444441,20,22
16th-larimer,49,one way | 16th street mall | pedestrians and authorized vehicles only | do not block sign | 16th street mall,39.74922222222222,-104.99744444444441,20,22
16th-lawrence,0,the westin hotel | lawrence street | one way | public parking | right lane only,39.74852777777778,-104.99658333333332,31,33
16th-lawrence,1,right lane only | public parking | the westin hotel | one way | lawrence street,39.74852777777778,-104.99658333333332,31,33
16th-lawrence,2,one way | right lane only | the westin hotel | lawrence street | public parking,39.74852777777778,-104.99658333333332,31,33
16th-lawrence,3,lawrence street | one way | right lane only | public parking | the westin hotel,39.74852777777778,-104.99658333333332,31,33
16th-lawrence,4,lawrence street | right lane only | one way | public parking | the westin hotel,39.74852777777778,-104.99658333333332,31,33
16th-lawrence,5,public parking | lawrence street | the westin hotel | one way | right lane only,39.74852777777778,-104.99658333333332,31,33
16th-lawrence,6,one way | the westin hotel | right lane only | public parking | lawrence street,39.74852777777778,-104.99658333333332,31,33
16th-lawrence,7,public parking | lawrence street | the westin hotel | one way | right lane only,39.74852777777778,-104.99658333333332,31,33
16th-lawrence,8,public parking | the westin hotel | one way | lawrence street | right lane only,39.74852777777778,-104.99658333333332,31,33
16th-lawrence,9,right lane only | the westin hotel | lawrence street | public parking | one way,39.74852777777778,-104.99658333333332,31,33
16th-lawrence,10,right lane only | lawrence street | the westin hotel | public parking | one way,39.74852777777778,-104.99658333333332,31,33
16th-lawrence,11,one way | the westin hotel | lawrence street | right lane only | public parking,39.74852777777778,-104.99658333333332,31,33
16th-lawrence,12,lawrence street | the westin hotel | right lane only | public parking | one way,39.74852777777778,-104.99658333333332,31,33
16th-lawrence,13,lawrence street | public parking | the westin hotel | one way | right lane only,39.74852777777778,-104.99658333333332,31,33
16th-lawrence,14,right lane only | public parking | the westin hotel | one way | lawrence street,39.74852777777778,-104.99658333333332,31,33
16th-lawrence,15,public parking | right lane only | lawrence street | one way | the westin hotel,39.74852777777778,-104.99658333333332,31,33
16th-lawrence,16,one way | lawrence street | right lane only | the westin hotel | public parking,39.74852777777778,-104.99658333333332,31,33
16th-lawrence,17,right lane only | the westin hotel | public parking | lawrence street | one way,39.74852777777778,-104.99658333333332,31,33
16th-lawrence,18,public parking | the westin hotel | one way | right lane only | lawrence street,39.74852777777778,-104.99658333333332,31,33
16th-lawrence,19,the westin hotel | one way | right lane only | public parking | lawrence street,39.74852777777778,-104.99658333333332,31,33
16th-lawrence,20,right lane only | public parking | one way | lawrence street | the westin hotel,39.74852777777778,-104.99658333333332,31,33
16th-lawrence,21,right lane only | the westin hotel | one way | lawrence street | public parking,39.74852777777778,-104.99658333333332,31,33
16th-lawrence,22,right lane only | public parking | one way | lawrence street | the westin hotel,39.74852777777778,-104.99658333333332,31,33
16th-lawrence,23,lawrence street | one way | the westin hotel | public parking | right lane only,39.74852777777778,-104.99658333333332,31,33
16th-lawrence,24,right lane only | the westin hotel | public parking | one way | lawrence street,39.74852777777778,-104.99658333333332,31,33
16th-lawrence,25,public parking | lawrence street | right lane only | the westin hotel | one way,39.74852777777778,-104.99658333333332,31,33
16th-lawrence,26,one way | public parking | right lane only | the westin hotel | lawrence street,39.74852777777778,-104.99658333333332,31,33
16th-lawrence,27,one way | public parking | the westin hotel | lawrence street | right lane only,39.74852777777778,-104.99658333333332,31,33
16th-lawrence,28,right lane only | the westin hotel | public parking | one way | lawrence street,39.74852777777778,-104.99658333333332,31,33
16th-lawrence,29,the westin hotel | right lane only | one way | public parking | lawrence street,39.74852777777778,-104.99658333333332,31,33
16th-lawrence,30,lawrence street | the westin hotel | one way | right lane only | public parking,39.74852777777778,-104.99658333333332,31,33
16th-lawrence,31,right lane only | public parking | lawrence street | the westin hotel | one way,39.74852777777778,-104.99658333333332,31,33
16th-lawrence,32,lawrence street | the westin hotel | public parking | right lane only | one way,39.74852777777778,-104.99658333333332,31,33
16th-lawrence,33,lawrence street | public parking | right lane only | the westin hotel | one way,39.74852777777778,-104.99658333333332,31,33
16th-lawrence,34,one way | lawrence street | the westin hotel | right lane only | public parking,39.74852777777778,-104.99658333333332,31,33
16th-lawrence,35,public parking | right lane only | one way | the westin hotel | lawrence street,39.74852777777778,-104.99658333333332,31,33
16th-lawrence,36,lawrence street | the westin hotel | right lane only | one way | public parking,39.74852777777778,-104.99658333333332,31,33
16th-lawrence,37,the westin hotel | public parking | one way | right lane only | lawrence street,39.74852777777778,-104.99658333333332,31,33
16th-lawrence,38,right lane only | one way | public parking | lawrence street | the westin hotel,39.74852777777778,-104.99658333333332,31,33
16th-lawrence,39,right lane only | the westin hotel | one way | lawrence street | public parking,39.74852777777778,-104.99658333333332,31,33
16th-lawrence,40,lawrence street | right lane only | public parking | one way | the westin hotel,39.74852777777778,-104.99658333333332,31,33
16th-lawrence,41,the westin hotel | one way | lawrence street | public parking | right lane only,39.74852777777778,-104.99658333333332,31,33
16th-lawrence,42,the westin hotel | one way | public parking | lawrence street | right lane only,39.74852777777778,-104.99658333333332,31,33
16th-lawrence,43,right lane only | public parking | one way | lawrence street | the westin hotel,39.74852777777778,-104.99658333333332,31,33
16th-lawrence,44,public parking | the westin hotel | one way | lawrence street | right lane only,39.74852777777778,-104.99658333333332,31,33
16th-lawrence,45,right lane only | one way | the westin hotel | lawrence street | public parking,39.74852777777778,-104.99658333333332,31,33
16th-lawrence,46,lawrence street | one way | the westin hotel | public parking | right lane only,39.74852777777778,-104.99658333333332,31,33
16th-lawrence,47,lawrence street | one way | the westin hotel | public parking | right lane only,39.74852777777778,-104.99658333333332,31,33
16th-lawrence,48,public parking | right lane only | the westin hotel | one way | lawrence street,39.74852777777778,-104.99658333333332,31,33
16th-lawrence,49,right lane only | public parking | lawrence street | one way | the westin hotel,39.74852777777778,-104.99658333333332,31,33
17th-blake,0,republic parking | do not enter | one way | public parking | early bird,39.75149999999999,-104.99794444444441,20,20
17th-blake,1,one way | do not enter | early bird | republic parking | public parking,39.75149999999999,-104.99794444444441,20,20
17th-blake,2,public parking | early bird | do not enter | one way | republic parking,39.75149999999999,-104.99794444444441,20,20
17th-blake,3,republic parking | do not enter | one way | public parking | early bird,39.75149999999999,-104.99794444444441,20,20
17th-blake,4,do not enter | one way | public parking | early bird | republic parking,39.75149999999999,-104.99794444444441,20,20
17th-blake,5,one way | republic parking | early bird | public parking | do not enter,39.75149999999999,-104.99794444444441,20,20
17th-blake,6,public parking | republic parking | early bird | one way | do not enter,39.75149999999999,-104.99794444444441,20,20
17th-blake,7,republic parking | one way | early bird | do not enter | public parking,39.75149999999999,-104.99794444444441,20,20
17th-blake,8,one way | early bird | republic parking | public parking | do not enter,39.75149999999999,-104.99794444444441,20,20
17th-blake,9,public parking | do not enter | republic parking | one way | early bird,39.75149999999999,-104.99794444444441,20,20
17th-blake,10,do not enter | early bird | public parking | one way | republic parking,39.75149999999999,-104.99794444444441,20,20
17th-blake,11,public parking | do not enter | early bird | one way | republic parking,39.75149999999999,-104.99794444444441,20,20
17th-blake,12,public parking | early bird | do not enter | republic parking | one way,39.75149999999999,-104.99794444444441,20,20
17th-blake,13,one way | early bird | republic parking | do not enter | public parking,39.75149999999999,-104.99794444444441,20,20
17th-blake,14,early bird | one way | republic parking | do not enter | public parking,39.75149999999999,-104.99794444444441,20,20
17th-blake,15,one way | early bird | public parking | do not enter | republic parking,39.75149999999999,-104.99794444444441,20,20
17th-blake,16,public parking | early bird | do not enter | one way | republic parking,39.75149999999999,-104.99794444444441,20,20
17th-blake,17,public parking | do not enter | one way | republic parking | early bird,39.75149999999999,-104.99794444444441,20,20
17th-blake,18,do not enter | one way | public parking | early bird | republic parking,39.75149999999999,-104.99794444444441,20,20
17th-blake,19,republic parking | one way | early bird | public parking | do not enter,39.75149999999999,-104.99794444444441,20,20
17th-blake,20,one way | do not enter | public parking | early bird | republic parking,39.75149999999999,-104.99794444444441,20,20
17th-blake,21,public parking | one way | republic parking | do not enter | early bird,39.75149999999999,-104.99794444444441,20,20
17th-blake,22,do not enter | republic parking | public parking | one way | early bird,39.75149999999999,-104.99794444444441,20,20
17th-blake,23,early bird | republic parking | do not enter | public parking | one way,39.75149999999999,-104.99794444444441,20,20
17th-blake,24,early bird | public parking | republic parking | one way | do not enter,39.75149999999999,-104.99794444444441,20,20
17th-blake,25,do not enter | public parking | one way | early bird | republic parking,39.75149999999999,-104.99794444444441,20,20
17th-blake,26,one way | republic parking | early bird | public parking | do not enter,39.75149999999999,-104.99794444444441,20,20
17th-blake,27,one way | republic parking | public parking | early bird | do not enter,39.75149999999999,-104.99794444444441,20,20
17th-blake,28,republic parking | one way | public parking | do not enter | early bird,39.75149999999999,-104.99794444444441,20,20
17th-blake,29,do not enter | early bird | public parking | one way | republic parking,39.75149999999999,-104.99794444444441,20,20
17th-blake,30,early bird | public parking | republic parking | one way | do not enter,39.75149999999999,-104.99794444444441,20,20
17th-blake,31,early bird | do not enter | republic parking | one way | public parking,39.75149999999999,-104.99794444444441,20,20
17th-blake,32,early bird | public parking | one way | do not enter | republic parking,39.75149999999999,-104.99794444444441,20,20
17th-blake,33,one way | do not enter | public parking | republic parking | early bird,39.75149999999999,-104.99794444444441,20,20
17th-blake,34,republic parking | early bird | public parking | one way | do not enter,39.75149999999999,-104.99794444444441,20,20
17th-blake,35,one way | republic parking | do not enter | early bird | public parking,39.75149999999999,-104.99794444444441,20,20
17th-blake,36,do not enter | one way | early bird | public parking | republic parking,39.75149999999999,-104.99794444444441,20,20
17th-blake,37,one way | republic parking | public parking | do not enter | early bird,39.75149999999999,-104.99794444444441,20,20
17th-blake,38,republic parking | do not enter | public parking | one way | early bird,39.75149999999999,-104.99794444444441,20,20
17th-blake,39,one way | public parking | do not enter | early bird | republic parking,39.75149999999999,-104.99794444444441,20,20
17th-blake,40,one way | early bird | public parking | do not enter | republic parking,39.75149999999999,-104.99794444444441,20,20
17th-blake,41,public parking | do not enter | republic parking | one way | early bird,39.75149999999999,-104.99794444444441,20,20
17th-blake,42,republic parking | early bird | one way | public parking | do not enter,39.75149999999999,-104.99794444444441,20,20
17th-blake,43,early bird | do not enter | republic parking | one way | public parking,39.75149999999999,-104.99794444444441,20,20
17th-blake,44,republic parking | early bird | one way | do not enter | public parking,39.75149999999999,-104.99794444444441,20,20
17th-blake,45,republic parking | early bird | public parking | do not enter | one way,39.75149999999999,-104.99794444444441,20,20
17th-blake,46,one way | republic parking | do not enter | early bird | public parking,39.75149999999999,-104.99794444444441,20,20
17th-blake,47,public parking | do not enter | one way | early bird | republic parking,39.75149999999999,-104.99794444444441,20,20
17th-blake,48,early bird | public parking | one way | republic parking | do not enter,39.75149999999999,-104.99794444444441,20,20
17th-blake,49,republic parking | one way | early bird | public parking | do not enter,39.75149999999999,-104.99794444444441,20,20
18th-glenarm,0,no parking anytime tow away zone | bus only | union station illegible | denver downtown illegible | five points illegible,39.745749999999994,-104.98808333333332,48,65
18th-glenarm,1,bus only | denver downtown illegible | no parking anytime tow away zone | five points illegible | union station illegible,39.745749999999994,-104.98808333333332,48,65
18th-glenarm,2,denver downtown illegible | union station illegible | bus only | no parking anytime tow away zone | five points illegible,39.745749999999994,-104.98808333333332,48,65
18th-glenarm,3,five points illegible | bus only | union station illegible | denver downtown illegible | no parking anytime tow away zone,39.745749999999994,-104.98808333333332,48,65
18th-glenarm,4,union station illegible | bus only | five points illegible | denver downtown illegible | no parking anytime tow away zone,39.745749999999994,-104.98808333333332,48,65
18th-glenarm,5,union station illegible | denver downtown illegible | bus only | no parking anytime tow away zone | five points illegible,39.745749999999994,-104.98808333333332,48,65
18th-glenarm,6,no parking anytime tow away zone | five points illegible | denver downtown illegible | bus only | union station illegible,39.745749999999994,-104.98808333333332,48,65
18th-glenarm,7,union station illegible | five points illegible | bus only | denver downtown illegible | no parking anytime tow away zone,39.745749999999994,-104.98808333333332,48,65
18th-glenarm,8,no parking anytime tow away zone | five points illegible | bus only | denver downtown illegible | union station illegible,39.745749999999994,-104.98808333333332,48,65
18th-glenarm,9,bus only | five points illegible | no parking anytime tow away zone | union station illegible | denver downtown illegible,39.745749999999994,-104.98808333333332,48,65
18th-glenarm,10,bus only | five points illegible | no parking anytime tow away zone | denver downtown illegible | union station illegible,39.745749999999994,-104.98808333333332,48,65
18th-glenarm,11,five points illegible | bus only | union station illegible | no parking anytime tow away zone | denver downtown illegible,39.745749999999994,-104.98808333333332,48,65
18th-glenarm,12,denver downtown illegible | five points illegible | union station illegible | bus only | no parking anytime tow away zone,39.745749999999994,-104.98808333333332,48,65
18th-glenarm,13,five points illegible | no parking anytime tow away zone | bus only | denver downtown illegible | union station illegible,39.745749999999994,-104.98808333333332,48,65
18th-glenarm,14,no parking anytime tow away zone | denver downtown illegible | bus only | five points illegible | union station illegible,39.745749999999994,-104.98808333333332,48,65
18th-glenarm,15,denver downtown illegible | no parking anytime tow away zone | bus only | union station illegible | five points illegible,39.745749999999994,-104.98808333333332,48,65
18th-glenarm,16,denver downtown illegible | five points illegible | no parking anytime tow away zone | bus only | union station illegible,39.745749999999994,-104.98808333333332,48,65
18th-glenarm,17,no parking anytime tow away zone | bus only | denver downtown illegible | five points illegible | union station illegible,39.745749999999994,-104.98808333333332,48,65
18th-glenarm,18,bus only | denver downtown illegible | five points illegible | union station illegible | no parking anytime tow away zone,39.745749999999994,-104.98808333333332,48,65
18th-glenarm,19,denver downtown illegible | bus only | union station illegible | no parking anytime tow away zone | five points illegible,39.745749999999994,-104.98808333333332,48,65
18th-glenarm,20,denver downtown illegible | bus only | union station illegible | no parking anytime tow away zone | five points illegible,39.745749999999994,-104.98808333333332,48,65
18th-glenarm,21,bus only | no parking anytime tow away zone | five points illegible | union station illegible | denver downtown illegible,39.745749999999994,-104.98808333333332,48,65
18th-glenarm,22,no parking anytime tow away zone | union station illegible | five points illegible | bus only | denver downtown illegible,39.745749999999994,-104.98808333333332,48,65
18th-glenarm,23,no parking anytime tow away zone | five points illegible | bus only | union station illegible | denver downtown illegible,39.745749999999994,-104.98808333333332,48,65
18th-glenarm,24,five points illegible | union station illegible | no parking anytime tow away zone | denver downtown illegible | bus only,39.745749999999994,-104.98808333333332,48,65
18th-glenarm,25,denver downtown illegible | five points illegible | bus only | union station illegible | no parking anytime tow away zone,39.745749999999994,-104.98808333333332,48,65
18th-glenarm,26,denver downtown illegible | five points illegible | no parking anytime tow away zone | bus only | union station illegible,39.745749999999994,-104.98808333333332,48,65
18th-glenarm,27,five points illegible | denver downtown illegible | bus only | union station illegible | no parking anytime tow away zone,39.745749999999994,-104.98808333333332,48,65
18th-glenarm,28,bus only | denver downtown illegible | five points illegible | no parking anytime tow away zone | union station illegible,39.745749999999994,-104.98808333333332,48,65
18th-glenarm,29,union station illegible | bus only | five points illegible | denver downtown illegible | no parking anytime tow away zone,39.745749999999994,-104.98808333333332,48,65
18th-glenarm,30,union station illegible | bus only | denver downtown illegible | no parking anytime tow away zone | five points illegible,39.745749999999994,-104.98808333333332,48,65
18th-glenarm,31,no parking anytime tow away zone | denver downtown illegible | union station illegible | five points illegible | bus only,39.745749999999994,-104.98808333333332,48,65
18th-glenarm,32,bus only | union station illegible | five points illegible | denver downtown illegible | no parking anytime tow away zone,39.745749999999994,-104.98808333333332,48,65
18th-glenarm,33,union station illegible | bus only | five points illegible | no parking anytime tow away zone | denver downtown illegible,39.745749999999994,-104.98808333333332,48,65
18th-glenarm,34,five points illegible | denver downtown illegible | no parking anytime tow away zone | bus only | union station illegible,39.745749999999994,-104.98808333333332,48,65
18th-glenarm,35,no parking anytime tow away zone | bus only | union station illegible | denver downtown illegible | five points illegible,39.745749999999994,-104.98808333333332,48,65
18th-glenarm,36,no parking anytime tow away zone | union station illegible | denver downtown illegible | five points illegible | bus only,39.745749999999994,-104.98808333333332,48,65
18th-glenarm,37,five points illegible | denver downtown illegible | bus only | no parking anytime tow away zone | union station illegible,39.745749999999994,-104.98808333333332,48,65
18th-glenarm,38,union station illegible | five points illegible | no parking anytime tow away zone | denver downtown illegible | bus only,39.745749999999994,-104.98808333333332,48,65
18th-glenarm,39,denver downtown illegible | union station illegible | five points illegible | bus only | no parking anytime tow away zone,39.745749999999994,-104.98808333333332,48,65
18th-glenarm,40,denver downtown illegible | union station illegible | bus only | five points illegible | no parking anytime tow away zone,39.745749999999994,-104.98808333333332,48,65
18th-glenarm,41,union station illegible | denver downtown illegible | no parking anytime tow away zone | five points illegible | bus only,39.745749999999994,-104.98808333333332,48,65
18th-glenarm,42,no parking anytime tow away zone | five points illegible | denver downtown illegible | union station illegible | bus only,39.745749999999994,-104.98808333333332,48,65
18th-glenarm,43,no parking anytime tow away zone | union station illegible | denver downtown illegible | bus only | five points illegible,39.745749999999994,-104.98808333333332,48,65
18th-glenarm,44,no parking anytime tow away zone | union station illegible | five points illegible | denver downtown illegible | bus only,39.745749999999994,-104.98808333333332,48,65
18th-glenarm,45,no parking anytime tow away zone | union station illegible | denver downtown illegible | bus only | five points illegible,39.745749999999994,-104.98808333333332,48,65
18th-glenarm,46,five points illegible | bus only | union station illegible | no parking anytime tow away zone | denver downtown illegible,39.745749999999994,-104.98808333333332,48,65
18th-glenarm,47,five points illegible | bus only | union station illegible | no parking anytime tow away zone | denver downtown illegible,39.745749999999994,-104.98808333333332,48,65
18th-glenarm,48,five points illegible | union station illegible | bus only | denver downtown illegible | no parking anytime tow away zone,39.745749999999994,-104.98808333333332,48,65
18th-glenarm,49,union station illegible | no parking anytime tow away zone | five points illegible | bus only | denver downtown illegible,39.745749999999994,-104.98808333333332,48,65
19th-california,0,no parking anytime tow away zone | clearance 66 clearance 66 | 19th street 1900 | street sweeping this side 2am 6am tuesday and thursday tow away zone | after hours use stout street entrance,39.747972222222224,-104.98858333333334,30,41
19th-california,1,united states bankrupcy court | 19th street 1900 | no parking anytime tow away zone | westword | street sweeping this side 2am 6am tuesday and thursday tow away zone,39.747972222222224,-104.98858333333334,30,41
19th-california,2,no parking anytime tow away zone | parking open 24 hours | right lane must turn right | street sweeping this side 2am 6am tuesday and thursday tow away zone | street sweeping this side 2am 6am tuesday and thursday tow away zone,39.747972222222224,-104.98858333333334,30,41
19th-california,3,street sweeping this side 2am 6am tuesday and thursday tow away zone | one way | no parking anytime tow away zone | exit only do not enter | street sweeping illegible tow away zone,39.747972222222224,-104.98858333333334,30,41
19th-california,4,no parking anytime tow away zone | street sweeping this side 2am 6am tuesday and thursday tow away zone | only busses excepted | one way | street sweeping this side 2am 6am tuesday and thursday tow away zone,39.747972222222224,-104.98858333333334,30,41
19th-california,5,no parking anytime tow away zone | plaza parking | no parking anytime tow away zone | no parking anytime tow away zone | street sweeping this side 2am 6am tuesday and thursday tow away zone,39.747972222222224,-104.98858333333334,30,41
19th-california,6,street sweeping illegible tow away zone | exit only exit only | street sweeping this side 2am 6am tuesday and thursday tow away zone | no parking anytime tow away zone | want to be catholic tuesdays 630pm,39.747972222222224,-104.98858333333334,30,41
19th-california,7,entrance temporarily closed | no parking anytime tow away zone | exit only do not enter | no parking anytime tow away zone | street sweeping this side 2am 6am tuesday and thursday tow away zone,39.747972222222224,-104.98858333333334,30,41
19th-california,8,parking open 24 hours | right lane must turn right | no parking anytime tow away zone | entrance clearance 66 | street sweeping this side 2am 6am tuesday and thursday tow away zone,39.747972222222224,-104.98858333333334,30,41
19th-california,9,street sweeping this side 2am 6am tuesday and thursday tow away zone | street sweeping illegible tow away zone | entrance temporarily closed | no parking anytime tow away zone | no parking anytime tow away zone,39.747972222222224,-104.98858333333334,30,41
19th-california,10,street sweeping this side 2am 6am tuesday and thursday tow away zone | the ride | exit only exit only | no parking anytime tow away zone | entrance clearance 610,39.747972222222224,-104.98858333333334,30,41
19th-california,11,no parking anytime tow away zone | 2 hour limit | clearance 66 clearance 66 | no parking anytime tow away zone | street sweeping this side 2am 6am tuesday and thursday tow away zone,39.747972222222224,-104.98858333333334,30,41
19th-california,12,no parking anytime tow away zone | street sweeping this side 2am 6am tuesday and thursday tow away zone | westword | united states bankrupcy court | no turn on red,39.747972222222224,-104.98858333333334,30,41
19th-california,13,no parking anytime tow away zone | 1700 illegible | street sweeping this side 2am 6am tuesday and thursday tow away zone | no parking anytime tow away zone | 19th street 1900,39.747972222222224,-104.98858333333334,30,41
19th-california,14,entrance clearance 66 | street sweeping this side 2am 6am tuesday and thursday tow away zone | street sweeping illegible tow away zone | no parking anytime tow away zone | only,39.747972222222224,-104.98858333333334,30,41
19th-california,15,no parking anytime tow away zone | train only do not enter | street sweeping this side 2am 6am tuesday and thursday tow away zone | after hours use stout street entrance | no parking anytime tow away zone,39.747972222222224,-104.98858333333334,30,41
19th-california,16,street sweeping this side 2am 6am tuesday and thursday tow away zone | no parking anytime tow away zone | only | one way | the ride,39.747972222222224,-104.98858333333334,30,41
19th-california,17,no rear attachments allowed in garage includes bike tire and ski parker is responsible for any damage to property | no parking anytime tow away zone | no parking anytime tow away zone | no parking anytime tow away zone | street sweeping this side 2am 6am tuesday and thursday tow away zone,39.747972222222224,-104.98858333333334,30,41
19th-california,18,no parking anytime tow away zone | 44 wheat ridge rtd the ride | clearance 66 clearance 66 | no parking anytime tow away zone | street sweeping this side 2am 6am tuesday and thursday tow away zone,39.747972222222224,-104.98858333333334,30,41
19th-california,19,19th street 1900 | no parking anytime tow away zone | train only do not enter | parking open 24 hours | street sweeping this side 2am 6am tuesday and thursday tow away zone,39.747972222222224,-104.98858333333334,30,41
19th-california,20,2 hour limit | no parking anytime tow away zone | street sweeping this side 2am 6am tuesday and thursday tow away zone | new to the zoo gorilla trek vr experience | street sweeping this side 2am 6am tuesday and thursday tow away zone,39.747972222222224,-104.98858333333334,30,41
19th-california,21,no parking anytime tow away zone | 2 hour limit | street sweeping this side 2am 6am tuesday and thursday tow away zone | no rear attachments allowed in garage includes bike tire and ski parker is responsible for any damage to property | want to be catholic tuesdays 630pm,39.747972222222224,-104.98858333333334,30,41
19th-california,22,no parking anytime tow away zone | california st 700 | street sweeping this side 2am 6am tuesday and thursday tow away zone | want to be catholic tuesdays 630pm | plaza parking,39.747972222222224,-104.98858333333334,30,41
19th-california,23,speed limit 25 | one way | exit only exit only | street sweeping this side 2am 6am tuesday and thursday tow away zone | no parking anytime tow away zone,39.747972222222224,-104.98858333333334,30,41
19th-california,24,united states bankrupcy court | new to the zoo gorilla trek vr experience | street sweeping this side 2am 6am tuesday and thursday tow away zone | no parking anytime tow away zone | speed limit 25,39.747972222222224,-104.98858333333334,30,41
19th-california,25,street sweeping this side 2am 6am tuesday and thursday tow away zone | plaza parking | no parking anytime tow away zone | only | 2 hour limit,39.747972222222224,-104.98858333333334,30,41
19th-california,26,street sweeping this side 2am 6am tuesday and thursday tow away zone | exit only exit only | plaza parking | only | no parking anytime tow away zone,39.747972222222224,-104.98858333333334,30,41
19th-california,27,2 hour limit | california st 700 | entrance temporarily closed | no parking anytime tow away zone | street sweeping this side 2am 6am tuesday and thursday tow away zone,39.747972222222224,-104.98858333333334,30,41
19th-california,28,street sweeping this side 2am 6am tuesday and thursday tow away zone | no turn on red | after hours use stout street entrance | after hours use stout street entrance | no parking anytime tow away zone,39.747972222222224,-104.98858333333334,30,41
19th-california,29,only | no parking anytime tow away zone | right lane must turn right | 2 hour limit | street sweeping this side 2am 6am tuesday and thursday tow away zone,39.747972222222224,-104.98858333333334,30,41
19th-california,30,westword | no parking anytime tow away zone | street sweeping this side 2am 6am tuesday and thursday tow away zone | entrance clearance 66 | 44 wheat ridge rtd the ride,39.747972222222224,-104.98858333333334,30,41
19th-california,31,no parking anytime tow away zone | no parking anytime tow away zone | want to be catholic tuesdays 630pm | exit only exit only | street sweeping this side 2am 6am tuesday and thursday tow away zone,39.747972222222224,-104.98858333333334,30,41
19th-california,32,entrance clearance 66 | street sweeping this side 2am 6am tuesday and thursday tow away zone | no parking anytime tow away zone | entrance clearance 66 | united states bankrupcy court,39.747972222222224,-104.98858333333334,30,41
19th-california,33,no parking anytime tow away zone | street sweeping this side 2am 6am tuesday and thursday tow away zone | only busses excepted | street sweeping this side 2am 6am tuesday and thursday tow away zone | no parking anytime tow away zone,39.747972222222224,-104.98858333333334,30,41
19th-california,34,no parking anytime tow away zone | entrance clearance 610 | only busses excepted | street sweeping this side 2am 6am tuesday and thursday tow away zone | 2 hour limit,39.747972222222224,-104.98858333333334,30,41
19th-california,35,no parking anytime tow away zone | street sweeping this side 2am 6am tuesday and thursday tow away zone | exit only do not enter | plaza parking | no parking anytime tow away zone,39.747972222222224,-104.98858333333334,30,41
19th-california,36,no parking anytime tow away zone | no turn on red | no rear attachments allowed in garage includes bike tire and ski parker is responsible for any damage to property | street sweeping this side 2am 6am tuesday and thursday tow away zone | 2 hour limit,39.747972222222224,-104.98858333333334,30,41
19th-california,37,no parking anytime tow away zone | entrance clearance 610 | 2 hour limit | 19th street 1900 | street sweeping this side 2am 6am tuesday and thursday tow away zone,39.747972222222224,-104.98858333333334,30,41
19th-california,38,after hours use stout street entrance | no parking anytime tow away zone | street sweeping this side 2am 6am tuesday and thursday tow away zone | 2 hour limit | 1700 illegible,39.747972222222224,-104.98858333333334,30,41
19th-california,39,no parking anytime tow away zone | right lane must turn right | street sweeping this side 2am 6am tuesday and thursday tow away zone | westword | entrance clearance 66,39.747972222222224,-104.98858333333334,30,41
19th-california,40,exit only do not enter | street sweeping this side 2am 6am tuesday and thursday tow away zone | parking open 24 hours | no parking anytime tow away zone | 19th street 1900,39.747972222222224,-104.98858333333334,30,41
19th-california,41,street sweeping this side 2am 6am tuesday and thursday tow away zone | no parking anytime tow away zone | no parking anytime tow away zone | 44 wheat ridge rtd the ride | parking open 24 hours,39.747972222222224,-104.98858333333334,30,41
19th-california,42,street sweeping this side 2am 6am tuesday and thursday tow away zone | street sweeping this side 2am 6am tuesday and thursday tow away zone | only busses excepted | speed limit 25 | no parking anytime tow away zone,39.747972222222224,-104.98858333333334,30,41
19th-california,43,street sweeping this side 2am 6am tuesday and thursday tow away zone | no parking anytime tow away zone | clearance 66 clearance 66 | no turn on red | entrance clearance 66,39.747972222222224,-104.98858333333334,30,41
19th-california,44,no parking anytime tow away zone | parking open 24 hours | street sweeping this side 2am 6am tuesday and thursday tow away zone | united states bankrupcy court | only,39.747972222222224,-104.98858333333334,30,41
19th-california,45,2 hour limit | no parking anytime tow away zone | 1700 illegible | street sweeping this side 2am 6am tuesday and thursday tow away zone | 1700 illegible,39.747972222222224,-104.98858333333334,30,41
19th-california,46,plaza parking | no parking anytime tow away zone | only | street sweeping this side 2am 6am tuesday and thursday tow away zone | plaza parking,39.747972222222224,-104.98858333333334,30,41
19th-california,47,no parking anytime tow away zone | 2 hour limit | entrance clearance 66 | street sweeping this side 2am 6am tuesday and thursday tow away zone | no parking anytime tow away zone,39.747972222222224,-104.98858333333334,30,41
19th-california,48,street sweeping this side 2am 6am tuesday and thursday tow away zone | street sweeping this side 2am 6am tuesday and thursday tow away zone | 2 hour limit | westword | no parking anytime tow away zone,39.747972222222224,-104.98858333333334,30,41
19th-california,49,no parking anytime tow away zone | want to be catholic tuesdays 630pm | street sweeping this side 2am 6am tuesday and thursday tow away zone | no parking anytime tow away zone | exit only do not enter,39.747972222222224,-104.98858333333334,30,41
1st-cook,0,yield here to cross state law within crosswalk | 1st ave | free valet parking | stop | cook st,39.71780555555555,-104.94741666666668,20,20
1st-cook,1,stop | yield here to cross state law within crosswalk | cook st | free valet parking | 1st ave,39.71780555555555,-104.94741666666668,20,20
1st-cook,2,free valet parking | yield here to cross state law within crosswalk | stop | cook st | 1st ave,39.71780555555555,-104.94741666666668,20,20
1st-cook,3,1st ave | cook st | stop | free valet parking | yield here to cross state law within crosswalk,39.71780555555555,-104.94741666666668,20,20
1st-cook,4,1st ave | yield here to cross state law within crosswalk | stop | free valet parking | cook st,39.71780555555555,-104.94741666666668,20,20
1st-cook,5,yield here to cross state law within crosswalk | stop | cook st | 1st ave | free valet parking,39.71780555555555,-104.94741666666668,20,20
1st-cook,6,1st ave | yield here to cross state law within crosswalk | stop | free valet parking | cook st,39.71780555555555,-104.94741666666668,20,20
1st-cook,7,yield here to cross state law within crosswalk | 1st ave | free valet parking | stop | cook st,39.71780555555555,-104.94741666666668,20,20
1st-cook,8,1st ave | yield here to cross state law within crosswalk | cook st | stop | free valet parking,39.71780555555555,-104.94741666666668,20,20
1st-cook,9,free valet parking | stop | cook st | 1st ave | yield here to cross state law within crosswalk,39.71780555555555,-104.94741666666668,20,20
1st-cook,10,cook st | 1st ave | yield here to cross state law within crosswalk | free valet parking | stop,39.71780555555555,-104.94741666666668,20,20
1st-cook,11,cook st | free valet parking | yield here to cross state law within crosswalk | 1st ave | stop,39.71780555555555,-104.94741666666668,20,20
1st-cook,12,yield here to cross state law within crosswalk | free valet parking | 1st ave | cook st | stop,39.71780555555555,-104.94741666666668,20,20
1st-cook,13,1st ave | yield here to cross state law within crosswalk | free valet parking | stop | cook st,39.71780555555555,-104.94741666666668,20,20
1st-cook,14,stop | cook st | yield here to cross state law within crosswalk | 1st ave | free valet parking,39.71780555555555,-104.94741666666668,20,20
1st-cook,15,yield here to cross state law within crosswalk | cook st | stop | 1st ave | free valet parking,39.71780555555555,-104.94741666666668,20,20
1st-cook,16,free valet parking | stop | yield here to cross state law within crosswalk | 1st ave | cook st,39.71780555555555,-104.94741666666668,20,20
1st-cook,17,free valet parking | cook st | yield here to cross state law within crosswalk | stop | 1st ave,39.71780555555555,-104.94741666666668,20,20
1st-cook,18,stop | free valet parking | 1st ave | cook st | yield here to cross state law within crosswalk,39.71780555555555,-104.94741666666668,20,20
1st-cook,19,cook st | yield here to cross state law within crosswalk | free valet parking | stop | 1st ave,39.71780555555555,-104.94741666666668,20,20
1st-cook,20,yield here to cross state law within crosswalk | stop | cook st | free valet parking | 1st ave,39.71780555555555,-104.94741666666668,20,20
1st-cook,21,stop | cook st | yield here to cross state law within crosswalk | 1st ave | free valet parking,39.71780555555555,-104.94741666666668,20,20
1st-cook,22,1st ave | cook st | stop | yield here to cross state law within crosswalk | free valet parking,39.71780555555555,-104.94741666666668,20,20
1st-cook,23,stop | cook st | free valet parking | 1st ave | yield here to cross state law within crosswalk,39.71780555555555,-104.94741666666668,20,20
1st-cook,24,1st ave | stop | free valet parking | cook st | yield here to cross state law within crosswalk,39.71780555555555,-104.94741666666668,20,20
1st-cook,25,1st ave | cook st | yield here to cross state law within crosswalk | stop | free valet parking,39.71780555555555,-104.94741666666668,20,20
1st-cook,26,yield here to cross state law within crosswalk | cook st | stop | free valet parking | 1st ave,39.71780555555555,-104.94741666666668,20,20
1st-cook,27,1st ave | yield here to cross state law within crosswalk | free valet parking | stop | cook st,39.71780555555555,-104.94741666666668,20,20
1st-cook,28,stop | 1st ave | yield here to cross state law within crosswalk | cook st | free valet parking,39.71780555555555,-104.94741666666668,20,20
1st-cook,29,1st ave | stop | free valet parking | cook st | yield here to cross state law within crosswalk,39.71780555555555,-104.94741666666668,20,20
1st-cook,30,free valet parking | stop | cook st | 1st ave | yield here to cross state law within crosswalk,39.71780555555555,-104.94741666666668,20,20
1st-cook,31,free valet parking | yield here to cross state law within crosswalk | cook st | 1st ave | stop,39.71780555555555,-104.94741666666668,20,20
1st-cook,32,free valet parking | stop | 1st ave | yield here to cross state law within crosswalk | cook st,39.71780555555555,-104.94741666666668,20,20
1st-cook,33,1st ave | stop | yield here to cross state law within crosswalk | free valet parking | cook st,39.71780555555555,-104.94741666666668,20,20
1st-cook,34,1st ave | stop | free valet parking | yield here to cross state law within crosswalk | cook st,39.71780555555555,-104.94741666666668,20,20
1st-cook,35,cook st | stop | free valet parking | yield here to cross state law within crosswalk | 1st ave,39.71780555555555,-104.94741666666668,20,20
1st-cook,36,stop | cook st | 1st ave | free valet parking | yield here to cross state law within crosswalk,39.71780555555555,-104.94741666666668,20,20
1st-cook,37,cook st | free valet parking | yield here to cross state law within crosswalk | 1st ave | stop,39.71780555555555,-104.94741666666668,20,20
1st-cook,38,cook st | 1st ave | free valet parking | stop | yield here to cross state law within crosswalk,39.71780555555555,-104.94741666666668,20,20
1st-cook,39,free valet parking | cook st | stop | 1st ave | yield here to cross state law within crosswalk,39.71780555555555,-104.94741666666668,20,20
1st-cook,40,free valet parking | yield here to cross state law within crosswalk | cook st | stop | 1st ave,39.71780555555555,-104.94741666666668,20,20
1st-cook,41,stop | yield here to cross state law within crosswalk | cook st | 1st ave | free valet parking,39.71780555555555,-104.94741666666668,20,20
1st-cook,42,cook st | 1st ave | free valet parking | stop | yield here to cross state law within crosswalk,39.71780555555555,-104.94741666666668,20,20
1st-cook,43,yield here to cross state law within crosswalk | free valet parking | 1st ave | stop | cook st,39.71780555555555,-104.94741666666668,20,20
1st-cook,44,1st ave | stop | yield here to cross state law within crosswalk | cook st | free valet parking,39.71780555555555,-104.94741666666668,20,20
1st-cook,45,yield here to cross state law within crosswalk | free valet parking | cook st | 1st ave | stop,39.71780555555555,-104.94741666666668,20,20
1st-cook,46,stop | cook st | free valet parking | 1st ave | yield here to cross state law within crosswalk,39.71780555555555,-104.94741666666668,20,20
1st-cook,47,stop | 1st ave | cook st | free valet parking | yield here to cross state law within crosswalk,39.71780555555555,-104.94741666666668,20,20
1st-cook,48,1st ave | yield here to cross state law within crosswalk | free valet parking | cook st | stop,39.71780555555555,-104.94741666666668,20,20
1st-cook,49,cook st | 1st ave | yield here to cross state law within crosswalk | free valet parking | stop,39.71780555555555,-104.94741666666668,20,20
20th-blake,0,coors field | road work ahead | gate b ballpark museum | public parking parkwell | one way,39.75436111111111,-104.99424999999998,42,48
20th-blake,1,gate b ballpark museum | denver bikeway highlands nbhd 08 central bd 03 union station 04 | voodoo ranger ipa party like its 1985 | 70 colorado beers on tap | cr cr,39.75436111111111,-104.99424999999998,42,48
20th-blake,2,focus parking | no parking anytime tow away zone | home plate | one way | blake st 1500,39.75436111111111,-104.99424999999998,42,48
20th-blake,3,cr cr | blu river for sale | notice please do not place encumbrances in the public right of way the city will remove all items encumbering the public space in this area | notice please do not place encumbrances in the public right of way the city will remove all items encumbering the public space in this area | coors field,39.75436111111111,-104.99424999999998,42,48
20th-blake,4,pay here payment instructions | road work ahead | pay here payment instructions | p | focus parking,39.75436111111111,-104.99424999999998,42,48
20th-blake,5,cr cr | beta billboard rolling stone usa today | win a 2000 scholarship colorado mesa university coloradomesaeducoke coca cola | voodoo ranger ipa party like its 1985 | denver bikeway highlands nbhd 08 central bd 03 union station 04,39.75436111111111,-104.99424999999998,42,48
20th-blake,6,i25 e express lanes | westword westword | the player | p | one way,39.75436111111111,-104.99424999999998,42,48
20th-blake,7,focus parking | 20 flate rate after 4pm | 70 colorado beers on tap | national ballpark museum | painting with a twist,39.75436111111111,-104.99424999999998,42,48
20th-blake,8,1948 blake | blake st 1500 | coors field | pay here payment instructions | pay here payment instructions,39.75436111111111,-104.99424999999998,42,48
20th-blake,9,pay here payment instructions | pay here payment instructions | painting with a twist | budweiser | home plate,39.75436111111111,-104.99424999999998,42,48
20th-blake,10,denver bikeway to lower downtown | one way | open | chfa | cr cr,39.75436111111111,-104.99424999999998,42,48
20th-blake,11,blake st 20th st i25 hov 3 | no free parking | bicycle parking only all times | reserved parking 4 hour limit all other times | chfa,39.75436111111111,-104.99424999999998,42,48
20th-blake,12,20 flate rate after 4pm | cr cr | voodoo ranger ipa party like its 1985 | painting with a twist | p,39.75436111111111,-104.99424999999998,42,48
20th-blake,13,notice please do not place encumbrances in the public right of way the city will remove all items encumbering the public space in this area | blake st 1500 | reserved parking 4 hour limit all other times | win a 2000 scholarship colorado mesa university coloradomesaeducoke coca cola | focus parking,39.75436111111111,-104.99424999999998,42,48
20th-blake,14,one way | home plate | blu river for sale | reserved parking 4 hour limit all other times | public parking,39.75436111111111,-104.99424999999998,42,48
20th-blake,15,home plate | westword westword | home plate | focus parking | home plate,39.75436111111111,-104.99424999999998,42,48
20th-blake,16,notice please do not place encumbrances in the public right of way the city will remove all items encumbering the public space in this area | 12 flat rate before 4pm | the ride | one way | gate b ballpark museum,39.75436111111111,-104.99424999999998,42,48
20th-blake,17,notice please do not place encumbrances in the public right of way the city will remove all items encumbering the public space in this area | reserved parking 4 hour limit all other times | cr cr | gate b ballpark museum | the ride,39.75436111111111,-104.99424999999998,42,48
20th-blake,18,road work ahead | blake st 20th st i25 hov 3 | denver bikeway highlands nbhd 08 central bd 03 union station 04 | reserved parking 4 hour limit all other times | the player,39.75436111111111,-104.99424999999998,42,48
20th-blake,19,painting with a twist | win a 2000 scholarship colorado mesa university coloradomesaeducoke coca cola | home plate | road work ahead | voodoo ranger ipa party like its 1985,39.75436111111111,-104.99424999999998,42,48
20th-blake,20,20 flate rate after 4pm | 70 colorado beers on tap | one way | gate b ballpark museum | i25 e express lanes,39.75436111111111,-104.99424999999998,42,48
20th-blake,21,coors field | gate b ballpark museum | notice please do not place encumbrances in the public right of way the city will remove all items encumbering the public space in this area | 70 colorado beers on tap | westword westword,39.75436111111111,-104.99424999999998,42,48
20th-blake,22,bicycle parking only all times | win a 2000 scholarship colorado mesa university coloradomesaeducoke coca cola | pay here payment instructions | home plate | i25 e express lanes,39.75436111111111,-104.99424999999998,42,48
20th-blake,23,20th st 2000 | painting with a twist | blu river for sale | blu river for sale | 20th st 2000,39.75436111111111,-104.99424999999998,42,48
20th-blake,24,public parking parkwell | gate b ballpark museum | focus parking | cr cr | no parking anytime tow away zone,39.75436111111111,-104.99424999999998,42,48
20th-blake,25,gate b ballpark museum | one way | home plate | one way | home plate,39.75436111111111,-104.99424999999998,42,48
20th-blake,26,voodoo ranger ipa party like its 1985 | blu river for sale | open | 70 colorado beers on tap | i25 e express lanes,39.75436111111111,-104.99424999999998,42,48
20th-blake,27,cr cr | gate b ballpark museum | chfa | i25 e express lanes | express lane,39.75436111111111,-104.99424999999998,42,48
20th-blake,28,westword westword | denver bikeway highlands nbhd 08 central bd 03 union station 04 | public parking | express lane hov 3 no toll with expresstoll | 20th st 2000,39.75436111111111,-104.99424999999998,42,48
20th-blake,29,reserved parking 4 hour limit all other times | 1948 blake | denver bikeway highlands nbhd 08 central bd 03 union station 04 | road work ahead | one way,39.75436111111111,-104.99424999999998,42,48
20th-blake,30,blake st 1500 | reserved parking 4 hour limit all other times | denver bikeway to lower downtown | denver bikeway to lower downtown | gate b ballpark museum,39.75436111111111,-104.99424999999998,42,48
20th-blake,31,20 flate rate after 4pm | westword westword | home plate | 1948 blake | one way,39.75436111111111,-104.99424999999998,42,48
20th-blake,32,voodoo ranger ipa party like its 1985 | no free parking | 12 flat rate before 4pm | no parking anytime tow away zone | gate b ballpark museum,39.75436111111111,-104.99424999999998,42,48
20th-blake,33,p | p | 12 flat rate before 4pm | blake st 1500 | express lane,39.75436111111111,-104.99424999999998,42,48
20th-blake,34,blake st 20th st i25 hov 3 | 12 flat rate before 4pm | notice please do not place encumbrances in the public right of way the city will remove all items encumbering the public space in this area | 70 colorado beers on tap | 70 colorado beers on tap,39.75436111111111,-104.99424999999998,42,48
20th-blake,35,the ride | express lane | public parking | westword westword | the ride,39.75436111111111,-104.99424999999998,42,48
20th-blake,36,express lane hov 3 no toll with expresstoll | painting with a twist | pay here payment instructions | focus parking | beta billboard rolling stone usa today,39.75436111111111,-104.99424999999998,42,48
20th-blake,37,blake st 1500 | public parking | pay here payment instructions | focus parking | 20th st 2000,39.75436111111111,-104.99424999999998,42,48
20th-blake,38,no parking anytime tow away zone | reserved parking 4 hour limit all other times | chfa | reserved parking 4 hour limit all other times | reserved parking 4 hour limit all other times,39.75436111111111,-104.99424999999998,42,48
20th-blake,39,blake st 1500 | one way | chfa | budweiser | express lane,39.75436111111111,-104.99424999999998,42,48
20th-blake,40,home plate | the ride | open | denver bikeway highlands nbhd 08 central bd 03 union station 04 | pay here in advance,39.75436111111111,-104.99424999999998,42,48
20th-blake,41,pay here in advance | bicycle parking only all times | cr cr | public parking | one way,39.75436111111111,-104.99424999999998,42,48
20th-blake,42,home plate | blu river for sale | express lane hov 3 no toll with expresstoll | win a 2000 scholarship colorado mesa university coloradomesaeducoke coca cola | focus parking,39.75436111111111,-104.99424999999998,42,48
20th-blake,43,1948 blake | budweiser | blake st 20th st i25 hov 3 | cr cr | home plate,39.75436111111111,-104.99424999999998,42,48
20th-blake,44,coors field | denver bikeway to lower downtown | painting with a twist | blu river for sale | one way,39.75436111111111,-104.99424999999998,42,48
20th-blake,45,budweiser | the ride | blake st 20th st i25 hov 3 | blake st 20th st i25 hov 3 | the player,39.75436111111111,-104.99424999999998,42,48
20th-blake,46,cr cr | reserved parking 4 hour limit all other times | no free parking | voodoo ranger ipa party like its 1985 | no free parking,39.75436111111111,-104.99424999999998,42,48
20th-blake,47,1948 blake | 20 flate rate after 4pm | the ride | win a 2000 scholarship colorado mesa university coloradomesaeducoke coca cola | 70 colorado beers on tap,39.75436111111111,-104.99424999999998,42,48
20th-blake,48,road work ahead | bicycle parking only all times | 20 flate rate after 4pm | pay here payment instructions | i25 e express lanes,39.75436111111111,-104.99424999999998,42,48
20th-blake,49,chfa | beta billboard rolling stone usa today | escape room now open escapeworksdenvercom | no free parking | focus parking,39.75436111111111,-104.99424999999998,42,48
20th-parkavenue,0,uptown healthcare district | pv solar array | traffic | one way | ahead,39.7475,-104.97830555555556,57,68
20th-parkavenue,1,one way | uptown healthcare district | ahead | pv solar array | traffic,39.7475,-104.97830555555556,57,68
20th-parkavenue,2,one way | ahead | uptown healthcare district | traffic | pv solar array,39.7475,-104.97830555555556,57,68
20th-parkavenue,3,ahead | uptown healthcare district | traffic | one way | pv solar array,39.7475,-104.97830555555556,57,68
20th-parkavenue,4,traffic | pv solar array | one way | uptown healthcare district | ahead,39.7475,-104.97830555555556,57,68
20th-parkavenue,5,pv solar array | ahead | one way | uptown healthcare district | traffic,39.7475,-104.97830555555556,57,68
20th-parkavenue,6,uptown healthcare district | one way | ahead | pv solar array | traffic,39.7475,-104.97830555555556,57,68
20th-parkavenue,7,one way | ahead | traffic | uptown healthcare district | pv solar array,39.7475,-104.97830555555556,57,68
20th-parkavenue,8,ahead | traffic | pv solar array | one way | uptown healthcare district,39.7475,-104.97830555555556,57,68
20th-parkavenue,9,traffic | ahead | pv solar array | uptown healthcare district | one way,39.7475,-104.97830555555556,57,68
20th-parkavenue,10,ahead | one way | uptown healthcare district | traffic | pv solar array,39.7475,-104.97830555555556,57,68
20th-parkavenue,11,uptown healthcare district | ahead | traffic | pv solar array | one way,39.7475,-104.97830555555556,57,68
20th-parkavenue,12,ahead | traffic | one way | pv solar array | uptown healthcare district,39.7475,-104.97830555555556,57,68
20th-parkavenue,13,uptown healthcare district | pv solar array | ahead | one way | traffic,39.7475,-104.97830555555556,57,68
20th-parkavenue,14,pv solar array | traffic | ahead | uptown healthcare district | one way,39.7475,-104.97830555555556,57,68
20th-parkavenue,15,ahead | uptown healthcare district | one way | traffic | pv solar array,39.7475,-104.97830555555556,57,68
20th-parkavenue,16,traffic | pv solar array | one way | uptown healthcare district | ahead,39.7475,-104.97830555555556,57,68
20th-parkavenue,17,pv solar array | one way | uptown healthcare district | ahead | traffic,39.7475,-104.97830555555556,57,68
20th-parkavenue,18,traffic | pv solar array | ahead | uptown healthcare district | one way,39.7475,-104.97830555555556,57,68
20th-parkavenue,19,uptown healthcare district | one way | traffic | pv solar array | ahead,39.7475,-104.97830555555556,57,68
20th-parkavenue,20,pv solar array | uptown healthcare district | ahead | traffic | one way,39.7475,-104.97830555555556,57,68
20th-parkavenue,21,traffic | pv solar array | ahead | one way | uptown healthcare district,39.7475,-104.97830555555556,57,68
20th-parkavenue,22,traffic | ahead | uptown healthcare district | one way | pv solar array,39.7475,-104.97830555555556,57,68
20th-parkavenue,23,uptown healthcare district | traffic | one way | pv solar array | ahead,39.7475,-104.97830555555556,57,68
20th-parkavenue,24,pv solar array | uptown healthcare district | one way | traffic | ahead,39.7475,-104.97830555555556,57,68
20th-parkavenue,25,uptown healthcare district | traffic | pv solar array | ahead | one way,39.7475,-104.97830555555556,57,68
20th-parkavenue,26,uptown healthcare district | ahead | traffic | pv solar array | one way,39.7475,-104.97830555555556,57,68
20th-parkavenue,27,uptown healthcare district | ahead | traffic | pv solar array | one way,39.7475,-104.97830555555556,57,68
20th-parkavenue,28,uptown healthcare district | pv solar array | traffic | one way | ahead,39.7475,-104.97830555555556,57,68
20th-parkavenue,29,traffic | pv solar array | uptown healthcare district | ahead | one way,39.7475,-104.97830555555556,57,68
20th-parkavenue,30,ahead | traffic | uptown healthcare district | pv solar array | one way,39.7475,-104.97830555555556,57,68
20th-parkavenue,31,ahead | uptown healthcare district | traffic | one way | pv solar array,39.7475,-104.97830555555556,57,68
20th-parkavenue,32,traffic | uptown healthcare district | one way | pv solar array | ahead,39.7475,-104.97830555555556,57,68
20th-parkavenue,33,one way | traffic | pv solar array | ahead | uptown healthcare district,39.7475,-104.97830555555556,57,68
20th-parkavenue,34,pv solar array | traffic | one way | uptown healthcare district | ahead,39.7475,-104.97830555555556,57,68
20th-parkavenue,35,traffic | uptown healthcare district | ahead | one way | pv solar array,39.7475,-104.97830555555556,57,68
20th-parkavenue,36,ahead | one way | pv solar array | traffic | uptown healthcare district,39.7475,-104.97830555555556,57,68
20th-parkavenue,37,ahead | traffic | pv solar array | one way | uptown healthcare district,39.7475,-104.97830555555556,57,68
20th-parkavenue,38,traffic | one way | uptown healthcare district | pv solar array | ahead,39.7475,-104.97830555555556,57,68
20th-parkavenue,39,pv solar array | traffic | one way | ahead | uptown healthcare district,39.7475,-104.97830555555556,57,68
20th-parkavenue,40,pv solar array | ahead | traffic | one way | uptown healthcare district,39.7475,-104.97830555555556,57,68
20th-parkavenue,41,traffic | ahead | pv solar array | one way | uptown healthcare district,39.7475,-104.97830555555556,57,68
20th-parkavenue,42,traffic | one way | pv solar array | uptown healthcare district | ahead,39.7475,-104.97830555555556,57,68
20th-parkavenue,43,one way | uptown healthcare district | pv solar array | ahead | traffic,39.7475,-104.97830555555556,57,68
20th-parkavenue,44,one way | uptown healthcare district | ahead | traffic | pv solar array,39.7475,-104.97830555555556,57,68
20th-parkavenue,45,pv solar array | one way | traffic | uptown healthcare district | ahead,39.7475,-104.97830555555556,57,68
20th-parkavenue,46,ahead | pv solar array | traffic | uptown healthcare district | one way,39.7475,-104.97830555555556,57,68
20th-parkavenue,47,uptown healthcare district | one way | traffic | ahead | pv solar array,39.7475,-104.97830555555556,57,68
20th-parkavenue,48,pv solar array | traffic | uptown healthcare district | one way | ahead,39.7475,-104.97830555555556,57,68
20th-parkavenue,49,one way | traffic | uptown healthcare district | pv solar array | ahead,39.7475,-104.97830555555556,57,68
20th-sherman,0,street sweeping p this side 1st wednesday apr thru nov 8am 12noon tow away zone | 200 e sherman st | street sweeping p this side 1st tuesday apr thru nov 8am 12noon tow away zone | d9 20th welton lrt 01 | no parking any time tow away zone,39.74755555555558,-104.9848611111111,33,39
20th-sherman,1,street sweeping p this side 1st wednesday apr thru nov 8am 12noon tow away zone | d9 20th welton lrt 01 | no parking any time tow away zone | 200 e sherman st | street sweeping p this side 1st tuesday apr thru nov 8am 12noon tow away zone,39.74755555555558,-104.9848611111111,33,39
20th-sherman,2,d9 20th welton lrt 01 | street sweeping p this side 1st wednesday apr thru nov 8am 12noon tow away zone | no parking any time tow away zone | street sweeping p this side 1st tuesday apr thru nov 8am 12noon tow away zone | 200 e sherman st,39.74755555555558,-104.9848611111111,33,39
20th-sherman,3,street sweeping p this side 1st tuesday apr thru nov 8am 12noon tow away zone | no parking any time tow away zone | 200 e sherman st | street sweeping p this side 1st wednesday apr thru nov 8am 12noon tow away zone | d9 20th welton lrt 01,39.74755555555558,-104.9848611111111,33,39
20th-sherman,4,street sweeping p this side 1st wednesday apr thru nov 8am 12noon tow away zone | 200 e sherman st | no parking any time tow away zone | street sweeping p this side 1st tuesday apr thru nov 8am 12noon tow away zone | d9 20th welton lrt 01,39.74755555555558,-104.9848611111111,33,39
20th-sherman,5,200 e sherman st | d9 20th welton lrt 01 | street sweeping p this side 1st tuesday apr thru nov 8am 12noon tow away zone | no parking any time tow away zone | street sweeping p this side 1st wednesday apr thru nov 8am 12noon tow away zone,39.74755555555558,-104.9848611111111,33,39
20th-sherman,6,200 e sherman st | street sweeping p this side 1st wednesday apr thru nov 8am 12noon tow away zone | no parking any time tow away zone | street sweeping p this side 1st tuesday apr thru nov 8am 12noon tow away zone | d9 20th welton lrt 01,39.74755555555558,-104.9848611111111,33,39
20th-sherman,7,200 e sherman st | street sweeping p this side 1st tuesday apr thru nov 8am 12noon tow away zone | street sweeping p this side 1st wednesday apr thru nov 8am 12noon tow away zone | d9 20th welton lrt 01 | no parking any time tow away zone,39.74755555555558,-104.9848611111111,33,39
20th-sherman,8,street sweeping p this side 1st tuesday apr thru nov 8am 12noon tow away zone | 200 e sherman st | street sweeping p this side 1st wednesday apr thru nov 8am 12noon tow away zone | no parking any time tow away zone | d9 20th welton lrt 01,39.74755555555558,-104.9848611111111,33,39
20th-sherman,9,d9 20th welton lrt 01 | street sweeping p this side 1st tuesday apr thru nov 8am 12noon tow away zone | 200 e sherman st | no parking any time tow away zone | street sweeping p this side 1st wednesday apr thru nov 8am 12noon tow away zone,39.74755555555558,-104.9848611111111,33,39
20th-sherman,10,d9 20th welton lrt 01 | street sweeping p this side 1st wednesday apr thru nov 8am 12noon tow away zone | no parking any time tow away zone | street sweeping p this side 1st tuesday apr thru nov 8am 12noon tow away zone | 200 e sherman st,39.74755555555558,-104.9848611111111,33,39
20th-sherman,11,street sweeping p this side 1st tuesday apr thru nov 8am 12noon tow away zone | d9 20th welton lrt 01 | street sweeping p this side 1st wednesday apr thru nov 8am 12noon tow away zone | 200 e sherman st | no parking any time tow away zone,39.74755555555558,-104.9848611111111,33,39
20th-sherman,12,no parking any time tow away zone | street sweeping p this side 1st wednesday apr thru nov 8am 12noon tow away zone | d9 20th welton lrt 01 | 200 e sherman st | street sweeping p this side 1st tuesday apr thru nov 8am 12noon tow away zone,39.74755555555558,-104.9848611111111,33,39
20th-sherman,13,street sweeping p this side 1st tuesday apr thru nov 8am 12noon tow away zone | street sweeping p this side 1st wednesday apr thru nov 8am 12noon tow away zone | no parking any time tow away zone | d9 20th welton lrt 01 | 200 e sherman st,39.74755555555558,-104.9848611111111,33,39
20th-sherman,14,street sweeping p this side 1st wednesday apr thru nov 8am 12noon tow away zone | d9 20th welton lrt 01 | no parking any time tow away zone | 200 e sherman st | street sweeping p this side 1st tuesday apr thru nov 8am 12noon tow away zone,39.74755555555558,-104.9848611111111,33,39
20th-sherman,15,street sweeping p this side 1st wednesday apr thru nov 8am 12noon tow away zone | no parking any time tow away zone | street sweeping p this side 1st tuesday apr thru nov 8am 12noon tow away zone | d9 20th welton lrt 01 | 200 e sherman st,39.74755555555558,-104.9848611111111,33,39
20th-sherman,16,street sweeping p this side 1st tuesday apr thru nov 8am 12noon tow away zone | no parking any time tow away zone | street sweeping p this side 1st wednesday apr thru nov 8am 12noon tow away zone | 200 e sherman st | d9 20th welton lrt 01,39.74755555555558,-104.9848611111111,33,39
20th-sherman,17,street sweeping p this side 1st tuesday apr thru nov 8am 12noon tow away zone | street sweeping p this side 1st wednesday apr thru nov 8am 12noon tow away zone | no parking any time tow away zone | 200 e sherman st | d9 20th welton lrt 01,39.74755555555558,-104.9848611111111,33,39
20th-sherman,18,d9 20th welton lrt 01 | street sweeping p this side 1st tuesday apr thru nov 8am 12noon tow away zone | street sweeping p this side 1st wednesday apr thru nov 8am 12noon tow away zone | no parking any time tow away zone | 200 e sherman st,39.74755555555558,-104.9848611111111,33,39
20th-sherman,19,no parking any time tow away zone | street sweeping p this side 1st tuesday apr thru nov 8am 12noon tow away zone | street sweeping p this side 1st wednesday apr thru nov 8am 12noon tow away zone | 200 e sherman st | d9 20th welton lrt 01,39.74755555555558,-104.9848611111111,33,39
20th-sherman,20,d9 20th welton lrt 01 | 200 e sherman st | no parking any time tow away zone | street sweeping p this side 1st tuesday apr thru nov 8am 12noon tow away zone | street sweeping p this side 1st wednesday apr thru nov 8am 12noon tow away zone,39.74755555555558,-104.9848611111111,33,39
20th-sherman,21,d9 20th welton lrt 01 | street sweeping p this side 1st wednesday apr thru nov 8am 12noon tow away zone | no parking any time tow away zone | street sweeping p this side 1st tuesday apr thru nov 8am 12noon tow away zone | 200 e sherman st,39.74755555555558,-104.9848611111111,33,39
20th-sherman,22,d9 20th welton lrt 01 | street sweeping p this side 1st wednesday apr thru nov 8am 12noon tow away zone | no parking any time tow away zone | street sweeping p this side 1st tuesday apr thru nov 8am 12noon tow away zone | 200 e sherman st,39.74755555555558,-104.9848611111111,33,39
20th-sherman,23,no parking any time tow away zone | d9 20th welton lrt 01 | 200 e sherman st | street sweeping p this side 1st tuesday apr thru nov 8am 12noon tow away zone | street sweeping p this side 1st wednesday apr thru nov 8am 12noon tow away zone,39.74755555555558,-104.9848611111111,33,39
20th-sherman,24,street sweeping p this side 1st wednesday apr thru nov 8am 12noon tow away zone | d9 20th welton lrt 01 | 200 e sherman st | no parking any time tow away zone | street sweeping p this side 1st tuesday apr thru nov 8am 12noon tow away zone,39.74755555555558,-104.9848611111111,33,39
20th-sherman,25,street sweeping p this side 1st tuesday apr thru nov 8am 12noon tow away zone | no parking any time tow away zone | d9 20th welton lrt 01 | street sweeping p this side 1st wednesday apr thru nov 8am 12noon tow away zone | 200 e sherman st,39.74755555555558,-104.9848611111111,33,39
20th-sherman,26,d9 20th welton lrt 01 | street sweeping p this side 1st wednesday apr thru nov 8am 12noon tow away zone | street sweeping p this side 1st tuesday apr thru nov 8am 12noon tow away zone | no parking any time tow away zone | 200 e sherman st,39.74755555555558,-104.9848611111111,33,39
20th-sherman,27,no parking any time tow away zone | d9 20th welton lrt 01 | 200 e sherman st | street sweeping p this side 1st wednesday apr thru nov 8am 12noon tow away zone | street sweeping p this side 1st tuesday apr thru nov 8am 12noon tow away zone,39.74755555555558,-104.9848611111111,33,39
20th-sherman,28,d9 20th welton lrt 01 | street sweeping p this side 1st wednesday apr thru nov 8am 12noon tow away zone | 200 e sherman st | no parking any time tow away zone | street sweeping p this side 1st tuesday apr thru nov 8am 12noon tow away zone,39.74755555555558,-104.9848611111111,33,39
20th-sherman,29,street sweeping p this side 1st wednesday apr thru nov 8am 12noon tow away zone | d9 20th welton lrt 01 | no parking any time tow away zone | 200 e sherman st | street sweeping p this side 1st tuesday apr thru nov 8am 12noon tow away zone,39.74755555555558,-104.9848611111111,33,39
20th-sherman,30,no parking any time tow away zone | d9 20th welton lrt 01 | street sweeping p this side 1st wednesday apr thru nov 8am 12noon tow away zone | street sweeping p this side 1st tuesday apr thru nov 8am 12noon tow away zone | 200 e sherman st,39.74755555555558,-104.9848611111111,33,39
20th-sherman,31,200 e sherman st | street sweeping p this side 1st wednesday apr thru nov 8am 12noon tow away zone | d9 20th welton lrt 01 | street sweeping p this side 1st tuesday apr thru nov 8am 12noon tow away zone | no parking any time tow away zone,39.74755555555558,-104.9848611111111,33,39
20th-sherman,32,d9 20th welton lrt 01 | street sweeping p this side 1st tuesday apr thru nov 8am 12noon tow away zone | no parking any time tow away zone | street sweeping p this side 1st wednesday apr thru nov 8am 12noon tow away zone | 200 e sherman st,39.74755555555558,-104.9848611111111,33,39
20th-sherman,33,street sweeping p this side 1st tuesday apr thru nov 8am 12noon tow away zone | d9 20th welton lrt 01 | 200 e sherman st | street sweeping p this side 1st wednesday apr thru nov 8am 12noon tow away zone | no parking any time tow away zone,39.74755555555558,-104.9848611111111,33,39
20th-sherman,34,no parking any time tow away zone | 200 e sherman st | street sweeping p this side 1st wednesday apr thru nov 8am 12noon tow away zone | street sweeping p this side 1st tuesday apr thru nov 8am 12noon tow away zone | d9 20th welton lrt 01,39.74755555555558,-104.9848611111111,33,39
20th-sherman,35,d9 20th welton lrt 01 | 200 e sherman st | street sweeping p this side 1st tuesday apr thru nov 8am 12noon tow away zone | street sweeping p this side 1st wednesday apr thru nov 8am 12noon tow away zone | no parking any time tow away zone,39.74755555555558,-104.9848611111111,33,39
20th-sherman,36,200 e sherman st | d9 20th welton lrt 01 | no parking any time tow away zone | street sweeping p this side 1st wednesday apr thru nov 8am 12noon tow away zone | street sweeping p this side 1st tuesday apr thru nov 8am 12noon tow away zone,39.74755555555558,-104.9848611111111,33,39
20th-sherman,37,200 e sherman st | d9 20th welton lrt 01 | street sweeping p this side 1st tuesday apr thru nov 8am 12noon tow away zone | no parking any time tow away zone | street sweeping p this side 1st wednesday apr thru nov 8am 12noon tow away zone,39.74755555555558,-104.9848611111111,33,39
20th-sherman,38,no parking any time tow away zone | 200 e sherman st | d9 20th welton lrt 01 | street sweeping p this side 1st wednesday apr thru nov 8am 12noon tow away zone | street sweeping p this side 1st tuesday apr thru nov 8am 12noon tow away zone,39.74755555555558,-104.9848611111111,33,39
20th-sherman,39,no parking any time tow away zone | d9 20th welton lrt 01 | 200 e sherman st | street sweeping p this side 1st wednesday apr thru nov 8am 12noon tow away zone | street sweeping p this side 1st tuesday apr thru nov 8am 12noon tow away zone,39.74755555555558,-104.9848611111111,33,39
20th-sherman,40,street sweeping p this side 1st wednesday apr thru nov 8am 12noon tow away zone | no parking any time tow away zone | 200 e sherman st | d9 20th welton lrt 01 | street sweeping p this side 1st tuesday apr thru nov 8am 12noon tow away zone,39.74755555555558,-104.9848611111111,33,39
20th-sherman,41,200 e sherman st | street sweeping p this side 1st wednesday apr thru nov 8am 12noon tow away zone | no parking any time tow away zone | street sweeping p this side 1st tuesday apr thru nov 8am 12noon tow away zone | d9 20th welton lrt 01,39.74755555555558,-104.9848611111111,33,39
20th-sherman,42,street sweeping p this side 1st wednesday apr thru nov 8am 12noon tow away zone | no parking any time tow away zone | d9 20th welton lrt 01 | street sweeping p this side 1st tuesday apr thru nov 8am 12noon tow away zone | 200 e sherman st,39.74755555555558,-104.9848611111111,33,39
20th-sherman,43,no parking any time tow away zone | 200 e sherman st | street sweeping p this side 1st wednesday apr thru nov 8am 12noon tow away zone | d9 20th welton lrt 01 | street sweeping p this side 1st tuesday apr thru nov 8am 12noon tow away zone,39.74755555555558,-104.9848611111111,33,39
20th-sherman,44,street sweeping p this side 1st tuesday apr thru nov 8am 12noon tow away zone | street sweeping p this side 1st wednesday apr thru nov 8am 12noon tow away zone | d9 20th welton lrt 01 | no parking any time tow away zone | 200 e sherman st,39.74755555555558,-104.9848611111111,33,39
20th-sherman,45,street sweeping p this side 1st tuesday apr thru nov 8am 12noon tow away zone | street sweeping p this side 1st wednesday apr thru nov 8am 12noon tow away zone | d9 20th welton lrt 01 | no parking any time tow away zone | 200 e sherman st,39.74755555555558,-104.9848611111111,33,39
20th-sherman,46,no parking any time tow away zone | street sweeping p this side 1st wednesday apr thru nov 8am 12noon tow away zone | d9 20th welton lrt 01 | street sweeping p this side 1st tuesday apr thru nov 8am 12noon tow away zone | 200 e sherman st,39.74755555555558,-104.9848611111111,33,39
20th-sherman,47,street sweeping p this side 1st wednesday apr thru nov 8am 12noon tow away zone | 200 e sherman st | no parking any time tow away zone | d9 20th welton lrt 01 | street sweeping p this side 1st tuesday apr thru nov 8am 12noon tow away zone,39.74755555555558,-104.9848611111111,33,39
20th-sherman,48,street sweeping p this side 1st wednesday apr thru nov 8am 12noon tow away zone | d9 20th welton lrt 01 | street sweeping p this side 1st tuesday apr thru nov 8am 12noon tow away zone | no parking any time tow away zone | 200 e sherman st,39.74755555555558,-104.9848611111111,33,39
20th-sherman,49,street sweeping p this side 1st wednesday apr thru nov 8am 12noon tow away zone | d9 20th welton lrt 01 | 200 e sherman st | no parking any time tow away zone | street sweeping p this side 1st tuesday apr thru nov 8am 12noon tow away zone,39.74755555555558,-104.9848611111111,33,39
22nd-franklin,0,stop stop stop stop stop stop stop stop | no parking any time tow away zone | no parking any time tow away zone | 1600 e franklin st | no parking any time tow away zone,39.74944444444445,-104.96844444444443,7,10
22nd-franklin,1,no parking any time tow away zone | shockcor real estate | street sweeping p this side 2nd wednesday april thru nov 8 am 5 pm tow away zone | 1600 e franklin st | 2 hr parking 8am 6pm,39.74944444444445,-104.96844444444443,7,10
22nd-franklin,2,2 hr parking 8am 6pm | 22nd ave | stop stop stop stop stop stop stop stop | no parking any time tow away zone | 22nd ave,39.74944444444445,-104.96844444444443,7,10
22nd-franklin,3,no parking any time tow away zone | shockcor real estate | no parking any time tow away zone | no parking any time tow away zone | 2 hr parking 8am 6pm,39.74944444444445,-104.96844444444443,7,10
22nd-franklin,4,no parking any time tow away zone | 1600 e franklin st | no parking any time tow away zone | 22nd ave | no parking any time tow away zone,39.74944444444445,-104.96844444444443,7,10
22nd-franklin,5,no parking any time tow away zone | no parking any time tow away zone | stop stop stop stop stop stop stop stop | no parking any time tow away zone | no parking any time tow away zone,39.74944444444445,-104.96844444444443,7,10
22nd-franklin,6,street sweeping p this side 2nd wednesday april thru nov 8 am 5 pm tow away zone | 2 hr parking 8am 6pm | shockcor real estate | street sweeping p this side 2nd wednesday april thru nov 8 am 5 pm tow away zone | 22nd ave,39.74944444444445,-104.96844444444443,7,10
22nd-franklin,7,street sweeping p this side 2nd wednesday april thru nov 8 am 5 pm tow away zone | no parking any time tow away zone | 2 hr parking 8am 6pm | shockcor real estate | street sweeping p this side 2nd wednesday april thru nov 8 am 5 pm tow away zone,39.74944444444445,-104.96844444444443,7,10
22nd-franklin,8,no parking any time tow away zone | shockcor real estate | no parking any time tow away zone | 22nd ave | street sweeping p this side 2nd wednesday april thru nov 8 am 5 pm tow away zone,39.74944444444445,-104.96844444444443,7,10
22nd-franklin,9,no parking any time tow away zone | no parking any time tow away zone | shockcor real estate | stop stop stop stop stop stop stop stop | 22nd ave,39.74944444444445,-104.96844444444443,7,10
22nd-franklin,10,stop stop stop stop stop stop stop stop | no parking any time tow away zone | no parking any time tow away zone | 1600 e franklin st | 2 hr parking 8am 6pm,39.74944444444445,-104.96844444444443,7,10
22nd-franklin,11,1600 e franklin st | 1600 e franklin st | no parking any time tow away zone | no parking any time tow away zone | 22nd ave,39.74944444444445,-104.96844444444443,7,10
22nd-franklin,12,no parking any time tow away zone | shockcor real estate | 22nd ave | shockcor real estate | shockcor real estate,39.74944444444445,-104.96844444444443,7,10
22nd-franklin,13,no parking any time tow away zone | 2 hr parking 8am 6pm | shockcor real estate | 1600 e franklin st | stop stop stop stop stop stop stop stop,39.74944444444445,-104.96844444444443,7,10
22nd-franklin,14,1600 e franklin st | 2 hr parking 8am 6pm | no parking any time tow away zone | no parking any time tow away zone | no parking any time tow away zone,39.74944444444445,-104.96844444444443,7,10
22nd-franklin,15,no parking any time tow away zone | street sweeping p this side 2nd wednesday april thru nov 8 am 5 pm tow away zone | street sweeping p this side 2nd wednesday april thru nov 8 am 5 pm tow away zone | shockcor real estate | 22nd ave,39.74944444444445,-104.96844444444443,7,10
22nd-franklin,16,stop stop stop stop stop stop stop stop | street sweeping p this side 2nd wednesday april thru nov 8 am 5 pm tow away zone | 1600 e franklin st | no parking any time tow away zone | no parking any time tow away zone,39.74944444444445,-104.96844444444443,7,10
22nd-franklin,17,no parking any time tow away zone | street sweeping p this side 2nd wednesday april thru nov 8 am 5 pm tow away zone | 1600 e franklin st | stop stop stop stop stop stop stop stop | shockcor real estate,39.74944444444445,-104.96844444444443,7,10
22nd-franklin,18,no parking any time tow away zone | no parking any time tow away zone | 22nd ave | shockcor real estate | no parking any time tow away zone,39.74944444444445,-104.96844444444443,7,10
22nd-franklin,19,22nd ave | 1600 e franklin st | street sweeping p this side 2nd wednesday april thru nov 8 am 5 pm tow away zone | street sweeping p this side 2nd wednesday april thru nov 8 am 5 pm tow away zone | street sweeping p this side 2nd wednesday april thru nov 8 am 5 pm tow away zone,39.74944444444445,-104.96844444444443,7,10
22nd-franklin,20,no parking any time tow away zone | no parking any time tow away zone | 22nd ave | 22nd ave | 1600 e franklin st,39.74944444444445,-104.96844444444443,7,10
22nd-franklin,21,shockcor real estate | street sweeping p this side 2nd wednesday april thru nov 8 am 5 pm tow away zone | street sweeping p this side 2nd wednesday april thru nov 8 am 5 pm tow away zone | shockcor real estate | no parking any time tow away zone,39.74944444444445,-104.96844444444443,7,10
22nd-franklin,22,stop stop stop stop stop stop stop stop | shockcor real estate | no parking any time tow away zone | shockcor real estate | 1600 e franklin st,39.74944444444445,-104.96844444444443,7,10
22nd-franklin,23,no parking any time tow away zone | no parking any time tow away zone | no parking any time tow away zone | no parking any time tow away zone | no parking any time tow away zone,39.74944444444445,-104.96844444444443,7,10
22nd-franklin,24,shockcor real estate | 22nd ave | stop stop stop stop stop stop stop stop | no parking any time tow away zone | street sweeping p this side 2nd wednesday april thru nov 8 am 5 pm tow away zone,39.74944444444445,-104.96844444444443,7,10
22nd-franklin,25,street sweeping p this side 2nd wednesday april thru nov 8 am 5 pm tow away zone | 22nd ave | shockcor real estate | no parking any time tow away zone | no parking any time tow away zone,39.74944444444445,-104.96844444444443,7,10
22nd-franklin,26,street sweeping p this side 2nd wednesday april thru nov 8 am 5 pm tow away zone | street sweeping p this side 2nd wednesday april thru nov 8 am 5 pm tow away zone | 1600 e franklin st | no parking any time tow away zone | 1600 e franklin st,39.74944444444445,-104.96844444444443,7,10
22nd-franklin,27,1600 e franklin st | shockcor real estate | no parking any time tow away zone | no parking any time tow away zone | stop stop stop stop stop stop stop stop,39.74944444444445,-104.96844444444443,7,10
22nd-franklin,28,2 hr parking 8am 6pm | stop stop stop stop stop stop stop stop | shockcor real estate | 22nd ave | stop stop stop stop stop stop stop stop,39.74944444444445,-104.96844444444443,7,10
22nd-franklin,29,22nd ave | street sweeping p this side 2nd wednesday april thru nov 8 am 5 pm tow away zone | no parking any time tow away zone | no parking any time tow away zone | street sweeping p this side 2nd wednesday april thru nov 8 am 5 pm tow away zone,39.74944444444445,-104.96844444444443,7,10
22nd-franklin,30,2 hr parking 8am 6pm | no parking any time tow away zone | 2 hr parking 8am 6pm | shockcor real estate | shockcor real estate,39.74944444444445,-104.96844444444443,7,10
22nd-franklin,31,2 hr parking 8am 6pm | shockcor real estate | 1600 e franklin st | 22nd ave | 2 hr parking 8am 6pm,39.74944444444445,-104.96844444444443,7,10
22nd-franklin,32,no parking any time tow away zone | street sweeping p this side 2nd wednesday april thru nov 8 am 5 pm tow away zone | 2 hr parking 8am 6pm | 2 hr parking 8am 6pm | shockcor real estate,39.74944444444445,-104.96844444444443,7,10
22nd-franklin,33,2 hr parking 8am 6pm | 2 hr parking 8am 6pm | no parking any time tow away zone | 2 hr parking 8am 6pm | 2 hr parking 8am 6pm,39.74944444444445,-104.96844444444443,7,10
22nd-franklin,34,22nd ave | 2 hr parking 8am 6pm | street sweeping p this side 2nd wednesday april thru nov 8 am 5 pm tow away zone | shockcor real estate | stop stop stop stop stop stop stop stop,39.74944444444445,-104.96844444444443,7,10
22nd-franklin,35,stop stop stop stop stop stop stop stop | shockcor real estate | shockcor real estate | stop stop stop stop stop stop stop stop | shockcor real estate,39.74944444444445,-104.96844444444443,7,10
22nd-franklin,36,22nd ave | shockcor real estate | 2 hr parking 8am 6pm | no parking any time tow away zone | 2 hr parking 8am 6pm,39.74944444444445,-104.96844444444443,7,10
22nd-franklin,37,shockcor real estate | 1600 e franklin st | no parking any time tow away zone | 2 hr parking 8am 6pm | no parking any time tow away zone,39.74944444444445,-104.96844444444443,7,10
22nd-franklin,38,1600 e franklin st | no parking any time tow away zone | no parking any time tow away zone | 22nd ave | shockcor real estate,39.74944444444445,-104.96844444444443,7,10
22nd-franklin,39,no parking any time tow away zone | no parking any time tow away zone | street sweeping p this side 2nd wednesday april thru nov 8 am 5 pm tow away zone | 22nd ave | shockcor real estate,39.74944444444445,-104.96844444444443,7,10
22nd-franklin,40,no parking any time tow away zone | 1600 e franklin st | no parking any time tow away zone | no parking any time tow away zone | 22nd ave,39.74944444444445,-104.96844444444443,7,10
22nd-franklin,41,shockcor real estate | no parking any time tow away zone | 1600 e franklin st | street sweeping p this side 2nd wednesday april thru nov 8 am 5 pm tow away zone | no parking any time tow away zone,39.74944444444445,-104.96844444444443,7,10
22nd-franklin,42,shockcor real estate | 2 hr parking 8am 6pm | 2 hr parking 8am 6pm | 1600 e franklin st | shockcor real estate,39.74944444444445,-104.96844444444443,7,10
22nd-franklin,43,1600 e franklin st | stop stop stop stop stop stop stop stop | 2 hr parking 8am 6pm | shockcor real estate | street sweeping p this side 2nd wednesday april thru nov 8 am 5 pm tow away zone,39.74944444444445,-104.96844444444443,7,10
22nd-franklin,44,22nd ave | shockcor real estate | street sweeping p this side 2nd wednesday april thru nov 8 am 5 pm tow away zone | 22nd ave | shockcor real estate,39.74944444444445,-104.96844444444443,7,10
22nd-franklin,45,2 hr parking 8am 6pm | no parking any time tow away zone | no parking any time tow away zone | no parking any time tow away zone | shockcor real estate,39.74944444444445,-104.96844444444443,7,10
22nd-franklin,46,stop stop stop stop stop stop stop stop | no parking any time tow away zone | no parking any time tow away zone | no parking any time tow away zone | no parking any time tow away zone,39.74944444444445,-104.96844444444443,7,10
22nd-franklin,47,stop stop stop stop stop stop stop stop | no parking any time tow away zone | 22nd ave | 22nd ave | no parking any time tow away zone,39.74944444444445,-104.96844444444443,7,10
22nd-franklin,48,no parking any time tow away zone | no parking any time tow away zone | 2 hr parking 8am 6pm | 22nd ave | stop stop stop stop stop stop stop stop,39.74944444444445,-104.96844444444443,7,10
22nd-franklin,49,shockcor real estate | shockcor real estate | street sweeping p this side 2nd wednesday april thru nov 8 am 5 pm tow away zone | shockcor real estate | shockcor real estate,39.74944444444445,-104.96844444444443,7,10
2nd-clayton,0,stop | north italia | pedestrian crossing | lif is an art cherry creek north | stop,39.71941666666666,-104.9558611111111,36,49
2nd-clayton,1,north italia | stop | lif is an art cherry creek north | stop | pedestrian crossing,39.71941666666666,-104.9558611111111,36,49
2nd-clayton,2,stop | north italia | pedestrian crossing | lif is an art cherry creek north | stop,39.71941666666666,-104.9558611111111,36,49
2nd-clayton,3,stop | stop | pedestrian crossing | lif is an art cherry creek north | north italia,39.71941666666666,-104.9558611111111,36,49
2nd-clayton,4,lif is an art cherry creek north | stop | pedestrian crossing | north italia | stop,39.71941666666666,-104.9558611111111,36,49
2nd-clayton,5,pedestrian crossing | stop | lif is an art cherry creek north | stop | north italia,39.71941666666666,-104.9558611111111,36,49
2nd-clayton,6,north italia | stop | stop | pedestrian crossing | lif is an art cherry creek north,39.71941666666666,-104.9558611111111,36,49
2nd-clayton,7,lif is an art cherry creek north | stop | pedestrian crossing | north italia | stop,39.71941666666666,-104.9558611111111,36,49
2nd-clayton,8,stop | lif is an art cherry creek north | stop | north italia | pedestrian crossing,39.71941666666666,-104.9558611111111,36,49
2nd-clayton,9,lif is an art cherry creek north | stop | north italia | stop | pedestrian crossing,39.71941666666666,-104.9558611111111,36,49
2nd-clayton,10,stop | north italia | pedestrian crossing | lif is an art cherry creek north | stop,39.71941666666666,-104.9558611111111,36,49
2nd-clayton,11,north italia | stop | pedestrian crossing | lif is an art cherry creek north | stop,39.71941666666666,-104.9558611111111,36,49
2nd-clayton,12,stop | pedestrian crossing | lif is an art cherry creek north | north italia | stop,39.71941666666666,-104.9558611111111,36,49
2nd-clayton,13,stop | stop | north italia | lif is an art cherry creek north | pedestrian crossing,39.71941666666666,-104.9558611111111,36,49
2nd-clayton,14,pedestrian crossing | lif is an art cherry creek north | stop | stop | north italia,39.71941666666666,-104.9558611111111,36,49
2nd-clayton,15,stop | lif is an art cherry creek north | north italia | stop | pedestrian crossing,39.71941666666666,-104.9558611111111,36,49
2nd-clayton,16,stop | lif is an art cherry creek north | north italia | stop | pedestrian crossing,39.71941666666666,-104.9558611111111,36,49
2nd-clayton,17,pedestrian crossing | stop | lif is an art cherry creek north | north italia | stop,39.71941666666666,-104.9558611111111,36,49
2nd-clayton,18,stop | stop | north italia | pedestrian crossing | lif is an art cherry creek north,39.71941666666666,-104.9558611111111,36,49
2nd-clayton,19,stop | pedestrian crossing | north italia | stop | lif is an art cherry creek north,39.71941666666666,-104.9558611111111,36,49
2nd-clayton,20,lif is an art cherry creek north | pedestrian crossing | stop | north italia | stop,39.71941666666666,-104.9558611111111,36,49
2nd-clayton,21,pedestrian crossing | stop | stop | lif is an art cherry creek north | north italia,39.71941666666666,-104.9558611111111,36,49
2nd-clayton,22,stop | north italia | stop | lif is an art cherry creek north | pedestrian crossing,39.71941666666666,-104.9558611111111,36,49
2nd-clayton,23,lif is an art cherry creek north | north italia | stop | stop | pedestrian crossing,39.71941666666666,-104.9558611111111,36,49
2nd-clayton,24,north italia | pedestrian crossing | stop | stop | lif is an art cherry creek north,39.71941666666666,-104.9558611111111,36,49
2nd-clayton,25,stop | pedestrian crossing | stop | north italia | lif is an art cherry creek north,39.71941666666666,-104.9558611111111,36,49
2nd-clayton,26,pedestrian crossing | lif is an art cherry creek north | stop | stop | north italia,39.71941666666666,-104.9558611111111,36,49
2nd-clayton,27,north italia | stop | stop | pedestrian crossing | lif is an art cherry creek north,39.71941666666666,-104.9558611111111,36,49
2nd-clayton,28,lif is an art cherry creek north | stop | stop | north italia | pedestrian crossing,39.71941666666666,-104.9558611111111,36,49
2nd-clayton,29,lif is an art cherry creek north | pedestrian crossing | north italia | stop | stop,39.71941666666666,-104.9558611111111,36,49
2nd-clayton,30,stop | pedestrian crossing | north italia | stop | lif is an art cherry creek north,39.71941666666666,-104.9558611111111,36,49
2nd-clayton,31,stop | stop | north italia | pedestrian crossing | lif is an art cherry creek north,39.71941666666666,-104.9558611111111,36,49
2nd-clayton,32,pedestrian crossing | stop | stop | lif is an art cherry creek north | north italia,39.71941666666666,-104.9558611111111,36,49
2nd-clayton,33,stop | lif is an art cherry creek north | stop | north italia | pedestrian crossing,39.71941666666666,-104.9558611111111,36,49
2nd-clayton,34,lif is an art cherry creek north | stop | stop | north italia | pedestrian crossing,39.71941666666666,-104.9558611111111,36,49
2nd-clayton,35,pedestrian crossing | stop | lif is an art cherry creek north | stop | north italia,39.71941666666666,-104.9558611111111,36,49
2nd-clayton,36,pedestrian crossing | lif is an art cherry creek north | north italia | stop | stop,39.71941666666666,-104.9558611111111,36,49
2nd-clayton,37,stop | stop | lif is an art cherry creek north | north italia | pedestrian crossing,39.71941666666666,-104.9558611111111,36,49
2nd-clayton,38,pedestrian crossing | north italia | lif is an art cherry creek north | stop | stop,39.71941666666666,-104.9558611111111,36,49
2nd-clayton,39,pedestrian crossing | lif is an art cherry creek north | stop | north italia | stop,39.71941666666666,-104.9558611111111,36,49
2nd-clayton,40,lif is an art cherry creek north | north italia | stop | pedestrian crossing | stop,39.71941666666666,-104.9558611111111,36,49
2nd-clayton,41,north italia | stop | lif is an art cherry creek north | pedestrian crossing | stop,39.71941666666666,-104.9558611111111,36,49
2nd-clayton,42,stop | north italia | stop | lif is an art cherry creek north | pedestrian crossing,39.71941666666666,-104.9558611111111,36,49
2nd-clayton,43,lif is an art cherry creek north | north italia | stop | pedestrian crossing | stop,39.71941666666666,-104.9558611111111,36,49
2nd-clayton,44,north italia | stop | pedestrian crossing | stop | lif is an art cherry creek north,39.71941666666666,-104.9558611111111,36,49
2nd-clayton,45,lif is an art cherry creek north | north italia | stop | stop | pedestrian crossing,39.71941666666666,-104.9558611111111,36,49
2nd-clayton,46,lif is an art cherry creek north | stop | pedestrian crossing | north italia | stop,39.71941666666666,-104.9558611111111,36,49
2nd-clayton,47,pedestrian crossing | north italia | stop | stop | lif is an art cherry creek north,39.71941666666666,-104.9558611111111,36,49
2nd-clayton,48,north italia | stop | pedestrian crossing | lif is an art cherry creek north | stop,39.71941666666666,-104.9558611111111,36,49
2nd-clayton,49,stop | north italia | pedestrian crossing | stop | lif is an art cherry creek north,39.71941666666666,-104.9558611111111,36,49
2nd-cook,0,danger no smoking | danger no smoking | christmas lights instillation | 2hr parking 8am 7pm sun hol excl | street sweeping p this side 1st wednesday apr thru nov 8am5pm tow away zone,39.71941666666665,-104.94741666666671,17,47
2nd-cook,1,2hr parking 8am 7pm sun hol excl | danger no smoking | street sweeping p this side 1st wednesday apr thru nov 8am5pm tow away zone | danger no smoking | christmas lights instillation,39.71941666666665,-104.94741666666671,17,47
2nd-cook,2,street sweeping p this side 1st wednesday apr thru nov 8am5pm tow away zone | danger no smoking | 2hr parking 8am 7pm sun hol excl | danger no smoking | christmas lights instillation,39.71941666666665,-104.94741666666671,17,47
2nd-cook,3,danger no smoking | 2hr parking 8am 7pm sun hol excl | christmas lights instillation | street sweeping p this side 1st wednesday apr thru nov 8am5pm tow away zone | danger no smoking,39.71941666666665,-104.94741666666671,17,47
2nd-cook,4,danger no smoking | 2hr parking 8am 7pm sun hol excl | christmas lights instillation | danger no smoking | street sweeping p this side 1st wednesday apr thru nov 8am5pm tow away zone,39.71941666666665,-104.94741666666671,17,47
2nd-cook,5,street sweeping p this side 1st wednesday apr thru nov 8am5pm tow away zone | christmas lights instillation | danger no smoking | 2hr parking 8am 7pm sun hol excl | danger no smoking,39.71941666666665,-104.94741666666671,17,47
2nd-cook,6,2hr parking 8am 7pm sun hol excl | danger no smoking | street sweeping p this side 1st wednesday apr thru nov 8am5pm tow away zone | danger no smoking | christmas lights instillation,39.71941666666665,-104.94741666666671,17,47
2nd-cook,7,christmas lights instillation | danger no smoking | 2hr parking 8am 7pm sun hol excl | danger no smoking | street sweeping p this side 1st wednesday apr thru nov 8am5pm tow away zone,39.71941666666665,-104.94741666666671,17,47
2nd-cook,8,danger no smoking | christmas lights instillation | street sweeping p this side 1st wednesday apr thru nov 8am5pm tow away zone | 2hr parking 8am 7pm sun hol excl | danger no smoking,39.71941666666665,-104.94741666666671,17,47
2nd-cook,9,christmas lights instillation | 2hr parking 8am 7pm sun hol excl | danger no smoking | street sweeping p this side 1st wednesday apr thru nov 8am5pm tow away zone | danger no smoking,39.71941666666665,-104.94741666666671,17,47
2nd-cook,10,2hr parking 8am 7pm sun hol excl | christmas lights instillation | street sweeping p this side 1st wednesday apr thru nov 8am5pm tow away zone | danger no smoking | danger no smoking,39.71941666666665,-104.94741666666671,17,47
2nd-cook,11,2hr parking 8am 7pm sun hol excl | christmas lights instillation | street sweeping p this side 1st wednesday apr thru nov 8am5pm tow away zone | danger no smoking | danger no smoking,39.71941666666665,-104.94741666666671,17,47
2nd-cook,12,christmas lights instillation | 2hr parking 8am 7pm sun hol excl | danger no smoking | danger no smoking | street sweeping p this side 1st wednesday apr thru nov 8am5pm tow away zone,39.71941666666665,-104.94741666666671,17,47
2nd-cook,13,christmas lights instillation | 2hr parking 8am 7pm sun hol excl | street sweeping p this side 1st wednesday apr thru nov 8am5pm tow away zone | danger no smoking | danger no smoking,39.71941666666665,-104.94741666666671,17,47
2nd-cook,14,danger no smoking | 2hr parking 8am 7pm sun hol excl | danger no smoking | christmas lights instillation | street sweeping p this side 1st wednesday apr thru nov 8am5pm tow away zone,39.71941666666665,-104.94741666666671,17,47
2nd-cook,15,danger no smoking | street sweeping p this side 1st wednesday apr thru nov 8am5pm tow away zone | danger no smoking | christmas lights instillation | 2hr parking 8am 7pm sun hol excl,39.71941666666665,-104.94741666666671,17,47
2nd-cook,16,christmas lights instillation | street sweeping p this side 1st wednesday apr thru nov 8am5pm tow away zone | 2hr parking 8am 7pm sun hol excl | danger no smoking | danger no smoking,39.71941666666665,-104.94741666666671,17,47
2nd-cook,17,street sweeping p this side 1st wednesday apr thru nov 8am5pm tow away zone | danger no smoking | danger no smoking | christmas lights instillation | 2hr parking 8am 7pm sun hol excl,39.71941666666665,-104.94741666666671,17,47
2nd-cook,18,danger no smoking | christmas lights instillation | 2hr parking 8am 7pm sun hol excl | street sweeping p this side 1st wednesday apr thru nov 8am5pm tow away zone | danger no smoking,39.71941666666665,-104.94741666666671,17,47
2nd-cook,19,danger no smoking | 2hr parking 8am 7pm sun hol excl | street sweeping p this side 1st wednesday apr thru nov 8am5pm tow away zone | danger no smoking | christmas lights instillation,39.71941666666665,-104.94741666666671,17,47
2nd-cook,20,christmas lights instillation | danger no smoking | 2hr parking 8am 7pm sun hol excl | danger no smoking | street sweeping p this side 1st wednesday apr thru nov 8am5pm tow away zone,39.71941666666665,-104.94741666666671,17,47
2nd-cook,21,christmas lights instillation | danger no smoking | 2hr parking 8am 7pm sun hol excl | danger no smoking | street sweeping p this side 1st wednesday apr thru nov 8am5pm tow away zone,39.71941666666665,-104.94741666666671,17,47
2nd-cook,22,street sweeping p this side 1st wednesday apr thru nov 8am5pm tow away zone | christmas lights instillation | danger no smoking | danger no smoking | 2hr parking 8am 7pm sun hol excl,39.71941666666665,-104.94741666666671,17,47
2nd-cook,23,danger no smoking | christmas lights instillation | 2hr parking 8am 7pm sun hol excl | street sweeping p this side 1st wednesday apr thru nov 8am5pm tow away zone | danger no smoking,39.71941666666665,-104.94741666666671,17,47
2nd-cook,24,street sweeping p this side 1st wednesday apr thru nov 8am5pm tow away zone | christmas lights instillation | 2hr parking 8am 7pm sun hol excl | danger no smoking | danger no smoking,39.71941666666665,-104.94741666666671,17,47
2nd-cook,25,christmas lights instillation | danger no smoking | 2hr parking 8am 7pm sun hol excl | street sweeping p this side 1st wednesday apr thru nov 8am5pm tow away zone | danger no smoking,39.71941666666665,-104.94741666666671,17,47
2nd-cook,26,danger no smoking | street sweeping p this side 1st wednesday apr thru nov 8am5pm tow away zone | danger no smoking | 2hr parking 8am 7pm sun hol excl | christmas lights instillation,39.71941666666665,-104.94741666666671,17,47
2nd-cook,27,danger no smoking | danger no smoking | 2hr parking 8am 7pm sun hol excl | christmas lights instillation | street sweeping p this side 1st wednesday apr thru nov 8am5pm tow away zone,39.71941666666665,-104.94741666666671,17,47
2nd-cook,28,street sweeping p this side 1st wednesday apr thru nov 8am5pm tow away zone | danger no smoking | 2hr parking 8am 7pm sun hol excl | danger no smoking | christmas lights instillation,39.71941666666665,-104.94741666666671,17,47
2nd-cook,29,danger no smoking | 2hr parking 8am 7pm sun hol excl | street sweeping p this side 1st wednesday apr thru nov 8am5pm tow away zone | christmas lights instillation | danger no smoking,39.71941666666665,-104.94741666666671,17,47
2nd-cook,30,2hr parking 8am 7pm sun hol excl | danger no smoking | street sweeping p this side 1st wednesday apr thru nov 8am5pm tow away zone | danger no smoking | christmas lights instillation,39.71941666666665,-104.94741666666671,17,47
2nd-cook,31,danger no smoking | 2hr parking 8am 7pm sun hol excl | street sweeping p this side 1st wednesday apr thru nov 8am5pm tow away zone | christmas lights instillation | danger no smoking,39.71941666666665,-104.94741666666671,17,47
2nd-cook,32,street sweeping p this side 1st wednesday apr thru nov 8am5pm tow away zone | danger no smoking | danger no smoking | christmas lights instillation | 2hr parking 8am 7pm sun hol excl,39.71941666666665,-104.94741666666671,17,47
2nd-cook,33,christmas lights instillation | 2hr parking 8am 7pm sun hol excl | danger no smoking | danger no smoking | street sweeping p this side 1st wednesday apr thru nov 8am5pm tow away zone,39.71941666666665,-104.94741666666671,17,47
2nd-cook,34,2hr parking 8am 7pm sun hol excl | danger no smoking | danger no smoking | christmas lights instillation | street sweeping p this side 1st wednesday apr thru nov 8am5pm tow away zone,39.71941666666665,-104.94741666666671,17,47
2nd-cook,35,danger no smoking | christmas lights instillation | 2hr parking 8am 7pm sun hol excl | danger no smoking | street sweeping p this side 1st wednesday apr thru nov 8am5pm tow away zone,39.71941666666665,-104.94741666666671,17,47
2nd-cook,36,danger no smoking | 2hr parking 8am 7pm sun hol excl | danger no smoking | christmas lights instillation | street sweeping p this side 1st wednesday apr thru nov 8am5pm tow away zone,39.71941666666665,-104.94741666666671,17,47
2nd-cook,37,2hr parking 8am 7pm sun hol excl | danger no smoking | danger no smoking | christmas lights instillation | street sweeping p this side 1st wednesday apr thru nov 8am5pm tow away zone,39.71941666666665,-104.94741666666671,17,47
2nd-cook,38,street sweeping p this side 1st wednesday apr thru nov 8am5pm tow away zone | christmas lights instillation | danger no smoking | 2hr parking 8am 7pm sun hol excl | danger no smoking,39.71941666666665,-104.94741666666671,17,47
2nd-cook,39,danger no smoking | 2hr parking 8am 7pm sun hol excl | danger no smoking | street sweeping p this side 1st wednesday apr thru nov 8am5pm tow away zone | christmas lights instillation,39.71941666666665,-104.94741666666671,17,47
2nd-cook,40,danger no smoking | christmas lights instillation | street sweeping p this side 1st wednesday apr thru nov 8am5pm tow away zone | 2hr parking 8am 7pm sun hol excl | danger no smoking,39.71941666666665,-104.94741666666671,17,47
2nd-cook,41,danger no smoking | christmas lights instillation | 2hr parking 8am 7pm sun hol excl | danger no smoking | street sweeping p this side 1st wednesday apr thru nov 8am5pm tow away zone,39.71941666666665,-104.94741666666671,17,47
2nd-cook,42,danger no smoking | 2hr parking 8am 7pm sun hol excl | danger no smoking | christmas lights instillation | street sweeping p this side 1st wednesday apr thru nov 8am5pm tow away zone,39.71941666666665,-104.94741666666671,17,47
2nd-cook,43,street sweeping p this side 1st wednesday apr thru nov 8am5pm tow away zone | 2hr parking 8am 7pm sun hol excl | danger no smoking | christmas lights instillation | danger no smoking,39.71941666666665,-104.94741666666671,17,47
2nd-cook,44,danger no smoking | christmas lights instillation | 2hr parking 8am 7pm sun hol excl | danger no smoking | street sweeping p this side 1st wednesday apr thru nov 8am5pm tow away zone,39.71941666666665,-104.94741666666671,17,47
2nd-cook,45,street sweeping p this side 1st wednesday apr thru nov 8am5pm tow away zone | danger no smoking | danger no smoking | christmas lights instillation | 2hr parking 8am 7pm sun hol excl,39.71941666666665,-104.94741666666671,17,47
2nd-cook,46,street sweeping p this side 1st wednesday apr thru nov 8am5pm tow away zone | danger no smoking | christmas lights instillation | danger no smoking | 2hr parking 8am 7pm sun hol excl,39.71941666666665,-104.94741666666671,17,47
2nd-cook,47,danger no smoking | 2hr parking 8am 7pm sun hol excl | christmas lights instillation | street sweeping p this side 1st wednesday apr thru nov 8am5pm tow away zone | danger no smoking,39.71941666666665,-104.94741666666671,17,47
2nd-cook,48,2hr parking 8am 7pm sun hol excl | danger no smoking | danger no smoking | christmas lights instillation | street sweeping p this side 1st wednesday apr thru nov 8am5pm tow away zone,39.71941666666665,-104.94741666666671,17,47
2nd-cook,49,danger no smoking | 2hr parking 8am 7pm sun hol excl | street sweeping p this side 1st wednesday apr thru nov 8am5pm tow away zone | christmas lights instillation | danger no smoking,39.71941666666665,-104.94741666666671,17,47
2nd-milwauke,0,milwauke street | second avenue | winter wonderland cherry creek north | no parking 2 am to 6 am | 3 hour paid parking,39.719416666666675,-104.95219444444447,16,20
2nd-milwauke,1,milwauke street | second avenue | no parking 2 am to 6 am | 3 hour paid parking | winter wonderland cherry creek north,39.719416666666675,-104.95219444444447,16,20
2nd-milwauke,2,milwauke street | second avenue | 3 hour paid parking | winter wonderland cherry creek north | no parking 2 am to 6 am,39.719416666666675,-104.95219444444447,16,20
2nd-milwauke,3,second avenue | no parking 2 am to 6 am | milwauke street | 3 hour paid parking | winter wonderland cherry creek north,39.719416666666675,-104.95219444444447,16,20
2nd-milwauke,4,milwauke street | winter wonderland cherry creek north | 3 hour paid parking | no parking 2 am to 6 am | second avenue,39.719416666666675,-104.95219444444447,16,20
2nd-milwauke,5,no parking 2 am to 6 am | second avenue | 3 hour paid parking | winter wonderland cherry creek north | milwauke street,39.719416666666675,-104.95219444444447,16,20
2nd-milwauke,6,milwauke street | 3 hour paid parking | no parking 2 am to 6 am | second avenue | winter wonderland cherry creek north,39.719416666666675,-104.95219444444447,16,20
2nd-milwauke,7,second avenue | winter wonderland cherry creek north | no parking 2 am to 6 am | milwauke street | 3 hour paid parking,39.719416666666675,-104.95219444444447,16,20
2nd-milwauke,8,3 hour paid parking | milwauke street | second avenue | no parking 2 am to 6 am | winter wonderland cherry creek north,39.719416666666675,-104.95219444444447,16,20
2nd-milwauke,9,3 hour paid parking | no parking 2 am to 6 am | winter wonderland cherry creek north | milwauke street | second avenue,39.719416666666675,-104.95219444444447,16,20
2nd-milwauke,10,second avenue | no parking 2 am to 6 am | 3 hour paid parking | winter wonderland cherry creek north | milwauke street,39.719416666666675,-104.95219444444447,16,20
2nd-milwauke,11,milwauke street | no parking 2 am to 6 am | 3 hour paid parking | winter wonderland cherry creek north | second avenue,39.719416666666675,-104.95219444444447,16,20
2nd-milwauke,12,milwauke street | 3 hour paid parking | no parking 2 am to 6 am | second avenue | winter wonderland cherry creek north,39.719416666666675,-104.95219444444447,16,20
2nd-milwauke,13,no parking 2 am to 6 am | 3 hour paid parking | winter wonderland cherry creek north | milwauke street | second avenue,39.719416666666675,-104.95219444444447,16,20
2nd-milwauke,14,no parking 2 am to 6 am | milwauke street | second avenue | 3 hour paid parking | winter wonderland cherry creek north,39.719416666666675,-104.95219444444447,16,20
2nd-milwauke,15,winter wonderland cherry creek north | second avenue | no parking 2 am to 6 am | 3 hour paid parking | milwauke street,39.719416666666675,-104.95219444444447,16,20
2nd-milwauke,16,milwauke street | second avenue | winter wonderland cherry creek north | 3 hour paid parking | no parking 2 am to 6 am,39.719416666666675,-104.95219444444447,16,20
2nd-milwauke,17,second avenue | winter wonderland cherry creek north | 3 hour paid parking | no parking 2 am to 6 am | milwauke street,39.719416666666675,-104.95219444444447,16,20
2nd-milwauke,18,milwauke street | 3 hour paid parking | no parking 2 am to 6 am | second avenue | winter wonderland cherry creek north,39.719416666666675,-104.95219444444447,16,20
2nd-milwauke,19,no parking 2 am to 6 am | second avenue | winter wonderland cherry creek north | milwauke street | 3 hour paid parking,39.719416666666675,-104.95219444444447,16,20
2nd-milwauke,20,no parking 2 am to 6 am | 3 hour paid parking | milwauke street | second avenue | winter wonderland cherry creek north,39.719416666666675,-104.95219444444447,16,20
2nd-milwauke,21,winter wonderland cherry creek north | second avenue | milwauke street | no parking 2 am to 6 am | 3 hour paid parking,39.719416666666675,-104.95219444444447,16,20
2nd-milwauke,22,winter wonderland cherry creek north | 3 hour paid parking | milwauke street | second avenue | no parking 2 am to 6 am,39.719416666666675,-104.95219444444447,16,20
2nd-milwauke,23,milwauke street | winter wonderland cherry creek north | 3 hour paid parking | second avenue | no parking 2 am to 6 am,39.719416666666675,-104.95219444444447,16,20
2nd-milwauke,24,no parking 2 am to 6 am | winter wonderland cherry creek north | 3 hour paid parking | milwauke street | second avenue,39.719416666666675,-104.95219444444447,16,20
2nd-milwauke,25,no parking 2 am to 6 am | milwauke street | winter wonderland cherry creek north | 3 hour paid parking | second avenue,39.719416666666675,-104.95219444444447,16,20
2nd-milwauke,26,winter wonderland cherry creek north | second avenue | 3 hour paid parking | milwauke street | no parking 2 am to 6 am,39.719416666666675,-104.95219444444447,16,20
2nd-milwauke,27,winter wonderland cherry creek north | 3 hour paid parking | second avenue | no parking 2 am to 6 am | milwauke street,39.719416666666675,-104.95219444444447,16,20
2nd-milwauke,28,second avenue | winter wonderland cherry creek north | milwauke street | 3 hour paid parking | no parking 2 am to 6 am,39.719416666666675,-104.95219444444447,16,20
2nd-milwauke,29,milwauke street | 3 hour paid parking | winter wonderland cherry creek north | second avenue | no parking 2 am to 6 am,39.719416666666675,-104.95219444444447,16,20
2nd-milwauke,30,no parking 2 am to 6 am | milwauke street | winter wonderland cherry creek north | second avenue | 3 hour paid parking,39.719416666666675,-104.95219444444447,16,20
2nd-milwauke,31,milwauke street | no parking 2 am to 6 am | second avenue | 3 hour paid parking | winter wonderland cherry creek north,39.719416666666675,-104.95219444444447,16,20
2nd-milwauke,32,3 hour paid parking | milwauke street | no parking 2 am to 6 am | winter wonderland cherry creek north | second avenue,39.719416666666675,-104.95219444444447,16,20
2nd-milwauke,33,no parking 2 am to 6 am | 3 hour paid parking | milwauke street | winter wonderland cherry creek north | second avenue,39.719416666666675,-104.95219444444447,16,20
2nd-milwauke,34,3 hour paid parking | no parking 2 am to 6 am | milwauke street | winter wonderland cherry creek north | second avenue,39.719416666666675,-104.95219444444447,16,20
2nd-milwauke,35,milwauke street | 3 hour paid parking | no parking 2 am to 6 am | winter wonderland cherry creek north | second avenue,39.719416666666675,-104.95219444444447,16,20
2nd-milwauke,36,3 hour paid parking | milwauke street | second avenue | winter wonderland cherry creek north | no parking 2 am to 6 am,39.719416666666675,-104.95219444444447,16,20
2nd-milwauke,37,3 hour paid parking | milwauke street | no parking 2 am to 6 am | second avenue | winter wonderland cherry creek north,39.719416666666675,-104.95219444444447,16,20
2nd-milwauke,38,winter wonderland cherry creek north | 3 hour paid parking | second avenue | milwauke street | no parking 2 am to 6 am,39.719416666666675,-104.95219444444447,16,20
2nd-milwauke,39,3 hour paid parking | winter wonderland cherry creek north | no parking 2 am to 6 am | second avenue | milwauke street,39.719416666666675,-104.95219444444447,16,20
2nd-milwauke,40,second avenue | no parking 2 am to 6 am | milwauke street | winter wonderland cherry creek north | 3 hour paid parking,39.719416666666675,-104.95219444444447,16,20
2nd-milwauke,41,3 hour paid parking | no parking 2 am to 6 am | second avenue | milwauke street | winter wonderland cherry creek north,39.719416666666675,-104.95219444444447,16,20
2nd-milwauke,42,winter wonderland cherry creek north | second avenue | milwauke street | 3 hour paid parking | no parking 2 am to 6 am,39.719416666666675,-104.95219444444447,16,20
2nd-milwauke,43,milwauke street | winter wonderland cherry creek north | 3 hour paid parking | no parking 2 am to 6 am | second avenue,39.719416666666675,-104.95219444444447,16,20
2nd-milwauke,44,second avenue | milwauke street | 3 hour paid parking | winter wonderland cherry creek north | no parking 2 am to 6 am,39.719416666666675,-104.95219444444447,16,20
2nd-milwauke,45,no parking 2 am to 6 am | winter wonderland cherry creek north | second avenue | 3 hour paid parking | milwauke street,39.719416666666675,-104.95219444444447,16,20
2nd-milwauke,46,milwauke street | second avenue | no parking 2 am to 6 am | 3 hour paid parking | winter wonderland cherry creek north,39.719416666666675,-104.95219444444447,16,20
2nd-milwauke,47,winter wonderland cherry creek north | no parking 2 am to 6 am | 3 hour paid parking | second avenue | milwauke street,39.719416666666675,-104.95219444444447,16,20
2nd-milwauke,48,3 hour paid parking | no parking 2 am to 6 am | milwauke street | second avenue | winter wonderland cherry creek north,39.719416666666675,-104.95219444444447,16,20
2nd-milwauke,49,winter wonderland cherry creek north | milwauke street | second avenue | no parking 2 am to 6 am | 3 hour paid parking,39.719416666666675,-104.95219444444447,16,20
2nd-stpaul,0,stop | no parking anytime fire lane | no parking thursday street sweeping 2am6am tow away zone | saint paul st | all way,39.719416666666675,-104.951,20,20
2nd-stpaul,1,no parking anytime fire lane | stop | no parking thursday street sweeping 2am6am tow away zone | saint paul st | all way,39.719416666666675,-104.951,20,20
2nd-stpaul,2,no parking thursday street sweeping 2am6am tow away zone | all way | no parking anytime fire lane | saint paul st | stop,39.719416666666675,-104.951,20,20
2nd-stpaul,3,all way | no parking anytime fire lane | stop | saint paul st | no parking thursday street sweeping 2am6am tow away zone,39.719416666666675,-104.951,20,20
2nd-stpaul,4,no parking thursday street sweeping 2am6am tow away zone | stop | no parking anytime fire lane | saint paul st | all way,39.719416666666675,-104.951,20,20
2nd-stpaul,5,no parking anytime fire lane | stop | no parking thursday street sweeping 2am6am tow away zone | saint paul st | all way,39.719416666666675,-104.951,20,20
2nd-stpaul,6,all way | no parking thursday street sweeping 2am6am tow away zone | saint paul st | stop | no parking anytime fire lane,39.719416666666675,-104.951,20,20
2nd-stpaul,7,saint paul st | no parking anytime fire lane | stop | no parking thursday street sweeping 2am6am tow away zone | all way,39.719416666666675,-104.951,20,20
2nd-stpaul,8,stop | saint paul st | no parking thursday street sweeping 2am6am tow away zone | all way | no parking anytime fire lane,39.719416666666675,-104.951,20,20
2nd-stpaul,9,stop | no parking thursday street sweeping 2am6am tow away zone | all way | saint paul st | no parking anytime fire lane,39.719416666666675,-104.951,20,20
2nd-stpaul,10,stop | no parking anytime fire lane | no parking thursday street sweeping 2am6am tow away zone | all way | saint paul st,39.719416666666675,-104.951,20,20
2nd-stpaul,11,no parking thursday street sweeping 2am6am tow away zone | stop | saint paul st | all way | no parking anytime fire lane,39.719416666666675,-104.951,20,20
2nd-stpaul,12,no parking thursday street sweeping 2am6am tow away zone | saint paul st | all way | no parking anytime fire lane | stop,39.719416666666675,-104.951,20,20
2nd-stpaul,13,stop | no parking anytime fire lane | all way | saint paul st | no parking thursday street sweeping 2am6am tow away zone,39.719416666666675,-104.951,20,20
2nd-stpaul,14,no parking thursday street sweeping 2am6am tow away zone | saint paul st | stop | all way | no parking anytime fire lane,39.719416666666675,-104.951,20,20
2nd-stpaul,15,stop | no parking anytime fire lane | no parking thursday street sweeping 2am6am tow away zone | saint paul st | all way,39.719416666666675,-104.951,20,20
2nd-stpaul,16,saint paul st | no parking thursday street sweeping 2am6am tow away zone | all way | stop | no parking anytime fire lane,39.719416666666675,-104.951,20,20
2nd-stpaul,17,no parking thursday street sweeping 2am6am tow away zone | no parking anytime fire lane | stop | saint paul st | all way,39.719416666666675,-104.951,20,20
2nd-stpaul,18,no parking thursday street sweeping 2am6am tow away zone | stop | no parking anytime fire lane | saint paul st | all way,39.719416666666675,-104.951,20,20
2nd-stpaul,19,all way | saint paul st | no parking thursday street sweeping 2am6am tow away zone | no parking anytime fire lane | stop,39.719416666666675,-104.951,20,20
2nd-stpaul,20,no parking thursday street sweeping 2am6am tow away zone | stop | no parking anytime fire lane | all way | saint paul st,39.719416666666675,-104.951,20,20
2nd-stpaul,21,all way | saint paul st | stop | no parking thursday street sweeping 2am6am tow away zone | no parking anytime fire lane,39.719416666666675,-104.951,20,20
2nd-stpaul,22,all way | no parking anytime fire lane | stop | no parking thursday street sweeping 2am6am tow away zone | saint paul st,39.719416666666675,-104.951,20,20
2nd-stpaul,23,all way | no parking thursday street sweeping 2am6am tow away zone | saint paul st | no parking anytime fire lane | stop,39.719416666666675,-104.951,20,20
2nd-stpaul,24,no parking thursday street sweeping 2am6am tow away zone | saint paul st | stop | all way | no parking anytime fire lane,39.719416666666675,-104.951,20,20
2nd-stpaul,25,no parking thursday street sweeping 2am6am tow away zone | saint paul st | stop | all way | no parking anytime fire lane,39.719416666666675,-104.951,20,20
2nd-stpaul,26,saint paul st | no parking anytime fire lane | no parking thursday street sweeping 2am6am tow away zone | stop | all way,39.719416666666675,-104.951,20,20
2nd-stpaul,27,stop | all way | no parking anytime fire lane | saint paul st | no parking thursday street sweeping 2am6am tow away zone,39.719416666666675,-104.951,20,20
2nd-stpaul,28,no parking anytime fire lane | no parking thursday street sweeping 2am6am tow away zone | stop | saint paul st | all way,39.719416666666675,-104.951,20,20
2nd-stpaul,29,saint paul st | no parking anytime fire lane | all way | stop | no parking thursday street sweeping 2am6am tow away zone,39.719416666666675,-104.951,20,20
2nd-stpaul,30,stop | saint paul st | no parking anytime fire lane | all way | no parking thursday street sweeping 2am6am tow away zone,39.719416666666675,-104.951,20,20
2nd-stpaul,31,saint paul st | stop | all way | no parking thursday street sweeping 2am6am tow away zone | no parking anytime fire lane,39.719416666666675,-104.951,20,20
2nd-stpaul,32,no parking anytime fire lane | no parking thursday street sweeping 2am6am tow away zone | saint paul st | stop | all way,39.719416666666675,-104.951,20,20
2nd-stpaul,33,no parking anytime fire lane | no parking thursday street sweeping 2am6am tow away zone | all way | stop | saint paul st,39.719416666666675,-104.951,20,20
2nd-stpaul,34,all way | stop | no parking thursday street sweeping 2am6am tow away zone | no parking anytime fire lane | saint paul st,39.719416666666675,-104.951,20,20
2nd-stpaul,35,no parking thursday street sweeping 2am6am tow away zone | all way | stop | no parking anytime fire lane | saint paul st,39.719416666666675,-104.951,20,20
2nd-stpaul,36,stop | no parking thursday street sweeping 2am6am tow away zone | saint paul st | no parking anytime fire lane | all way,39.719416666666675,-104.951,20,20
2nd-stpaul,37,saint paul st | all way | stop | no parking anytime fire lane | no parking thursday street sweeping 2am6am tow away zone,39.719416666666675,-104.951,20,20
2nd-stpaul,38,all way | stop | saint paul st | no parking thursday street sweeping 2am6am tow away zone | no parking anytime fire lane,39.719416666666675,-104.951,20,20
2nd-stpaul,39,no parking anytime fire lane | saint paul st | stop | all way | no parking thursday street sweeping 2am6am tow away zone,39.719416666666675,-104.951,20,20
2nd-stpaul,40,saint paul st | all way | no parking thursday street sweeping 2am6am tow away zone | no parking anytime fire lane | stop,39.719416666666675,-104.951,20,20
2nd-stpaul,41,saint paul st | no parking anytime fire lane | no parking thursday street sweeping 2am6am tow away zone | all way | stop,39.719416666666675,-104.951,20,20
2nd-stpaul,42,stop | saint paul st | no parking thursday street sweeping 2am6am tow away zone | all way | no parking anytime fire lane,39.719416666666675,-104.951,20,20
2nd-stpaul,43,stop | no parking thursday street sweeping 2am6am tow away zone | no parking anytime fire lane | all way | saint paul st,39.719416666666675,-104.951,20,20
2nd-stpaul,44,saint paul st | all way | no parking thursday street sweeping 2am6am tow away zone | stop | no parking anytime fire lane,39.719416666666675,-104.951,20,20
2nd-stpaul,45,no parking thursday street sweeping 2am6am tow away zone | no parking anytime fire lane | stop | saint paul st | all way,39.719416666666675,-104.951,20,20
2nd-stpaul,46,all way | saint paul st | stop | no parking anytime fire lane | no parking thursday street sweeping 2am6am tow away zone,39.719416666666675,-104.951,20,20
2nd-stpaul,47,all way | saint paul st | stop | no parking thursday street sweeping 2am6am tow away zone | no parking anytime fire lane,39.719416666666675,-104.951,20,20
2nd-stpaul,48,stop | saint paul st | no parking anytime fire lane | all way | no parking thursday street sweeping 2am6am tow away zone,39.719416666666675,-104.951,20,20
2nd-stpaul,49,stop | all way | no parking thursday street sweeping 2am6am tow away zone | no parking anytime fire lane | saint paul st,39.719416666666675,-104.951,20,20
38th-race,0,street sweeping p this side 2nd tuesday april thru nov 8am 5pm tow away zone | no parking any time tow away zone | private pakring no trespassing | no parking tow away zone | no parking any time tow away zone,39.769333333333336,-104.96341666666667,14,16
38th-race,1,38th ave | customer parking | republic services | customer parking | coleman,39.769333333333336,-104.96341666666667,14,16
38th-race,2,no parking any time tow away zone | fire alarm panel inside | 2000 e race st | fire riser inside | 2000 e race st,39.769333333333336,-104.96341666666667,14,16
38th-race,3,private parking | fire alarm panel inside | coleman | no parking any time tow away zone | private pakring no trespassing,39.769333333333336,-104.96341666666667,14,16
38th-race,4,no parking any time tow away zone | private parking | private pakring no trespassing | fire alarm panel inside | fire alarm panel inside,39.769333333333336,-104.96341666666667,14,16
38th-race,5,private parking | fire riser inside | fire alarm panel inside | no parking tow away zone | no parking any time tow away zone,39.769333333333336,-104.96341666666667,14,16
38th-race,6,fire alarm panel inside | customer parking | no parking tow away zone | republic services | fire alarm panel inside,39.769333333333336,-104.96341666666667,14,16
38th-race,7,coleman | 2000 e race st | caution caution caution caution caution caution | coleman | republic services,39.769333333333336,-104.96341666666667,14,16
38th-race,8,manager parking only | manager parking only | no parking any time tow away zone | fire alarm panel inside | 38th ave,39.769333333333336,-104.96341666666667,14,16
38th-race,9,republic services | private parking | no parking tow away zone | manager parking only | no parking tow away zone,39.769333333333336,-104.96341666666667,14,16
38th-race,10,republic services | no parking tow away zone | caution caution caution caution caution caution | fire riser inside | 2000 e race st,39.769333333333336,-104.96341666666667,14,16
38th-race,11,manager parking only | 38th ave | no parking any time tow away zone | fire alarm panel inside | private parking,39.769333333333336,-104.96341666666667,14,16
38th-race,12,no parking any time tow away zone | street sweeping p this side 2nd tuesday april thru nov 8am 5pm tow away zone | fire alarm panel inside | street sweeping p this side 2nd tuesday april thru nov 8am 5pm tow away zone | coleman,39.769333333333336,-104.96341666666667,14,16
38th-race,13,no parking any time tow away zone | fire alarm panel inside | private parking | manager parking only | no parking any time tow away zone,39.769333333333336,-104.96341666666667,14,16
38th-race,14,coleman | private parking | 38th ave | republic services | private pakring no trespassing,39.769333333333336,-104.96341666666667,14,16
38th-race,15,no parking any time tow away zone | private parking | private parking | 2000 e race st | 38th ave,39.769333333333336,-104.96341666666667,14,16
38th-race,16,private pakring no trespassing | customer parking | fire riser inside | 2000 e race st | no parking any time tow away zone,39.769333333333336,-104.96341666666667,14,16
38th-race,17,caution caution caution caution caution caution | private parking | republic services | caution caution caution caution caution caution | manager parking only,39.769333333333336,-104.96341666666667,14,16
38th-race,18,republic services | republic services | fire alarm panel inside | 38th ave | private pakring no trespassing,39.769333333333336,-104.96341666666667,14,16
38th-race,19,private parking | no parking any time tow away zone | manager parking only | no parking any time tow away zone | fire riser inside,39.769333333333336,-104.96341666666667,14,16
38th-race,20,fire alarm panel inside | no parking any time tow away zone | manager parking only | no parking tow away zone | republic services,39.769333333333336,-104.96341666666667,14,16
38th-race,21,street sweeping p this side 2nd tuesday april thru nov 8am 5pm tow away zone | private pakring no trespassing | private pakring no trespassing | no parking tow away zone | republic services,39.769333333333336,-104.96341666666667,14,16
38th-race,22,republic services | coleman | no parking tow away zone | fire alarm panel inside | 2000 e race st,39.769333333333336,-104.96341666666667,14,16
38th-race,23,customer parking | manager parking only | street sweeping p this side 2nd tuesday april thru nov 8am 5pm tow away zone | coleman | no parking any time tow away zone,39.769333333333336,-104.96341666666667,14,16
38th-race,24,no parking tow away zone | 2000 e race st | manager parking only | fire riser inside | customer parking,39.769333333333336,-104.96341666666667,14,16
38th-race,25,republic services | 38th ave | no parking any time tow away zone | manager parking only | 2000 e race st,39.769333333333336,-104.96341666666667,14,16
38th-race,26,fire riser inside | private pakring no trespassing | street sweeping p this side 2nd tuesday april thru nov 8am 5pm tow away zone | manager parking only | 2000 e race st,39.769333333333336,-104.96341666666667,14,16
38th-race,27,manager parking only | coleman | manager parking only | street sweeping p this side 2nd tuesday april thru nov 8am 5pm tow away zone | no parking tow away zone,39.769333333333336,-104.96341666666667,14,16
38th-race,28,republic services | caution caution caution caution caution caution | fire alarm panel inside | fire alarm panel inside | fire alarm panel inside,39.769333333333336,-104.96341666666667,14,16
38th-race,29,2000 e race st | no parking any time tow away zone | fire riser inside | no parking any time tow away zone | street sweeping p this side 2nd tuesday april thru nov 8am 5pm tow away zone,39.769333333333336,-104.96341666666667,14,16
38th-race,30,2000 e race st | manager parking only | street sweeping p this side 2nd tuesday april thru nov 8am 5pm tow away zone | customer parking | 2000 e race st,39.769333333333336,-104.96341666666667,14,16
38th-race,31,caution caution caution caution caution caution | manager parking only | customer parking | caution caution caution caution caution caution | fire alarm panel inside,39.769333333333336,-104.96341666666667,14,16
38th-race,32,coleman | manager parking only | private pakring no trespassing | manager parking only | no parking tow away zone,39.769333333333336,-104.96341666666667,14,16
38th-race,33,no parking tow away zone | no parking any time tow away zone | republic services | no parking any time tow away zone | private parking,39.769333333333336,-104.96341666666667,14,16
38th-race,34,customer parking | 38th ave | fire alarm panel inside | fire alarm panel inside | no parking tow away zone,39.769333333333336,-104.96341666666667,14,16
38th-race,35,street sweeping p this side 2nd tuesday april thru nov 8am 5pm tow away zone | private parking | private parking | street sweeping p this side 2nd tuesday april thru nov 8am 5pm tow away zone | no parking any time tow away zone,39.769333333333336,-104.96341666666667,14,16
38th-race,36,fire riser inside | customer parking | street sweeping p this side 2nd tuesday april thru nov 8am 5pm tow away zone | customer parking | republic services,39.769333333333336,-104.96341666666667,14,16
38th-race,37,private parking | no parking any time tow away zone | no parking any time tow away zone | coleman | 38th ave,39.769333333333336,-104.96341666666667,14,16
38th-race,38,manager parking only | private pakring no trespassing | street sweeping p this side 2nd tuesday april thru nov 8am 5pm tow away zone | caution caution caution caution caution caution | fire riser inside,39.769333333333336,-104.96341666666667,14,16
38th-race,39,private pakring no trespassing | manager parking only | 2000 e race st | no parking tow away zone | manager parking only,39.769333333333336,-104.96341666666667,14,16
38th-race,40,manager parking only | customer parking | 2000 e race st | private parking | 2000 e race st,39.769333333333336,-104.96341666666667,14,16
38th-race,41,fire alarm panel inside | coleman | no parking any time tow away zone | private parking | no parking any time tow away zone,39.769333333333336,-104.96341666666667,14,16
38th-race,42,2000 e race st | fire alarm panel inside | fire riser inside | 2000 e race st | no parking tow away zone,39.769333333333336,-104.96341666666667,14,16
38th-race,43,customer parking | caution caution caution caution caution caution | no parking any time tow away zone | caution caution caution caution caution caution | no parking any time tow away zone,39.769333333333336,-104.96341666666667,14,16
38th-race,44,manager parking only | no parking any time tow away zone | 38th ave | street sweeping p this side 2nd tuesday april thru nov 8am 5pm tow away zone | no parking tow away zone,39.769333333333336,-104.96341666666667,14,16
38th-race,45,republic services | coleman | manager parking only | 2000 e race st | street sweeping p this side 2nd tuesday april thru nov 8am 5pm tow away zone,39.769333333333336,-104.96341666666667,14,16
38th-race,46,republic services | caution caution caution caution caution caution | private pakring no trespassing | 2000 e race st | street sweeping p this side 2nd tuesday april thru nov 8am 5pm tow away zone,39.769333333333336,-104.96341666666667,14,16
38th-race,47,coleman | private parking | coleman | 38th ave | manager parking only,39.769333333333336,-104.96341666666667,14,16
38th-race,48,no parking any time tow away zone | manager parking only | caution caution caution caution caution caution | manager parking only | no parking any time tow away zone,39.769333333333336,-104.96341666666667,14,16
38th-race,49,no parking any time tow away zone | street sweeping p this side 2nd tuesday april thru nov 8am 5pm tow away zone | coleman | no parking any time tow away zone | 2000 e race st,39.769333333333336,-104.96341666666667,14,16
3rd-glencoe,0,neighborhood watch and operation idenitification | no soliciting no soliciting | no soliciting no soliciting | 3rd ave | gutters,39.72102777777778,-104.92580555555556,9,9
3rd-glencoe,1,exit for sale | 3rd ave | neighborhood watch and operation idenitification | exit for sale | neighborhood watch and operation idenitification,39.72102777777778,-104.92580555555556,9,9
3rd-glencoe,2,neighborhood watch and operation idenitification | 15 mph | rip | speed limit 25 over 7000 lbs empty wt no parking any time | speed limit 25 over 7000 lbs empty wt no parking any time,39.72102777777778,-104.92580555555556,9,9
3rd-glencoe,3,gutters | speed limit 25 over 7000 lbs empty wt no parking any time | stop | stop | stop,39.72102777777778,-104.92580555555556,9,9
3rd-glencoe,4,neighborhood watch and operation idenitification | gutters | 15 mph | 3rd ave | exit for sale,39.72102777777778,-104.92580555555556,9,9
3rd-glencoe,5,no soliciting no soliciting | exit for sale | no soliciting no soliciting | rip | gutters,39.72102777777778,-104.92580555555556,9,9
3rd-glencoe,6,rip | rip | exit for sale | speed limit 25 over 7000 lbs empty wt no parking any time | no soliciting no soliciting,39.72102777777778,-104.92580555555556,9,9
3rd-glencoe,7,neighborhood watch and operation idenitification | rip | rip | stop | speed limit 25 over 7000 lbs empty wt no parking any time,39.72102777777778,-104.92580555555556,9,9
3rd-glencoe,8,15 mph | rip | neighborhood watch and operation idenitification | neighborhood watch and operation idenitification | 3rd ave,39.72102777777778,-104.92580555555556,9,9
3rd-glencoe,9,15 mph | speed limit 25 over 7000 lbs empty wt no parking any time | stop | rip | 15 mph,39.72102777777778,-104.92580555555556,9,9
3rd-glencoe,10,rip | no soliciting no soliciting | 3rd ave | speed limit 25 over 7000 lbs empty wt no parking any time | 15 mph,39.72102777777778,-104.92580555555556,9,9
3rd-glencoe,11,no soliciting no soliciting | stop | 15 mph | gutters | 15 mph,39.72102777777778,-104.92580555555556,9,9
3rd-glencoe,12,exit for sale | 15 mph | 15 mph | exit for sale | stop,39.72102777777778,-104.92580555555556,9,9
3rd-glencoe,13,exit for sale | rip | stop | no soliciting no soliciting | speed limit 25 over 7000 lbs empty wt no parking any time,39.72102777777778,-104.92580555555556,9,9
3rd-glencoe,14,3rd ave | 3rd ave | rip | gutters | neighborhood watch and operation idenitification,39.72102777777778,-104.92580555555556,9,9
3rd-glencoe,15,no soliciting no soliciting | no soliciting no soliciting | stop | speed limit 25 over 7000 lbs empty wt no parking any time | rip,39.72102777777778,-104.92580555555556,9,9
3rd-glencoe,16,15 mph | rip | rip | 15 mph | speed limit 25 over 7000 lbs empty wt no parking any time,39.72102777777778,-104.92580555555556,9,9
3rd-glencoe,17,3rd ave | no soliciting no soliciting | 15 mph | 3rd ave | neighborhood watch and operation idenitification,39.72102777777778,-104.92580555555556,9,9
3rd-glencoe,18,3rd ave | 15 mph | 3rd ave | gutters | gutters,39.72102777777778,-104.92580555555556,9,9
3rd-glencoe,19,speed limit 25 over 7000 lbs empty wt no parking any time | speed limit 25 over 7000 lbs empty wt no parking any time | exit for sale | no soliciting no soliciting | 3rd ave,39.72102777777778,-104.92580555555556,9,9
3rd-glencoe,20,speed limit 25 over 7000 lbs empty wt no parking any time | no soliciting no soliciting | gutters | 3rd ave | speed limit 25 over 7000 lbs empty wt no parking any time,39.72102777777778,-104.92580555555556,9,9
3rd-glencoe,21,rip | no soliciting no soliciting | speed limit 25 over 7000 lbs empty wt no parking any time | exit for sale | rip,39.72102777777778,-104.92580555555556,9,9
3rd-glencoe,22,speed limit 25 over 7000 lbs empty wt no parking any time | no soliciting no soliciting | gutters | stop | stop,39.72102777777778,-104.92580555555556,9,9
3rd-glencoe,23,no soliciting no soliciting | neighborhood watch and operation idenitification | 3rd ave | rip | neighborhood watch and operation idenitification,39.72102777777778,-104.92580555555556,9,9
3rd-glencoe,24,neighborhood watch and operation idenitification | rip | no soliciting no soliciting | exit for sale | stop,39.72102777777778,-104.92580555555556,9,9
3rd-glencoe,25,no soliciting no soliciting | neighborhood watch and operation idenitification | no soliciting no soliciting | speed limit 25 over 7000 lbs empty wt no parking any time | 15 mph,39.72102777777778,-104.92580555555556,9,9
3rd-glencoe,26,rip | neighborhood watch and operation idenitification | 3rd ave | 3rd ave | 15 mph,39.72102777777778,-104.92580555555556,9,9
3rd-glencoe,27,rip | stop | no soliciting no soliciting | exit for sale | stop,39.72102777777778,-104.92580555555556,9,9
3rd-glencoe,28,exit for sale | speed limit 25 over 7000 lbs empty wt no parking any time | 3rd ave | neighborhood watch and operation idenitification | neighborhood watch and operation idenitification,39.72102777777778,-104.92580555555556,9,9
3rd-glencoe,29,rip | neighborhood watch and operation idenitification | 15 mph | neighborhood watch and operation idenitification | gutters,39.72102777777778,-104.92580555555556,9,9
3rd-glencoe,30,exit for sale | no soliciting no soliciting | 15 mph | neighborhood watch and operation idenitification | no soliciting no soliciting,39.72102777777778,-104.92580555555556,9,9
3rd-glencoe,31,no soliciting no soliciting | neighborhood watch and operation idenitification | rip | 15 mph | neighborhood watch and operation idenitification,39.72102777777778,-104.92580555555556,9,9
3rd-glencoe,32,stop | speed limit 25 over 7000 lbs empty wt no parking any time | neighborhood watch and operation idenitification | 15 mph | speed limit 25 over 7000 lbs empty wt no parking any time,39.72102777777778,-104.92580555555556,9,9
3rd-glencoe,33,neighborhood watch and operation idenitification | neighborhood watch and operation idenitification | no soliciting no soliciting | stop | speed limit 25 over 7000 lbs empty wt no parking any time,39.72102777777778,-104.92580555555556,9,9
3rd-glencoe,34,neighborhood watch and operation idenitification | 3rd ave | 3rd ave | gutters | stop,39.72102777777778,-104.92580555555556,9,9
3rd-glencoe,35,exit for sale | rip | 3rd ave | 15 mph | gutters,39.72102777777778,-104.92580555555556,9,9
3rd-glencoe,36,15 mph | neighborhood watch and operation idenitification | no soliciting no soliciting | 3rd ave | exit for sale,39.72102777777778,-104.92580555555556,9,9
3rd-glencoe,37,exit for sale | stop | 15 mph | speed limit 25 over 7000 lbs empty wt no parking any time | rip,39.72102777777778,-104.92580555555556,9,9
3rd-glencoe,38,3rd ave | exit for sale | rip | speed limit 25 over 7000 lbs empty wt no parking any time | rip,39.72102777777778,-104.92580555555556,9,9
3rd-glencoe,39,neighborhood watch and operation idenitification | speed limit 25 over 7000 lbs empty wt no parking any time | stop | neighborhood watch and operation idenitification | neighborhood watch and operation idenitification,39.72102777777778,-104.92580555555556,9,9
3rd-glencoe,40,speed limit 25 over 7000 lbs empty wt no parking any time | rip | 3rd ave | exit for sale | stop,39.72102777777778,-104.92580555555556,9,9
3rd-glencoe,41,stop | 15 mph | speed limit 25 over 7000 lbs empty wt no parking any time | 3rd ave | neighborhood watch and operation idenitification,39.72102777777778,-104.92580555555556,9,9
3rd-glencoe,42,15 mph | rip | stop | exit for sale | 3rd ave,39.72102777777778,-104.92580555555556,9,9
3rd-glencoe,43,speed limit 25 over 7000 lbs empty wt no parking any time | gutters | speed limit 25 over 7000 lbs empty wt no parking any time | exit for sale | 3rd ave,39.72102777777778,-104.92580555555556,9,9
3rd-glencoe,44,3rd ave | neighborhood watch and operation idenitification | no soliciting no soliciting | rip | no soliciting no soliciting,39.72102777777778,-104.92580555555556,9,9
3rd-glencoe,45,speed limit 25 over 7000 lbs empty wt no parking any time | stop | neighborhood watch and operation idenitification | no soliciting no soliciting | stop,39.72102777777778,-104.92580555555556,9,9
3rd-glencoe,46,speed limit 25 over 7000 lbs empty wt no parking any time | 15 mph | speed limit 25 over 7000 lbs empty wt no parking any time | neighborhood watch and operation idenitification | stop,39.72102777777778,-104.92580555555556,9,9
3rd-glencoe,47,speed limit 25 over 7000 lbs empty wt no parking any time | stop | exit for sale | exit for sale | speed limit 25 over 7000 lbs empty wt no parking any time,39.72102777777778,-104.92580555555556,9,9
3rd-glencoe,48,15 mph | rip | gutters | neighborhood watch and operation idenitification | no soliciting no soliciting,39.72102777777778,-104.92580555555556,9,9
3rd-glencoe,49,exit for sale | gutters | neighborhood watch and operation idenitification | stop | stop,39.72102777777778,-104.92580555555556,9,9
3rd-josephine,0,street sweeping no parking thursday 2am 6am tow away zone | 3hr parking 8am 7pm sun hol excl | public parking | school zone fines double | d denver josephine st,39.721,-104.95827777777778,48,59
3rd-josephine,1,parking rates overnight valet 40 daily valet 02 hours 15 24 hours 25 46 hours 35 6 hours 40 | kouture consignment new | winter wonderland shops lights bites | cioccolatier | street sweeping thursday 2am 6am tow away zone,39.721,-104.95827777777778,48,59
3rd-josephine,2,kouture consignment new | no parking any time tow away zone | chanel | no parking any time | d denver josephine st,39.721,-104.95827777777778,48,59
3rd-josephine,3,3hr parking 8am 7pm sun hol excl | public parking | one way | le hermitage academy of the arts | third ave third ave,39.721,-104.95827777777778,48,59
3rd-josephine,4,shake shack | no parking any time | chanel | exit only | moxy,39.721,-104.95827777777778,48,59
3rd-josephine,5,the ambrosian pantry fine foods gifts | ahead | burgers fries shakes hot dogs frozen custard | paradise cleaners paradise cleaners paradise cleaners | burgers fries shakes hot dogs frozen custard,39.721,-104.95827777777778,48,59
3rd-josephine,6,burgers fries shakes hot dogs frozen custard | spencer technologies spencer tech | rockslide demo sawcutting llc electric and gas slab slawcutting wall sawing selective demoliton | cioccolatier | street sweeping no parking thursday 2am 6am tow away zone,39.721,-104.95827777777778,48,59
3rd-josephine,7,moxy | cioccolatier | shake shack | d denver josephine st | ameriprise financia,39.721,-104.95827777777778,48,59
3rd-josephine,8,ameriprise financia | the ambrosian pantry fine foods gifts | public parking | hermes | public parking,39.721,-104.95827777777778,48,59
3rd-josephine,9,shake shack | open | spencer technologies spencer tech | moxy valet | cioccolatier,39.721,-104.95827777777778,48,59
3rd-josephine,10,gucci | moxy valet | public parking | little ollies | public parking,39.721,-104.95827777777778,48,59
3rd-josephine,11,enter | cherry creek north life is sweet | one way | shake shack | school zone fines double,39.721,-104.95827777777778,48,59
3rd-josephine,12,the ambrosian pantry fine foods gifts | cioccolatier | available exclusive retailoffice | syrup syrup | park here,39.721,-104.95827777777778,48,59
3rd-josephine,13,one way | available exclusive retailoffice | ameriprise financia | the ambrosian pantry fine foods gifts | cioccolatier,39.721,-104.95827777777778,48,59
3rd-josephine,14,one way | third ave plaza epiq the style studio ballroom and beyond belly bliss salon kouture yy syrup cafe | street sweeping no parking thursday 2am 6am tow away zone | third ave plaza epiq the style studio ballroom and beyond belly bliss salon kouture yy syrup cafe | no parking any time tow away zone,39.721,-104.95827777777778,48,59
3rd-josephine,15,ahead | le hermitage academy of the arts | kouture consignment new | spencer technologies spencer tech | le hermitage academy of the arts,39.721,-104.95827777777778,48,59
3rd-josephine,16,enter | burgers fries shakes hot dogs frozen custard | no parking any time tow away zone | open | spencer technologies spencer tech,39.721,-104.95827777777778,48,59
3rd-josephine,17,one way | street sweeping thursday 2am 6am tow away zone | public parking | street sweeping thursday 2am 6am tow away zone | d denver josephine st,39.721,-104.95827777777778,48,59
3rd-josephine,18,kouture consignment new | no parking any time | no parking any time | public parking | hermes,39.721,-104.95827777777778,48,59
3rd-josephine,19,le hermitage academy of the arts | available exclusive retailoffice | no parking any time tow away zone | no parking any time | 3hr parking 8am 7pm sun hol excl,39.721,-104.95827777777778,48,59
3rd-josephine,20,ameriprise financia | burgers fries shakes hot dogs frozen custard | spencer technologies spencer tech | shake shack | d denver 3rd ave,39.721,-104.95827777777778,48,59
3rd-josephine,21,d denver josephine st | one way | the ambrosian pantry fine foods gifts | d denver 3rd ave | 3hr parking 8am 7pm sun hol excl,39.721,-104.95827777777778,48,59
3rd-josephine,22,the ambrosian pantry fine foods gifts | kouture | street sweeping no parking thursday 2am 6am tow away zone | d denver josephine st | third ave third ave,39.721,-104.95827777777778,48,59
3rd-josephine,23,moxy valet | burgers fries shakes hot dogs frozen custard | hermes | le hermitage academy of the arts | street sweeping thursday 2am 6am tow away zone,39.721,-104.95827777777778,48,59
3rd-josephine,24,winter wonderland cherry creek north life is sweet | moxy | cherry creek north life is sweet | d denver josephine st | open,39.721,-104.95827777777778,48,59
3rd-josephine,25,kouture consignment new | syrup syrup | le hermitage | gucci | third ave third ave,39.721,-104.95827777777778,48,59
3rd-josephine,26,third ave third ave | one way | moxy valet | d denver josephine st | josephine josephine st,39.721,-104.95827777777778,48,59
3rd-josephine,27,no parking any time | cherry creek north life is sweet | one way | le hermitage academy of the arts | third ave plaza epiq the style studio ballroom and beyond belly bliss salon kouture yy syrup cafe,39.721,-104.95827777777778,48,59
3rd-josephine,28,no parking any time | little ollies | ameriprise financia | exit only | rys the best workout in the world,39.721,-104.95827777777778,48,59
3rd-josephine,29,winter wonderland cherry creek north life is sweet | cioccolatier | the ambrosian pantry fine foods gifts | cioccolatier | one way,39.721,-104.95827777777778,48,59
3rd-josephine,30,moxy | kouture | cherry creek north life is sweet | ameriprise financia | d denver 3rd ave,39.721,-104.95827777777778,48,59
3rd-josephine,31,cherry creek north life is sweet | kouture | ahead | school zone fines double | street sweeping no parking thursday 2am 6am tow away zone,39.721,-104.95827777777778,48,59
3rd-josephine,32,cioccolatier | available exclusive retailoffice | exit only | winter wonderland shops lights bites | third ave plaza epiq the style studio ballroom and beyond belly bliss salon kouture yy syrup cafe,39.721,-104.95827777777778,48,59
3rd-josephine,33,salon utopia skincare nails hair | gucci | school zone fines double | the ambrosian pantry fine foods gifts | cioccolatier,39.721,-104.95827777777778,48,59
3rd-josephine,34,no parking any time | public parking | cioccolatier | one way | burgers fries shakes hot dogs frozen custard,39.721,-104.95827777777778,48,59
3rd-josephine,35,shake shack | third ave third ave | the ambrosian pantry fine foods gifts | sushi | no parking any time tow away zone,39.721,-104.95827777777778,48,59
3rd-josephine,36,kouture consignment new | winter wonderland shops lights bites | one way | no parking any time | no parking any time,39.721,-104.95827777777778,48,59
3rd-josephine,37,public parking | gucci | public parking | school zone fines double | moxy,39.721,-104.95827777777778,48,59
3rd-josephine,38,third ave plaza epiq the style studio ballroom and beyond belly bliss salon kouture yy syrup cafe | school zone fines double | little ollies | cioccolatier | d denver 3rd ave,39.721,-104.95827777777778,48,59
3rd-josephine,39,available exclusive retailoffice | kouture consignment new | one way | le hermitage academy of the arts | third ave plaza epiq the style studio ballroom and beyond belly bliss salon kouture yy syrup cafe,39.721,-104.95827777777778,48,59
3rd-josephine,40,fdc | available exclusive retailoffice | le hermitage academy of the arts | moxy valet | kouture,39.721,-104.95827777777778,48,59
3rd-josephine,41,rys the best workout in the world | moxy | 3hr parking 8am 7pm sun hol excl | no parking any time | winter wonderland shops lights bites,39.721,-104.95827777777778,48,59
3rd-josephine,42,no parking any time | ibex | burgers fries shakes hot dogs frozen custard | syrup syrup | kouture consignment new,39.721,-104.95827777777778,48,59
3rd-josephine,43,josephine josephine st | ameriprise financia | moxy valet | gucci | rockslide demo sawcutting llc electric and gas slab slawcutting wall sawing selective demoliton,39.721,-104.95827777777778,48,59
3rd-josephine,44,moxy | no parking any time tow away zone | kouture consignment new | third ave third ave | cioccolatier,39.721,-104.95827777777778,48,59
3rd-josephine,45,no parking any time tow away zone | ibex | cioccolatier | one way | exit only,39.721,-104.95827777777778,48,59
3rd-josephine,46,little ollies | one way | ibex | exit only | moxy,39.721,-104.95827777777778,48,59
3rd-josephine,47,syrup syrup | parking rates overnight valet 40 daily valet 02 hours 15 24 hours 25 46 hours 35 6 hours 40 | kouture consignment new | moxy | paradise cleaners paradise cleaners paradise cleaners,39.721,-104.95827777777778,48,59
3rd-josephine,48,kouture consignment new | gucci | enter | chanel | paradise cleaners paradise cleaners paradise cleaners,39.721,-104.95827777777778,48,59
3rd-josephine,49,little ollies | little ollies | school zone fines double | kouture consignment new | kouture consignment new,39.721,-104.95827777777778,48,59
6th-santafe,0,closed | the pza pizzeria | pizza | the pza pizzeria | closed,39.72577777777778,-104.99858333333331,6,6
6th-santafe,1,the pza pizzeria | tattoo expo and fest | pizza | the pza pizzeria | the pza pizzeria,39.72577777777778,-104.99858333333331,6,6
6th-santafe,2,the pza pizzeria | colorado historic district | pizza | the pza pizzeria | the pza pizzeria,39.72577777777778,-104.99858333333331,6,6
6th-santafe,3,pizza | the pza pizzeria | closed | national western complex live tattooing all weekend tattoo competition | pizza,39.72577777777778,-104.99858333333331,6,6
6th-santafe,4,closed | colorado historic district | the pza pizzeria | closed | national western complex live tattooing all weekend tattoo competition,39.72577777777778,-104.99858333333331,6,6
6th-santafe,5,national western complex live tattooing all weekend tattoo competition | the pza pizzeria | pizza | the pza pizzeria | the pza pizzeria,39.72577777777778,-104.99858333333331,6,6
6th-santafe,6,pizza | colorado historic district | colorado historic district | colorado historic district | closed,39.72577777777778,-104.99858333333331,6,6
6th-santafe,7,the pza pizzeria | national western complex live tattooing all weekend tattoo competition | pizza | pizza | the pza pizzeria,39.72577777777778,-104.99858333333331,6,6
6th-santafe,8,colorado historic district | colorado historic district | closed | closed | closed,39.72577777777778,-104.99858333333331,6,6
6th-santafe,9,closed | pizza | national western complex live tattooing all weekend tattoo competition | the pza pizzeria | closed,39.72577777777778,-104.99858333333331,6,6
6th-santafe,10,national western complex live tattooing all weekend tattoo competition | the pza pizzeria | pizza | pizza | the pza pizzeria,39.72577777777778,-104.99858333333331,6,6
6th-santafe,11,pizza | national western complex live tattooing all weekend tattoo competition | tattoo expo and fest | closed | national western complex live tattooing all weekend tattoo competition,39.72577777777778,-104.99858333333331,6,6
6th-santafe,12,tattoo expo and fest | national western complex live tattooing all weekend tattoo competition | national western complex live tattooing all weekend tattoo competition | national western complex live tattooing all weekend tattoo competition | national western complex live tattooing all weekend tattoo competition,39.72577777777778,-104.99858333333331,6,6
6th-santafe,13,tattoo expo and fest | national western complex live tattooing all weekend tattoo competition | tattoo expo and fest | colorado historic district | tattoo expo and fest,39.72577777777778,-104.99858333333331,6,6
6th-santafe,14,pizza | tattoo expo and fest | the pza pizzeria | pizza | pizza,39.72577777777778,-104.99858333333331,6,6
6th-santafe,15,colorado historic district | tattoo expo and fest | tattoo expo and fest | national western complex live tattooing all weekend tattoo competition | colorado historic district,39.72577777777778,-104.99858333333331,6,6
6th-santafe,16,the pza pizzeria | the pza pizzeria | closed | national western complex live tattooing all weekend tattoo competition | the pza pizzeria,39.72577777777778,-104.99858333333331,6,6
6th-santafe,17,closed | tattoo expo and fest | tattoo expo and fest | colorado historic district | the pza pizzeria,39.72577777777778,-104.99858333333331,6,6
6th-santafe,18,tattoo expo and fest | colorado historic district | tattoo expo and fest | the pza pizzeria | tattoo expo and fest,39.72577777777778,-104.99858333333331,6,6
6th-santafe,19,tattoo expo and fest | the pza pizzeria | tattoo expo and fest | national western complex live tattooing all weekend tattoo competition | colorado historic district,39.72577777777778,-104.99858333333331,6,6
6th-santafe,20,pizza | the pza pizzeria | closed | the pza pizzeria | colorado historic district,39.72577777777778,-104.99858333333331,6,6
6th-santafe,21,the pza pizzeria | the pza pizzeria | pizza | closed | national western complex live tattooing all weekend tattoo competition,39.72577777777778,-104.99858333333331,6,6
6th-santafe,22,the pza pizzeria | tattoo expo and fest | pizza | the pza pizzeria | the pza pizzeria,39.72577777777778,-104.99858333333331,6,6
6th-santafe,23,colorado historic district | tattoo expo and fest | colorado historic district | national western complex live tattooing all weekend tattoo competition | tattoo expo and fest,39.72577777777778,-104.99858333333331,6,6
6th-santafe,24,the pza pizzeria | national western complex live tattooing all weekend tattoo competition | the pza pizzeria | tattoo expo and fest | closed,39.72577777777778,-104.99858333333331,6,6
6th-santafe,25,colorado historic district | tattoo expo and fest | colorado historic district | tattoo expo and fest | colorado historic district,39.72577777777778,-104.99858333333331,6,6
6th-santafe,26,closed | closed | closed | closed | the pza pizzeria,39.72577777777778,-104.99858333333331,6,6
6th-santafe,27,pizza | national western complex live tattooing all weekend tattoo competition | national western complex live tattooing all weekend tattoo competition | tattoo expo and fest | pizza,39.72577777777778,-104.99858333333331,6,6
6th-santafe,28,national western complex live tattooing all weekend tattoo competition | colorado historic district | the pza pizzeria | pizza | pizza,39.72577777777778,-104.99858333333331,6,6
6th-santafe,29,national western complex live tattooing all weekend tattoo competition | the pza pizzeria | colorado historic district | colorado historic district | the pza pizzeria,39.72577777777778,-104.99858333333331,6,6
6th-santafe,30,tattoo expo and fest | the pza pizzeria | pizza | colorado historic district | colorado historic district,39.72577777777778,-104.99858333333331,6,6
6th-santafe,31,tattoo expo and fest | pizza | the pza pizzeria | tattoo expo and fest | tattoo expo and fest,39.72577777777778,-104.99858333333331,6,6
6th-santafe,32,pizza | national western complex live tattooing all weekend tattoo competition | national western complex live tattooing all weekend tattoo competition | national western complex live tattooing all weekend tattoo competition | national western complex live tattooing all weekend tattoo competition,39.72577777777778,-104.99858333333331,6,6
6th-santafe,33,pizza | pizza | tattoo expo and fest | national western complex live tattooing all weekend tattoo competition | tattoo expo and fest,39.72577777777778,-104.99858333333331,6,6
6th-santafe,34,tattoo expo and fest | closed | national western complex live tattooing all weekend tattoo competition | national western complex live tattooing all weekend tattoo competition | the pza pizzeria,39.72577777777778,-104.99858333333331,6,6
6th-santafe,35,tattoo expo and fest | tattoo expo and fest | pizza | national western complex live tattooing all weekend tattoo competition | closed,39.72577777777778,-104.99858333333331,6,6
6th-santafe,36,colorado historic district | closed | national western complex live tattooing all weekend tattoo competition | pizza | national western complex live tattooing all weekend tattoo competition,39.72577777777778,-104.99858333333331,6,6
6th-santafe,37,closed | pizza | pizza | the pza pizzeria | closed,39.72577777777778,-104.99858333333331,6,6
6th-santafe,38,the pza pizzeria | the pza pizzeria | the pza pizzeria | the pza pizzeria | closed,39.72577777777778,-104.99858333333331,6,6
6th-santafe,39,the pza pizzeria | national western complex live tattooing all weekend tattoo competition | pizza | closed | national western complex live tattooing all weekend tattoo competition,39.72577777777778,-104.99858333333331,6,6
6th-santafe,40,the pza pizzeria | national western complex live tattooing all weekend tattoo competition | tattoo expo and fest | tattoo expo and fest | pizza,39.72577777777778,-104.99858333333331,6,6
6th-santafe,41,national western complex live tattooing all weekend tattoo competition | colorado historic district | pizza | national western complex live tattooing all weekend tattoo competition | the pza pizzeria,39.72577777777778,-104.99858333333331,6,6
6th-santafe,42,the pza pizzeria | the pza pizzeria | the pza pizzeria | colorado historic district | the pza pizzeria,39.72577777777778,-104.99858333333331,6,6
6th-santafe,43,colorado historic district | national western complex live tattooing all weekend tattoo competition | colorado historic district | pizza | closed,39.72577777777778,-104.99858333333331,6,6
6th-santafe,44,closed | national western complex live tattooing all weekend tattoo competition | colorado historic district | closed | pizza,39.72577777777778,-104.99858333333331,6,6
6th-santafe,45,pizza | tattoo expo and fest | pizza | the pza pizzeria | colorado historic district,39.72577777777778,-104.99858333333331,6,6
6th-santafe,46,tattoo expo and fest | the pza pizzeria | closed | national western complex live tattooing all weekend tattoo competition | colorado historic district,39.72577777777778,-104.99858333333331,6,6
6th-santafe,47,the pza pizzeria | national western complex live tattooing all weekend tattoo competition | the pza pizzeria | tattoo expo and fest | tattoo expo and fest,39.72577777777778,-104.99858333333331,6,6
6th-santafe,48,pizza | tattoo expo and fest | national western complex live tattooing all weekend tattoo competition | national western complex live tattooing all weekend tattoo competition | tattoo expo and fest,39.72577777777778,-104.99858333333331,6,6
6th-santafe,49,national western complex live tattooing all weekend tattoo competition | closed | closed | colorado historic district | tattoo expo and fest,39.72577777777778,-104.99858333333331,6,6
7th-santafe,0,art district on santa fe | one way | mystop | one way | pay here,39.727333333333334,-104.99866666666668,15,16
7th-santafe,1,one way | mystop | one way | art district on santa fe | art district on santa fe,39.727333333333334,-104.99866666666668,15,16
7th-santafe,2,adopt a stop | mystop | one way | art district on santa fe | one way,39.727333333333334,-104.99866666666668,15,16
7th-santafe,3,art district on santa fe | adopt a stop | mystop | one way | one way,39.727333333333334,-104.99866666666668,15,16
7th-santafe,4,mystop | denver art society | one way | one way | art district on santa fe,39.727333333333334,-104.99866666666668,15,16
7th-santafe,5,mystop | one way | art district on santa fe | one way | passing through these premises is prohibited,39.727333333333334,-104.99866666666668,15,16
7th-santafe,6,art district on santa fe | one way | one way | pay here | mystop,39.727333333333334,-104.99866666666668,15,16
7th-santafe,7,el taco de mexico | art district on santa fe | one way | mystop | one way,39.727333333333334,-104.99866666666668,15,16
7th-santafe,8,mystop | art district on santa fe | beware of snow and ice | one way | one way,39.727333333333334,-104.99866666666668,15,16
7th-santafe,9,art district on santa fe | mystop | one way | art district on santa fe | one way,39.727333333333334,-104.99866666666668,15,16
7th-santafe,10,one way | art district on santa fe | one way | mystop | art district on santa fe,39.727333333333334,-104.99866666666668,15,16
7th-santafe,11,mystop | one way | art district on santa fe | denver public library | one way,39.727333333333334,-104.99866666666668,15,16
7th-santafe,12,art district on santa fe | mystop | one way | one way | el taco del mexico,39.727333333333334,-104.99866666666668,15,16
7th-santafe,13,one way | art district on santa fe | mystop | one way | tribe tattoo,39.727333333333334,-104.99866666666668,15,16
7th-santafe,14,mystop | one way | one way | mystop | art district on santa fe,39.727333333333334,-104.99866666666668,15,16
7th-santafe,15,one way | one way | art district on santa fe | denver art society | mystop,39.727333333333334,-104.99866666666668,15,16
7th-santafe,16,mystop | one way | one way | art district on santa fe | adopt a stop,39.727333333333334,-104.99866666666668,15,16
7th-santafe,17,one way | one way | mystop | art district on santa fe | one way,39.727333333333334,-104.99866666666668,15,16
7th-santafe,18,one way | mystop | pay here | art district on santa fe | one way,39.727333333333334,-104.99866666666668,15,16
7th-santafe,19,pay here | one way | mystop | art district on santa fe | one way,39.727333333333334,-104.99866666666668,15,16
7th-santafe,20,mystop | passing through these premises is prohibited | one way | art district on santa fe | one way,39.727333333333334,-104.99866666666668,15,16
7th-santafe,21,art district on santa fe | el taco del mexico | one way | mystop | one way,39.727333333333334,-104.99866666666668,15,16
7th-santafe,22,one way | art district on santa fe | one way | masajes sobador | mystop,39.727333333333334,-104.99866666666668,15,16
7th-santafe,23,one way | mystop | art district on santa fe | art district on santa fe | one way,39.727333333333334,-104.99866666666668,15,16
7th-santafe,24,one way | one way | el taco de mexico | mystop | art district on santa fe,39.727333333333334,-104.99866666666668,15,16
7th-santafe,25,one way | art district on santa fe | mystop | one way | mystop,39.727333333333334,-104.99866666666668,15,16
7th-santafe,26,one way | art district on santa fe | mystop | one way | el taco de mexico authentic mexican food specials,39.727333333333334,-104.99866666666668,15,16
7th-santafe,27,art district on santa fe | mystop | one way | mystop | one way,39.727333333333334,-104.99866666666668,15,16
7th-santafe,28,one way | art district on santa fe | one way | mystop | one way,39.727333333333334,-104.99866666666668,15,16
7th-santafe,29,masajes sobador | one way | art district on santa fe | one way | mystop,39.727333333333334,-104.99866666666668,15,16
7th-santafe,30,one way | beware of snow and ice | mystop | art district on santa fe | one way,39.727333333333334,-104.99866666666668,15,16
7th-santafe,31,art district on santa fe | one way | one way | mystop | el taco de mexico authentic mexican food specials,39.727333333333334,-104.99866666666668,15,16
7th-santafe,32,one way | one way | art district on santa fe | mystop | mystop,39.727333333333334,-104.99866666666668,15,16
7th-santafe,33,mystop | art district on santa fe | one way | el taco de mexico | one way,39.727333333333334,-104.99866666666668,15,16
7th-santafe,34,one way | pay here | one way | mystop | art district on santa fe,39.727333333333334,-104.99866666666668,15,16
7th-santafe,35,one way | one way | art district on santa fe | mystop | one way,39.727333333333334,-104.99866666666668,15,16
7th-santafe,36,denver public library | one way | one way | art district on santa fe | mystop,39.727333333333334,-104.99866666666668,15,16
7th-santafe,37,mystop | art district on santa fe | masajes sobador | one way | one way,39.727333333333334,-104.99866666666668,15,16
7th-santafe,38,one way | mystop | one way | art district on santa fe | denver art society,39.727333333333334,-104.99866666666668,15,16
7th-santafe,39,one way | art district on santa fe | one way | mystop | pay here,39.727333333333334,-104.99866666666668,15,16
7th-santafe,40,one way | one way | denver public library | art district on santa fe | mystop,39.727333333333334,-104.99866666666668,15,16
7th-santafe,41,one way | art district on santa fe | one way | mystop | art district on santa fe,39.727333333333334,-104.99866666666668,15,16
7th-santafe,42,one way | one way | mystop | art district on santa fe | passing through these premises is prohibited,39.727333333333334,-104.99866666666668,15,16
7th-santafe,43,mystop | art district on santa fe | one way | masajes sobador | one way,39.727333333333334,-104.99866666666668,15,16
7th-santafe,44,adopt a stop | art district on santa fe | one way | mystop | one way,39.727333333333334,-104.99866666666668,15,16
7th-santafe,45,one way | one way | one way | art district on santa fe | mystop,39.727333333333334,-104.99866666666668,15,16
7th-santafe,46,one way | el taco de mexico | mystop | art district on santa fe | one way,39.727333333333334,-104.99866666666668,15,16
7th-santafe,47,denver art society | one way | art district on santa fe | mystop | one way,39.727333333333334,-104.99866666666668,15,16
7th-santafe,48,art district on santa fe | one way | mystop | one way | denver public library,39.727333333333334,-104.99866666666668,15,16
7th-santafe,49,mystop | art district on santa fe | one way | el taco de mexico | one way,39.727333333333334,-104.99866666666668,15,16
8th-santafe,0,24 hour public parking | atax | art district | sushi | frank azar,39.72894444444445,-104.99858333333331,20,20
8th-santafe,1,art district | sushi | frank azar | atax | 24 hour public parking,39.72894444444445,-104.99858333333331,20,20
8th-santafe,2,art district | 24 hour public parking | frank azar | garage vintage | art district antiques,39.72894444444445,-104.99858333333331,20,20
8th-santafe,3,art district | frank azar | 24 hour public parking | 24 hour public parking | art district,39.72894444444445,-104.99858333333331,20,20
8th-santafe,4,art district | 24 hour public parking | the zone | frank azar | rocky yama sushi,39.72894444444445,-104.99858333333331,20,20
8th-santafe,5,frank azar | 24 hour public parking | 24 hour public parking | art district | sushi,39.72894444444445,-104.99858333333331,20,20
8th-santafe,6,art district antiques | art district | 24 hour public parking | frank azar | pop gallery,39.72894444444445,-104.99858333333331,20,20
8th-santafe,7,art district | frank azar | the zone | strawberry mountain | 24 hour public parking,39.72894444444445,-104.99858333333331,20,20
8th-santafe,8,art district | 24 hour public parking | art district | frank azar | green drink,39.72894444444445,-104.99858333333331,20,20
8th-santafe,9,art district | 24 hour public parking | art district antiques | wong strauch architects | frank azar,39.72894444444445,-104.99858333333331,20,20
8th-santafe,10,the zone | 24 hour public parking | frank azar | rocky | art district,39.72894444444445,-104.99858333333331,20,20
8th-santafe,11,frank azar | art district | 24 hour public parking | garage vintage | green lady gardens,39.72894444444445,-104.99858333333331,20,20
8th-santafe,12,frank azar | art district | green drink | 24 hour public parking | strawberry mountain,39.72894444444445,-104.99858333333331,20,20
8th-santafe,13,24 hour public parking | art district | frank azar | pop gallery | 24 hour public parking,39.72894444444445,-104.99858333333331,20,20
8th-santafe,14,art district | green drink | 24 hour public parking | frank azar | pop gallery,39.72894444444445,-104.99858333333331,20,20
8th-santafe,15,art district | rocky yama sushi | 24 hour public parking | my hair trip | frank azar,39.72894444444445,-104.99858333333331,20,20
8th-santafe,16,24 hour public parking | frank azar | studio | my hair trip | art district,39.72894444444445,-104.99858333333331,20,20
8th-santafe,17,24 hour public parking | art district | green lady gardens | sushi | frank azar,39.72894444444445,-104.99858333333331,20,20
8th-santafe,18,frank azar | 24 hour public parking | 24 hour public parking | art district | my hair trip,39.72894444444445,-104.99858333333331,20,20
8th-santafe,19,pop gallery | strawberry mountain | frank azar | art district | 24 hour public parking,39.72894444444445,-104.99858333333331,20,20
8th-santafe,20,frank azar | art district antiques | art district | 24 hour public parking | atax,39.72894444444445,-104.99858333333331,20,20
8th-santafe,21,frank azar | wong strauch architects | art district | 24 hour public parking | pop gallery,39.72894444444445,-104.99858333333331,20,20
8th-santafe,22,frank azar | art district | green drink | frank azar | 24 hour public parking,39.72894444444445,-104.99858333333331,20,20
8th-santafe,23,24 hour public parking | frank azar | art district | my hair trip | the zone,39.72894444444445,-104.99858333333331,20,20
8th-santafe,24,24 hour public parking | frank azar | green lady gardens | art district | 24 hour public parking,39.72894444444445,-104.99858333333331,20,20
8th-santafe,25,24 hour public parking | art district | frank azar | garage vintage | studio,39.72894444444445,-104.99858333333331,20,20
8th-santafe,26,green drink | grease monkey | frank azar | art district | 24 hour public parking,39.72894444444445,-104.99858333333331,20,20
8th-santafe,27,24 hour public parking | the zone | frank azar | rocky | art district,39.72894444444445,-104.99858333333331,20,20
8th-santafe,28,art district | rocky yama sushi | studio | 24 hour public parking | frank azar,39.72894444444445,-104.99858333333331,20,20
8th-santafe,29,art district | boho rugs | frank azar | 24 hour public parking | freakys,39.72894444444445,-104.99858333333331,20,20
8th-santafe,30,frank azar | green lady gardens | 24 hour public parking | art district | my hair trip,39.72894444444445,-104.99858333333331,20,20
8th-santafe,31,freakys | 24 hour public parking | art district | frank azar | rocky yama sushi,39.72894444444445,-104.99858333333331,20,20
8th-santafe,32,boho rugs | art district | 24 hour public parking | art district antiques | frank azar,39.72894444444445,-104.99858333333331,20,20
8th-santafe,33,24 hour public parking | frank azar | art district antiques | green drink | art district,39.72894444444445,-104.99858333333331,20,20
8th-santafe,34,24 hour public parking | frank azar | atax | frank azar | art district,39.72894444444445,-104.99858333333331,20,20
8th-santafe,35,frank azar | art district | frank azar | grease monkey | 24 hour public parking,39.72894444444445,-104.99858333333331,20,20
8th-santafe,36,art district | 24 hour public parking | grease monkey | frank azar | freakys,39.72894444444445,-104.99858333333331,20,20
8th-santafe,37,24 hour public parking | boho rugs | frank azar | the zone | art district,39.72894444444445,-104.99858333333331,20,20
8th-santafe,38,24 hour public parking | frank azar | art district | garage vintage | grease monkey,39.72894444444445,-104.99858333333331,20,20
8th-santafe,39,frank azar | grease monkey | art district | the zone | 24 hour public parking,39.72894444444445,-104.99858333333331,20,20
8th-santafe,40,frank azar | 24 hour public parking | my hair trip | art district | 24 hour public parking,39.72894444444445,-104.99858333333331,20,20
8th-santafe,41,24 hour public parking | the zone | art district | 24 hour public parking | frank azar,39.72894444444445,-104.99858333333331,20,20
8th-santafe,42,art district | 24 hour public parking | frank azar | grease monkey | studio,39.72894444444445,-104.99858333333331,20,20
8th-santafe,43,my hair trip | art district | frank azar | boho rugs | 24 hour public parking,39.72894444444445,-104.99858333333331,20,20
8th-santafe,44,frank azar | art district antiques | 24 hour public parking | the zone | art district,39.72894444444445,-104.99858333333331,20,20
8th-santafe,45,strawberry mountain | art district | frank azar | 24 hour public parking | sushi,39.72894444444445,-104.99858333333331,20,20
8th-santafe,46,art district | strawberry mountain | sushi | frank azar | 24 hour public parking,39.72894444444445,-104.99858333333331,20,20
8th-santafe,47,the zone | art district | 24 hour public parking | frank azar | art district,39.72894444444445,-104.99858333333331,20,20
8th-santafe,48,strawberry mountain | frank azar | 24 hour public parking | sushi | art district,39.72894444444445,-104.99858333333331,20,20
8th-santafe,49,art district | 24 hour public parking | green lady gardens | grease monkey | frank azar,39.72894444444445,-104.99858333333331,20,20
9th-santafe,0,threyda | museo de la americas | vfw post 1 | for lease | apex real estate,39.73052777777777,-104.99863888888888,10,10
9th-santafe,1,museo de la americas | for lease | car wash | museo de la americas | long live,39.73052777777777,-104.99863888888888,10,10
9th-santafe,2,andrea interiors | museo de la americas | andrea interiors | apex real estate | for lease,39.73052777777777,-104.99863888888888,10,10
9th-santafe,3,threyda | for lease | apex real estate | threyda | andrea interiors,39.73052777777777,-104.99863888888888,10,10
9th-santafe,4,apex real estate | long live | for lease | andrea interiors | andrea interiors,39.73052777777777,-104.99863888888888,10,10
9th-santafe,5,car wash | street hate tattoo | threyda | elavated metaphysical | andrea interiors,39.73052777777777,-104.99863888888888,10,10
9th-santafe,6,street hate tattoo | long live | street hate tattoo | threyda | threyda,39.73052777777777,-104.99863888888888,10,10
9th-santafe,7,apex real estate | car wash | andrea interiors | long live | car wash,39.73052777777777,-104.99863888888888,10,10
9th-santafe,8,apex real estate | street hate tattoo | apex real estate | elavated metaphysical | for lease,39.73052777777777,-104.99863888888888,10,10
9th-santafe,9,car wash | for lease | long live | threyda | street hate tattoo,39.73052777777777,-104.99863888888888,10,10
9th-santafe,10,car wash | car wash | street hate tattoo | elavated metaphysical | museo de la americas,39.73052777777777,-104.99863888888888,10,10
9th-santafe,11,street hate tattoo | museo de la americas | vfw post 1 | threyda | andrea interiors,39.73052777777777,-104.99863888888888,10,10
9th-santafe,12,long live | vfw post 1 | elavated metaphysical | vfw post 1 | for lease,39.73052777777777,-104.99863888888888,10,10
9th-santafe,13,street hate tattoo | street hate tattoo | elavated metaphysical | vfw post 1 | andrea interiors,39.73052777777777,-104.99863888888888,10,10
9th-santafe,14,car wash | museo de la americas | elavated metaphysical | elavated metaphysical | threyda,39.73052777777777,-104.99863888888888,10,10
9th-santafe,15,threyda | street hate tattoo | car wash | museo de la americas | vfw post 1,39.73052777777777,-104.99863888888888,10,10
9th-santafe,16,street hate tattoo | elavated metaphysical | threyda | street hate tattoo | long live,39.73052777777777,-104.99863888888888,10,10
9th-santafe,17,elavated metaphysical | apex real estate | museo de la americas | threyda | museo de la americas,39.73052777777777,-104.99863888888888,10,10
9th-santafe,18,apex real estate | car wash | threyda | long live | threyda,39.73052777777777,-104.99863888888888,10,10
9th-santafe,19,apex real estate | long live | for lease | elavated metaphysical | museo de la americas,39.73052777777777,-104.99863888888888,10,10
9th-santafe,20,for lease | for lease | for lease | andrea interiors | elavated metaphysical,39.73052777777777,-104.99863888888888,10,10
9th-santafe,21,for lease | apex real estate | apex real estate | street hate tattoo | vfw post 1,39.73052777777777,-104.99863888888888,10,10
9th-santafe,22,museo de la americas | andrea interiors | apex real estate | museo de la americas | for lease,39.73052777777777,-104.99863888888888,10,10
9th-santafe,23,museo de la americas | threyda | long live | vfw post 1 | car wash,39.73052777777777,-104.99863888888888,10,10
9th-santafe,24,long live | vfw post 1 | long live | museo de la americas | elavated metaphysical,39.73052777777777,-104.99863888888888,10,10
9th-santafe,25,vfw post 1 | andrea interiors | long live | andrea interiors | vfw post 1,39.73052777777777,-104.99863888888888,10,10
9th-santafe,26,vfw post 1 | andrea interiors | car wash | threyda | car wash,39.73052777777777,-104.99863888888888,10,10
9th-santafe,27,long live | threyda | for lease | car wash | museo de la americas,39.73052777777777,-104.99863888888888,10,10
9th-santafe,28,for lease | vfw post 1 | street hate tattoo | threyda | street hate tattoo,39.73052777777777,-104.99863888888888,10,10
9th-santafe,29,apex real estate | long live | for lease | car wash | andrea interiors,39.73052777777777,-104.99863888888888,10,10
9th-santafe,30,vfw post 1 | andrea interiors | andrea interiors | long live | elavated metaphysical,39.73052777777777,-104.99863888888888,10,10
9th-santafe,31,car wash | apex real estate | elavated metaphysical | for lease | car wash,39.73052777777777,-104.99863888888888,10,10
9th-santafe,32,museo de la americas | threyda | for lease | andrea interiors | for lease,39.73052777777777,-104.99863888888888,10,10
9th-santafe,33,apex real estate | apex real estate | vfw post 1 | andrea interiors | for lease,39.73052777777777,-104.99863888888888,10,10
9th-santafe,34,elavated metaphysical | car wash | long live | street hate tattoo | street hate tattoo,39.73052777777777,-104.99863888888888,10,10
9th-santafe,35,long live | long live | street hate tattoo | andrea interiors | for lease,39.73052777777777,-104.99863888888888,10,10
9th-santafe,36,long live | vfw post 1 | for lease | museo de la americas | car wash,39.73052777777777,-104.99863888888888,10,10
9th-santafe,37,elavated metaphysical | museo de la americas | museo de la americas | threyda | apex real estate,39.73052777777777,-104.99863888888888,10,10
9th-santafe,38,long live | elavated metaphysical | car wash | vfw post 1 | museo de la americas,39.73052777777777,-104.99863888888888,10,10
9th-santafe,39,vfw post 1 | street hate tattoo | apex real estate | vfw post 1 | long live,39.73052777777777,-104.99863888888888,10,10
9th-santafe,40,for lease | vfw post 1 | andrea interiors | elavated metaphysical | long live,39.73052777777777,-104.99863888888888,10,10
9th-santafe,41,for lease | andrea interiors | for lease | elavated metaphysical | apex real estate,39.73052777777777,-104.99863888888888,10,10
9th-santafe,42,threyda | vfw post 1 | museo de la americas | street hate tattoo | andrea interiors,39.73052777777777,-104.99863888888888,10,10
9th-santafe,43,museo de la americas | car wash | for lease | for lease | museo de la americas,39.73052777777777,-104.99863888888888,10,10
9th-santafe,44,apex real estate | apex real estate | car wash | museo de la americas | elavated metaphysical,39.73052777777777,-104.99863888888888,10,10
9th-santafe,45,apex real estate | museo de la americas | threyda | street hate tattoo | street hate tattoo,39.73052777777777,-104.99863888888888,10,10
9th-santafe,46,andrea interiors | apex real estate | long live | threyda | apex real estate,39.73052777777777,-104.99863888888888,10,10
9th-santafe,47,car wash | long live | long live | threyda | apex real estate,39.73052777777777,-104.99863888888888,10,10
9th-santafe,48,elavated metaphysical | andrea interiors | long live | vfw post 1 | long live,39.73052777777777,-104.99863888888888,10,10
9th-santafe,49,for lease | for lease | vfw post 1 | for lease | vfw post 1,39.73052777777777,-104.99863888888888,10,10
alameda-broadway,0,alameda ave | s broadway | turning vehicles | tattoo festival | one way,39.71116666666668,-104.98761111111112,18,19
alameda-broadway,1,alameda ave | orcas | one way | turning vehicles | s broadway,39.71116666666668,-104.98761111111112,18,19
alameda-broadway,2,turning vehicles | one way | alameda ave | car wash | s broadway,39.71116666666668,-104.98761111111112,18,19
alameda-broadway,3,turning vehicles | alameda ave | s broadway | tattoo festival | one way,39.71116666666668,-104.98761111111112,18,19
alameda-broadway,4,alameda ave | s broadway | one way | silco fuels | turning vehicles,39.71116666666668,-104.98761111111112,18,19
alameda-broadway,5,s broadway | subway | turning vehicles | alameda ave | one way,39.71116666666668,-104.98761111111112,18,19
alameda-broadway,6,s broadway | alameda ave | oreilly auto parts | one way | turning vehicles,39.71116666666668,-104.98761111111112,18,19
alameda-broadway,7,s broadway | alameda ave | subway | turning vehicles | one way,39.71116666666668,-104.98761111111112,18,19
alameda-broadway,8,turning vehicles | alameda ave | one way | orcas | s broadway,39.71116666666668,-104.98761111111112,18,19
alameda-broadway,9,one way | s broadway | turning vehicles | sinclair | alameda ave,39.71116666666668,-104.98761111111112,18,19
alameda-broadway,10,one way | car wash entrance | alameda ave | turning vehicles | s broadway,39.71116666666668,-104.98761111111112,18,19
alameda-broadway,11,one way | alameda ave | turning vehicles | july 8th 10th | s broadway,39.71116666666668,-104.98761111111112,18,19
alameda-broadway,12,s broadway | one way | alameda ave | turning vehicles | oreilly auto parts,39.71116666666668,-104.98761111111112,18,19
alameda-broadway,13,alameda ave | orcas | turning vehicles | one way | s broadway,39.71116666666668,-104.98761111111112,18,19
alameda-broadway,14,turning vehicles | s broadway | one way | alameda ave | car wash entrance,39.71116666666668,-104.98761111111112,18,19
alameda-broadway,15,one way | turning vehicles | alameda ave | turning vehicles | s broadway,39.71116666666668,-104.98761111111112,18,19
alameda-broadway,16,one way | alameda ave | oreilly auto parts | s broadway | turning vehicles,39.71116666666668,-104.98761111111112,18,19
alameda-broadway,17,book mall | turning vehicles | one way | s broadway | alameda ave,39.71116666666668,-104.98761111111112,18,19
alameda-broadway,18,turning vehicles | alameda ave | one way | oreilly auto parts | s broadway,39.71116666666668,-104.98761111111112,18,19
alameda-broadway,19,car wash entrance | one way | s broadway | turning vehicles | alameda ave,39.71116666666668,-104.98761111111112,18,19
alameda-broadway,20,one way | book mall | turning vehicles | alameda ave | s broadway,39.71116666666668,-104.98761111111112,18,19
alameda-broadway,21,alameda ave | orcas | turning vehicles | one way | s broadway,39.71116666666668,-104.98761111111112,18,19
alameda-broadway,22,turning vehicles | turning vehicles | s broadway | alameda ave | one way,39.71116666666668,-104.98761111111112,18,19
alameda-broadway,23,alameda ave | turning vehicles | car wash | one way | s broadway,39.71116666666668,-104.98761111111112,18,19
alameda-broadway,24,one way | alameda ave | s broadway | turning vehicles | s broadway,39.71116666666668,-104.98761111111112,18,19
alameda-broadway,25,one way | orcas | alameda ave | turning vehicles | s broadway,39.71116666666668,-104.98761111111112,18,19
alameda-broadway,26,one way | turning vehicles | diesel | s broadway | alameda ave,39.71116666666668,-104.98761111111112,18,19
alameda-broadway,27,orcas | alameda ave | one way | turning vehicles | s broadway,39.71116666666668,-104.98761111111112,18,19
alameda-broadway,28,alameda ave | one way | s broadway | turning vehicles | villainartscom,39.71116666666668,-104.98761111111112,18,19
alameda-broadway,29,turning vehicles | s broadway | car wash | alameda ave | one way,39.71116666666668,-104.98761111111112,18,19
alameda-broadway,30,one way | turning vehicles | turning vehicles | alameda ave | s broadway,39.71116666666668,-104.98761111111112,18,19
alameda-broadway,31,one way | july 8th 10th | turning vehicles | alameda ave | s broadway,39.71116666666668,-104.98761111111112,18,19
alameda-broadway,32,s broadway | turning vehicles | silco fuels | alameda ave | one way,39.71116666666668,-104.98761111111112,18,19
alameda-broadway,33,one way | turning vehicles | alameda ave | turning vehicles | s broadway,39.71116666666668,-104.98761111111112,18,19
alameda-broadway,34,one way | alameda ave | turning vehicles | s broadway | sinclair,39.71116666666668,-104.98761111111112,18,19
alameda-broadway,35,s broadway | alameda ave | turning vehicles | one way | book mall,39.71116666666668,-104.98761111111112,18,19
alameda-broadway,36,turning vehicles | mcdonalds | one way | s broadway | alameda ave,39.71116666666668,-104.98761111111112,18,19
alameda-broadway,37,s broadway | alameda ave | s broadway | turning vehicles | one way,39.71116666666668,-104.98761111111112,18,19
alameda-broadway,38,alameda ave | book mall | one way | s broadway | turning vehicles,39.71116666666668,-104.98761111111112,18,19
alameda-broadway,39,one way | turning vehicles | oreilly auto parts | alameda ave | s broadway,39.71116666666668,-104.98761111111112,18,19
alameda-broadway,40,one way | alameda ave | s broadway | turning vehicles | one way,39.71116666666668,-104.98761111111112,18,19
alameda-broadway,41,turning vehicles | s broadway | villainartscom | alameda ave | one way,39.71116666666668,-104.98761111111112,18,19
alameda-broadway,42,s broadway | alameda ave | turning vehicles | tattoo festival | one way,39.71116666666668,-104.98761111111112,18,19
alameda-broadway,43,sinclair | alameda ave | turning vehicles | s broadway | one way,39.71116666666668,-104.98761111111112,18,19
alameda-broadway,44,turning vehicles | alameda ave | s broadway | one way | s broadway,39.71116666666668,-104.98761111111112,18,19
alameda-broadway,45,atm | turning vehicles | one way | s broadway | alameda ave,39.71116666666668,-104.98761111111112,18,19
alameda-broadway,46,one way | turning vehicles | alameda ave | s broadway | sinclair,39.71116666666668,-104.98761111111112,18,19
alameda-broadway,47,s broadway | mcdonalds | turning vehicles | one way | alameda ave,39.71116666666668,-104.98761111111112,18,19
alameda-broadway,48,book mall | alameda ave | one way | s broadway | turning vehicles,39.71116666666668,-104.98761111111112,18,19
alameda-broadway,49,s broadway | turning vehicles | one way | alameda ave | s broadway,39.71116666666668,-104.98761111111112,18,19
alameda-federal,0,federal | 1st bank | alameda | dd sportswear | hot women,39.711194444444445,-105.02505555555555,19,21
alameda-federal,1,alameda | classico event center | 1st bank | federal | lehrers flowers,39.711194444444445,-105.02505555555555,19,21
alameda-federal,2,federal | gentlemans club | classico event center | alameda | 1st bank,39.711194444444445,-105.02505555555555,19,21
alameda-federal,3,federal | 1st bank | alameda | bungalow liquors | gentlemans club,39.711194444444445,-105.02505555555555,19,21
alameda-federal,4,federal | federal | federal | alameda | photo,39.711194444444445,-105.02505555555555,19,21
alameda-federal,5,federal | alameda | 1st bank | dandy dans | alameda,39.711194444444445,-105.02505555555555,19,21
alameda-federal,6,alameda | walgreens | federal | walgreens | the 720,39.711194444444445,-105.02505555555555,19,21
alameda-federal,7,alameda | federal | hot women | dandy dans | federal,39.711194444444445,-105.02505555555555,19,21
alameda-federal,8,walgreens | federal | cold beers | alameda | dandy dans,39.711194444444445,-105.02505555555555,19,21
alameda-federal,9,federal | dandy dans | taco bell | alameda | the 720,39.711194444444445,-105.02505555555555,19,21
alameda-federal,10,the 720 | alameda | classico event center | federal | lehrers flowers,39.711194444444445,-105.02505555555555,19,21
alameda-federal,11,the 720 | bungalow liquors | alameda | 1st bank | federal,39.711194444444445,-105.02505555555555,19,21
alameda-federal,12,gentlemans club | dandy dans | federal | alameda | walgreens,39.711194444444445,-105.02505555555555,19,21
alameda-federal,13,hot women | federal | alameda | the 720 | lehrers flowers,39.711194444444445,-105.02505555555555,19,21
alameda-federal,14,alameda | alameda | pharmacy | the 720 | federal,39.711194444444445,-105.02505555555555,19,21
alameda-federal,15,federal | topless | alameda | the 720 | 1st bank,39.711194444444445,-105.02505555555555,19,21
alameda-federal,16,hot women | dd sportswear | alameda | alameda | federal,39.711194444444445,-105.02505555555555,19,21
alameda-federal,17,1st bank | alameda | federal | hot women | photo,39.711194444444445,-105.02505555555555,19,21
alameda-federal,18,alameda | federal | caratchos barbers | dandy dans | girls,39.711194444444445,-105.02505555555555,19,21
alameda-federal,19,lehrers flowers | federal | federal | alameda | dandy dans,39.711194444444445,-105.02505555555555,19,21
alameda-federal,20,federal | classico event center | alameda | alameda | federal,39.711194444444445,-105.02505555555555,19,21
alameda-federal,21,1st bank | federal | photo | walgreens | alameda,39.711194444444445,-105.02505555555555,19,21
alameda-federal,22,taco bell | dd sportswear | federal | hot women | alameda,39.711194444444445,-105.02505555555555,19,21
alameda-federal,23,alameda | topless | the 720 | federal | bungalow liquors,39.711194444444445,-105.02505555555555,19,21
alameda-federal,24,the 720 | alameda | federal | lehrers flowers | caratchos barbers,39.711194444444445,-105.02505555555555,19,21
alameda-federal,25,gentlemans club | federal | walgreens | dandy dans | alameda,39.711194444444445,-105.02505555555555,19,21
alameda-federal,26,alameda | the 720 | federal | the 720 | dd sportswear,39.711194444444445,-105.02505555555555,19,21
alameda-federal,27,walgreens | the 720 | federal | the 720 | alameda,39.711194444444445,-105.02505555555555,19,21
alameda-federal,28,federal | girls | 1st bank | alameda | lehrers flowers,39.711194444444445,-105.02505555555555,19,21
alameda-federal,29,taco bell | taco bell | lehrers flowers | federal | alameda,39.711194444444445,-105.02505555555555,19,21
alameda-federal,30,1st bank | gentlemans club | federal | federal | alameda,39.711194444444445,-105.02505555555555,19,21
alameda-federal,31,federal | cold beers | hot women | alameda | girls,39.711194444444445,-105.02505555555555,19,21
alameda-federal,32,alameda | caratchos barbers | classico event center | federal | 1st bank,39.711194444444445,-105.02505555555555,19,21
alameda-federal,33,alameda | girls | cold beers | federal | girls,39.711194444444445,-105.02505555555555,19,21
alameda-federal,34,photo | federal | the 720 | pharmacy | alameda,39.711194444444445,-105.02505555555555,19,21
alameda-federal,35,pharmacy | photo | alameda | federal | photo,39.711194444444445,-105.02505555555555,19,21
alameda-federal,36,topless | alameda | federal | girls | topless,39.711194444444445,-105.02505555555555,19,21
alameda-federal,37,cold beers | federal | alameda | gentlemans club | dandy dans,39.711194444444445,-105.02505555555555,19,21
alameda-federal,38,1st bank | caratchos barbers | federal | 1st bank | alameda,39.711194444444445,-105.02505555555555,19,21
alameda-federal,39,cold beers | alameda | federal | pharmacy | lehrers flowers,39.711194444444445,-105.02505555555555,19,21
alameda-federal,40,gentlemans club | classico event center | federal | 1st bank | alameda,39.711194444444445,-105.02505555555555,19,21
alameda-federal,41,alameda | caratchos barbers | dandy dans | federal | girls,39.711194444444445,-105.02505555555555,19,21
alameda-federal,42,gentlemans club | gentlemans club | the 720 | alameda | federal,39.711194444444445,-105.02505555555555,19,21
alameda-federal,43,gentlemans club | bungalow liquors | federal | alameda | hot women,39.711194444444445,-105.02505555555555,19,21
alameda-federal,44,federal | hot women | alameda | dandy dans | caratchos barbers,39.711194444444445,-105.02505555555555,19,21
alameda-federal,45,taco bell | walgreens | walgreens | federal | alameda,39.711194444444445,-105.02505555555555,19,21
alameda-federal,46,alameda | caratchos barbers | gentlemans club | gentlemans club | federal,39.711194444444445,-105.02505555555555,19,21
alameda-federal,47,federal | the 720 | the 720 | alameda | 1st bank,39.711194444444445,-105.02505555555555,19,21
alameda-federal,48,federal | alameda | dd sportswear | alameda | the 720,39.711194444444445,-105.02505555555555,19,21
alameda-federal,49,gentlemans club | dandy dans | alameda | federal | walgreens,39.711194444444445,-105.02505555555555,19,21
arapahoe-broadway,0,speed limit 25 | culvers | no parking anytime tow away zone | left turn must turn left | moon spa,39.59511111111113,-104.98825000000001,38,42
arapahoe-broadway,1,left turn must turn left | moon spa | 2 west dry creek circle | everything must go rock shop | dog grooming,39.59511111111113,-104.98825000000001,38,42
arapahoe-broadway,2,financial inc | befort plumbing and heating | oasis business broker | left turn must turn left | culvers,39.59511111111113,-104.98825000000001,38,42
arapahoe-broadway,3,left turn must turn left | oasis business broker | pet salon | culvers | oasis business broker,39.59511111111113,-104.98825000000001,38,42
arapahoe-broadway,4,please do not enter | left turn must turn left | the castle bar and grill | eternity beauty salon | speed limit 25,39.59511111111113,-104.98825000000001,38,42
arapahoe-broadway,5,left turn must turn left | retail for lease | left turn must turn left | las delicias | oasis business broker,39.59511111111113,-104.98825000000001,38,42
arapahoe-broadway,6,befort plumbing and heating | liquor | left turn must turn left | las delicias | for sale,39.59511111111113,-104.98825000000001,38,42
arapahoe-broadway,7,everything must go rock shop | for sale | beachcomber hair salon | moon spa | left turn must turn left,39.59511111111113,-104.98825000000001,38,42
arapahoe-broadway,8,out of breath sports | everything must go 3050 off | liquor | please do not enter | left turn must turn left,39.59511111111113,-104.98825000000001,38,42
arapahoe-broadway,9,culvers | befort plumbing and heating | out of breath sports | 2 west dry creek circle | left turn must turn left,39.59511111111113,-104.98825000000001,38,42
arapahoe-broadway,10,out of breath sports | the castle bar and grill | left turn must turn left | culvers | this buds for you,39.59511111111113,-104.98825000000001,38,42
arapahoe-broadway,11,littleton village | colorado medical health trainig | retail for lease | everything must go 3050 off | left turn must turn left,39.59511111111113,-104.98825000000001,38,42
arapahoe-broadway,12,mannings steaks spirits now open | left turn must turn left | colorado medical health trainig | colorado medical health trainig | liquor,39.59511111111113,-104.98825000000001,38,42
arapahoe-broadway,13,out of breath sports | monty nuss photography | 2 west dry creek circle | no parking anytime tow away zone | left turn must turn left,39.59511111111113,-104.98825000000001,38,42
arapahoe-broadway,14,sunset strip | culvers | highline professional center developed by turnmar | left turn must turn left | liquor,39.59511111111113,-104.98825000000001,38,42
arapahoe-broadway,15,left turn must turn left | for sale | befort plumbing and heating | sunset strip | monty nuss photography,39.59511111111113,-104.98825000000001,38,42
arapahoe-broadway,16,culvers | monty nuss photography | left turn must turn left | everything must go rock shop | colorado medical health trainig,39.59511111111113,-104.98825000000001,38,42
arapahoe-broadway,17,left turn must turn left | everything must go rock shop | befort plumbing and heating | littleton village | sunset strip,39.59511111111113,-104.98825000000001,38,42
arapahoe-broadway,18,please do not enter | ascencia farmers insurance highline family dentistry pc | dog grooming | financial inc | left turn must turn left,39.59511111111113,-104.98825000000001,38,42
arapahoe-broadway,19,eternity beauty salon | befort plumbing and heating | beachcomber hair salon | wangs gourmet | left turn must turn left,39.59511111111113,-104.98825000000001,38,42
arapahoe-broadway,20,left turn must turn left | left turn must turn left | eternity beauty salon | financial inc | archer financial group,39.59511111111113,-104.98825000000001,38,42
arapahoe-broadway,21,financial inc | wangs gourmet | left turn must turn left | no parking anytime tow away zone | speed limit 25,39.59511111111113,-104.98825000000001,38,42
arapahoe-broadway,22,left turn must turn left | left turn must turn left | erik polmberg dds pllc | beachcomber hair salon | everything must go 3050 off,39.59511111111113,-104.98825000000001,38,42
arapahoe-broadway,23,left turn must turn left | no parking anytime tow away zone | monty nuss photography | befort plumbing and heating | highline professional center developed by turnmar,39.59511111111113,-104.98825000000001,38,42
arapahoe-broadway,24,speed limit 25 | oasis business broker | oasis business broker | left turn must turn left | sunset strip,39.59511111111113,-104.98825000000001,38,42
arapahoe-broadway,25,please do not enter | oasis business broker | littleton village | left turn must turn left | befort plumbing and heating,39.59511111111113,-104.98825000000001,38,42
arapahoe-broadway,26,oasis business broker | befort plumbing and heating | ascencia farmers insurance highline family dentistry pc | las delicias | left turn must turn left,39.59511111111113,-104.98825000000001,38,42
arapahoe-broadway,27,the castle bar and grill | sunset strip | moon spa | sunset strip | left turn must turn left,39.59511111111113,-104.98825000000001,38,42
arapahoe-broadway,28,left turn must turn left | dog grooming | highline professional center developed by turnmar | colorado medical health trainig | health,39.59511111111113,-104.98825000000001,38,42
arapahoe-broadway,29,culvers | left turn must turn left | retail for lease | left turn must turn left | culvers,39.59511111111113,-104.98825000000001,38,42
arapahoe-broadway,30,liquor | left turn must turn left | oasis business broker | colorado medical health trainig | health,39.59511111111113,-104.98825000000001,38,42
arapahoe-broadway,31,out of breath sports | las delicias | american auto enhancement | left turn must turn left | befort plumbing and heating,39.59511111111113,-104.98825000000001,38,42
arapahoe-broadway,32,oasis business broker | oasis business broker | left turn must turn left | sunset strip | monty nuss photography,39.59511111111113,-104.98825000000001,38,42
arapahoe-broadway,33,everything must go rock shop | for sale | befort plumbing and heating | moon spa | left turn must turn left,39.59511111111113,-104.98825000000001,38,42
arapahoe-broadway,34,pho broadway | left turn must turn left | everything must go 3050 off | out of breath sports | everything must go rock shop,39.59511111111113,-104.98825000000001,38,42
arapahoe-broadway,35,littleton village | for sale | mannings steaks spirits now open | left turn must turn left | monty nuss photography,39.59511111111113,-104.98825000000001,38,42
arapahoe-broadway,36,wangs gourmet | ascencia farmers insurance highline family dentistry pc | left turn must turn left | financial inc | financial inc,39.59511111111113,-104.98825000000001,38,42
arapahoe-broadway,37,out of breath sports | sunset strip | left turn must turn left | financial inc | left turn must turn left,39.59511111111113,-104.98825000000001,38,42
arapahoe-broadway,38,colorado medical health trainig | befort plumbing and heating | left turn must turn left | beachcomber hair salon | moon spa,39.59511111111113,-104.98825000000001,38,42
arapahoe-broadway,39,left turn must turn left | the castle bar and grill | monty nuss photography | retail for lease | mannings steaks spirits now open,39.59511111111113,-104.98825000000001,38,42
arapahoe-broadway,40,ascencia farmers insurance highline family dentistry pc | everything must go 3050 off | no parking anytime tow away zone | erik polmberg dds pllc | left turn must turn left,39.59511111111113,-104.98825000000001,38,42
arapahoe-broadway,41,oasis business broker | 2 west dry creek circle | everything must go 3050 off | left turn must turn left | left turn must turn left,39.59511111111113,-104.98825000000001,38,42
arapahoe-broadway,42,culvers | available rollert avery companies inc | available rollert avery companies inc | 2 west dry creek circle | left turn must turn left,39.59511111111113,-104.98825000000001,38,42
arapahoe-broadway,43,left turn must turn left | pet salon | colorado medical health trainig | culvers | speed limit 25,39.59511111111113,-104.98825000000001,38,42
arapahoe-broadway,44,moon spa | left turn must turn left | health | colorado medical health trainig | speed limit 25,39.59511111111113,-104.98825000000001,38,42
arapahoe-broadway,45,wangs gourmet | please do not enter | left turn must turn left | culvers | moon spa,39.59511111111113,-104.98825000000001,38,42
arapahoe-broadway,46,no parking anytime tow away zone | beachcomber hair salon | left turn must turn left | wangs gourmet | befort plumbing and heating,39.59511111111113,-104.98825000000001,38,42
arapahoe-broadway,47,wangs gourmet | left turn must turn left | eternity beauty salon | befort plumbing and heating | culvers,39.59511111111113,-104.98825000000001,38,42
arapahoe-broadway,48,left turn must turn left | available rollert avery companies inc | this buds for you | left turn must turn left | everything must go 3050 off,39.59511111111113,-104.98825000000001,38,42
arapahoe-broadway,49,for sale | left turn must turn left | oasis business broker | out of breath sports | monty nuss photography,39.59511111111113,-104.98825000000001,38,42
arapahoe-havana,0,araprahoe | araprahoe coners | araprahoe | araprahoe coners | e araprahoe,39.589666666666666,-104.86681944444436,22,46
arapahoe-havana,1,araprahoe | araprahoe | araprahoe coners | araprahoe coners | e araprahoe,39.589666666666666,-104.86681944444436,22,46
arapahoe-havana,2,araprahoe | e araprahoe | araprahoe coners | araprahoe | araprahoe coners,39.589666666666666,-104.86681944444436,22,46
arapahoe-havana,3,e araprahoe | araprahoe | araprahoe coners | araprahoe coners | araprahoe,39.589666666666666,-104.86681944444436,22,46
arapahoe-havana,4,araprahoe coners | araprahoe coners | araprahoe | araprahoe | e araprahoe,39.589666666666666,-104.86681944444436,22,46
arapahoe-havana,5,araprahoe | e araprahoe | araprahoe coners | araprahoe | araprahoe coners,39.589666666666666,-104.86681944444436,22,46
arapahoe-havana,6,araprahoe | araprahoe coners | araprahoe | e araprahoe | araprahoe coners,39.589666666666666,-104.86681944444436,22,46
arapahoe-havana,7,e araprahoe | araprahoe | araprahoe | araprahoe coners | araprahoe coners,39.589666666666666,-104.86681944444436,22,46
arapahoe-havana,8,araprahoe | araprahoe coners | araprahoe | araprahoe coners | e araprahoe,39.589666666666666,-104.86681944444436,22,46
arapahoe-havana,9,araprahoe coners | araprahoe | araprahoe | araprahoe coners | e araprahoe,39.589666666666666,-104.86681944444436,22,46
arapahoe-havana,10,araprahoe coners | araprahoe | araprahoe | e araprahoe | araprahoe coners,39.589666666666666,-104.86681944444436,22,46
arapahoe-havana,11,araprahoe | araprahoe | araprahoe coners | e araprahoe | araprahoe coners,39.589666666666666,-104.86681944444436,22,46
arapahoe-havana,12,araprahoe | e araprahoe | araprahoe | araprahoe coners | araprahoe coners,39.589666666666666,-104.86681944444436,22,46
arapahoe-havana,13,araprahoe | araprahoe coners | araprahoe | e araprahoe | araprahoe coners,39.589666666666666,-104.86681944444436,22,46
arapahoe-havana,14,e araprahoe | araprahoe coners | araprahoe | araprahoe coners | araprahoe,39.589666666666666,-104.86681944444436,22,46
arapahoe-havana,15,e araprahoe | araprahoe | araprahoe coners | araprahoe | araprahoe coners,39.589666666666666,-104.86681944444436,22,46
arapahoe-havana,16,araprahoe | araprahoe coners | araprahoe | araprahoe coners | e araprahoe,39.589666666666666,-104.86681944444436,22,46
arapahoe-havana,17,e araprahoe | araprahoe coners | araprahoe | araprahoe coners | araprahoe,39.589666666666666,-104.86681944444436,22,46
arapahoe-havana,18,araprahoe | araprahoe coners | araprahoe coners | e araprahoe | araprahoe,39.589666666666666,-104.86681944444436,22,46
arapahoe-havana,19,araprahoe coners | araprahoe | araprahoe | e araprahoe | araprahoe coners,39.589666666666666,-104.86681944444436,22,46
arapahoe-havana,20,e araprahoe | araprahoe coners | araprahoe coners | araprahoe | araprahoe,39.589666666666666,-104.86681944444436,22,46
arapahoe-havana,21,araprahoe | araprahoe coners | araprahoe coners | e araprahoe | araprahoe,39.589666666666666,-104.86681944444436,22,46
arapahoe-havana,22,e araprahoe | araprahoe coners | araprahoe | araprahoe | araprahoe coners,39.589666666666666,-104.86681944444436,22,46
arapahoe-havana,23,araprahoe | araprahoe coners | e araprahoe | araprahoe | araprahoe coners,39.589666666666666,-104.86681944444436,22,46
arapahoe-havana,24,araprahoe coners | e araprahoe | araprahoe coners | araprahoe | araprahoe,39.589666666666666,-104.86681944444436,22,46
arapahoe-havana,25,araprahoe coners | araprahoe | e araprahoe | araprahoe | araprahoe coners,39.589666666666666,-104.86681944444436,22,46
arapahoe-havana,26,e araprahoe | araprahoe coners | araprahoe | araprahoe coners | araprahoe,39.589666666666666,-104.86681944444436,22,46
arapahoe-havana,27,araprahoe | araprahoe | e araprahoe | araprahoe coners | araprahoe coners,39.589666666666666,-104.86681944444436,22,46
arapahoe-havana,28,e araprahoe | araprahoe | araprahoe coners | araprahoe coners | araprahoe,39.589666666666666,-104.86681944444436,22,46
arapahoe-havana,29,araprahoe | araprahoe coners | e araprahoe | araprahoe | araprahoe coners,39.589666666666666,-104.86681944444436,22,46
arapahoe-havana,30,araprahoe coners | araprahoe | e araprahoe | araprahoe | araprahoe coners,39.589666666666666,-104.86681944444436,22,46
arapahoe-havana,31,araprahoe | araprahoe coners | araprahoe | araprahoe coners | e araprahoe,39.589666666666666,-104.86681944444436,22,46
arapahoe-havana,32,araprahoe | e araprahoe | araprahoe | araprahoe coners | araprahoe coners,39.589666666666666,-104.86681944444436,22,46
arapahoe-havana,33,araprahoe | e araprahoe | araprahoe coners | araprahoe coners | araprahoe,39.589666666666666,-104.86681944444436,22,46
arapahoe-havana,34,araprahoe | araprahoe coners | araprahoe | araprahoe coners | e araprahoe,39.589666666666666,-104.86681944444436,22,46
arapahoe-havana,35,e araprahoe | araprahoe | araprahoe coners | araprahoe coners | araprahoe,39.589666666666666,-104.86681944444436,22,46
arapahoe-havana,36,araprahoe coners | araprahoe | e araprahoe | araprahoe | araprahoe coners,39.589666666666666,-104.86681944444436,22,46
arapahoe-havana,37,araprahoe | araprahoe coners | e araprahoe | araprahoe coners | araprahoe,39.589666666666666,-104.86681944444436,22,46
arapahoe-havana,38,araprahoe | e araprahoe | araprahoe coners | araprahoe coners | araprahoe,39.589666666666666,-104.86681944444436,22,46
arapahoe-havana,39,araprahoe | e araprahoe | araprahoe coners | araprahoe | araprahoe coners,39.589666666666666,-104.86681944444436,22,46
arapahoe-havana,40,araprahoe | araprahoe coners | araprahoe | e araprahoe | araprahoe coners,39.589666666666666,-104.86681944444436,22,46
arapahoe-havana,41,araprahoe coners | araprahoe | araprahoe coners | araprahoe | e araprahoe,39.589666666666666,-104.86681944444436,22,46
arapahoe-havana,42,araprahoe | e araprahoe | araprahoe coners | araprahoe | araprahoe coners,39.589666666666666,-104.86681944444436,22,46
arapahoe-havana,43,araprahoe | araprahoe coners | e araprahoe | araprahoe coners | araprahoe,39.589666666666666,-104.86681944444436,22,46
arapahoe-havana,44,araprahoe coners | araprahoe | araprahoe coners | araprahoe | e araprahoe,39.589666666666666,-104.86681944444436,22,46
arapahoe-havana,45,araprahoe | e araprahoe | araprahoe coners | araprahoe coners | araprahoe,39.589666666666666,-104.86681944444436,22,46
arapahoe-havana,46,araprahoe coners | araprahoe | araprahoe coners | araprahoe | e araprahoe,39.589666666666666,-104.86681944444436,22,46
arapahoe-havana,47,araprahoe coners | araprahoe coners | araprahoe | araprahoe | e araprahoe,39.589666666666666,-104.86681944444436,22,46
arapahoe-havana,48,e araprahoe | araprahoe coners | araprahoe | araprahoe coners | araprahoe,39.589666666666666,-104.86681944444436,22,46
arapahoe-havana,49,araprahoe coners | araprahoe coners | araprahoe | araprahoe | e araprahoe,39.589666666666666,-104.86681944444436,22,46
arapahoe-jordan,0,additonal parking | stop 3 way | e briarwood cir | pokecity | davidsons beer wine spirts,39.59497222222221,-104.82105555555556,21,21
arapahoe-jordan,1,additonal parking | davidsons beer wine spirts | e briarwood cir | stop 3 way | alpine green dumpster waste and recycling 3037449881,39.59497222222221,-104.82105555555556,21,21
arapahoe-jordan,2,stop 3 way | additonal parking | stop 3 way | davidsons beer wine spirts | e briarwood cir,39.59497222222221,-104.82105555555556,21,21
arapahoe-jordan,3,additonal parking | panera bread | davidsons beer wine spirts | e briarwood cir | stop 3 way,39.59497222222221,-104.82105555555556,21,21
arapahoe-jordan,4,sema construction truck | additonal parking | e briarwood cir | davidsons beer wine spirts | stop 3 way,39.59497222222221,-104.82105555555556,21,21
arapahoe-jordan,5,davidsons beer wine spirts | marcos pizza | stop 3 way | additonal parking | e briarwood cir,39.59497222222221,-104.82105555555556,21,21
arapahoe-jordan,6,stop 3 way | e briarwood cir | davidsons beer wine spirts | additonal parking | les schwab tire center,39.59497222222221,-104.82105555555556,21,21
arapahoe-jordan,7,alpine green dumpster waste and recycling 3037449881 | additonal parking | e briarwood cir | davidsons beer wine spirts | stop 3 way,39.59497222222221,-104.82105555555556,21,21
arapahoe-jordan,8,celebrity wines | e briarwood cir | additonal parking | davidsons beer wine spirts | stop 3 way,39.59497222222221,-104.82105555555556,21,21
arapahoe-jordan,9,e briarwood cir | stop 3 way | red robin | davidsons beer wine spirts | additonal parking,39.59497222222221,-104.82105555555556,21,21
arapahoe-jordan,10,davidsons beer wine spirts | additonal parking | stop 3 way | e briarwood cir | lady janes haircuts for men,39.59497222222221,-104.82105555555556,21,21
arapahoe-jordan,11,stop 3 way | european wax center | e briarwood cir | additonal parking | davidsons beer wine spirts,39.59497222222221,-104.82105555555556,21,21
arapahoe-jordan,12,additonal parking | e briarwood cir | davidsons beer wine spirts | stop 3 way | redstone bank,39.59497222222221,-104.82105555555556,21,21
arapahoe-jordan,13,stop 3 way | famous daves | e briarwood cir | additonal parking | davidsons beer wine spirts,39.59497222222221,-104.82105555555556,21,21
arapahoe-jordan,14,additonal parking | e briarwood cir | e briarwood cir | davidsons beer wine spirts | stop 3 way,39.59497222222221,-104.82105555555556,21,21
arapahoe-jordan,15,davidsons beer wine spirts | golden corral buffet grill | e briarwood cir | additonal parking | stop 3 way,39.59497222222221,-104.82105555555556,21,21
arapahoe-jordan,16,davidsons beer wine spirts | stop 3 way | panera bread | additonal parking | e briarwood cir,39.59497222222221,-104.82105555555556,21,21
arapahoe-jordan,17,additonal parking | davidsons beer wine spirts | stop 3 way | lady janes haircuts for men | e briarwood cir,39.59497222222221,-104.82105555555556,21,21
arapahoe-jordan,18,stop 3 way | davidsons beer wine spirts | additonal parking | stop 3 way | e briarwood cir,39.59497222222221,-104.82105555555556,21,21
arapahoe-jordan,19,stop 3 way | redstone bank | additonal parking | e briarwood cir | davidsons beer wine spirts,39.59497222222221,-104.82105555555556,21,21
arapahoe-jordan,20,stop 3 way | additonal parking | davidsons beer wine spirts | e briarwood cir | celebrity wines,39.59497222222221,-104.82105555555556,21,21
arapahoe-jordan,21,stop 3 way | celebrity wines | davidsons beer wine spirts | additonal parking | e briarwood cir,39.59497222222221,-104.82105555555556,21,21
arapahoe-jordan,22,les schwab tire center | davidsons beer wine spirts | stop 3 way | additonal parking | e briarwood cir,39.59497222222221,-104.82105555555556,21,21
arapahoe-jordan,23,davidsons beer wine spirts | additonal parking | stop 3 way | golden corral buffet grill | e briarwood cir,39.59497222222221,-104.82105555555556,21,21
arapahoe-jordan,24,e briarwood cir | davidsons beer wine spirts | stop 3 way | lady janes haircuts for men | additonal parking,39.59497222222221,-104.82105555555556,21,21
arapahoe-jordan,25,e briarwood cir | target | additonal parking | stop 3 way | davidsons beer wine spirts,39.59497222222221,-104.82105555555556,21,21
arapahoe-jordan,26,additonal parking | lady janes haircuts for men | davidsons beer wine spirts | stop 3 way | e briarwood cir,39.59497222222221,-104.82105555555556,21,21
arapahoe-jordan,27,additonal parking | les schwab tire center | stop 3 way | e briarwood cir | davidsons beer wine spirts,39.59497222222221,-104.82105555555556,21,21
arapahoe-jordan,28,additonal parking | stop 3 way | target | davidsons beer wine spirts | e briarwood cir,39.59497222222221,-104.82105555555556,21,21
arapahoe-jordan,29,stop 3 way | davidsons beer wine spirts | additonal parking | davidsons beer wine spirts | e briarwood cir,39.59497222222221,-104.82105555555556,21,21
arapahoe-jordan,30,davidsons beer wine spirts | alpine green dumpster waste and recycling 3037449881 | stop 3 way | additonal parking | e briarwood cir,39.59497222222221,-104.82105555555556,21,21
arapahoe-jordan,31,stop 3 way | davidsons beer wine spirts | additonal parking | lady janes haircuts for men | e briarwood cir,39.59497222222221,-104.82105555555556,21,21
arapahoe-jordan,32,davidsons beer wine spirts | additonal parking | e briarwood cir | stop 3 way | famous daves,39.59497222222221,-104.82105555555556,21,21
arapahoe-jordan,33,stop 3 way | davidsons beer wine spirts | additonal parking | mreyedrod | e briarwood cir,39.59497222222221,-104.82105555555556,21,21
arapahoe-jordan,34,marcos pizza | davidsons beer wine spirts | stop 3 way | additonal parking | e briarwood cir,39.59497222222221,-104.82105555555556,21,21
arapahoe-jordan,35,davidsons beer wine spirts | stop 3 way | additonal parking | stop 3 way | e briarwood cir,39.59497222222221,-104.82105555555556,21,21
arapahoe-jordan,36,stop 3 way | e briarwood cir | e briarwood cir | davidsons beer wine spirts | additonal parking,39.59497222222221,-104.82105555555556,21,21
arapahoe-jordan,37,stop 3 way | davidsons beer wine spirts | e briarwood cir | additonal parking | pokecity,39.59497222222221,-104.82105555555556,21,21
arapahoe-jordan,38,stop 3 way | e briarwood cir | additonal parking | davidsons beer wine spirts | european wax center,39.59497222222221,-104.82105555555556,21,21
arapahoe-jordan,39,stop 3 way | european wax center | davidsons beer wine spirts | e briarwood cir | additonal parking,39.59497222222221,-104.82105555555556,21,21
arapahoe-jordan,40,davidsons beer wine spirts | additonal parking | stop 3 way | e briarwood cir | sema construction truck,39.59497222222221,-104.82105555555556,21,21
arapahoe-jordan,41,additonal parking | additonal parking | stop 3 way | davidsons beer wine spirts | e briarwood cir,39.59497222222221,-104.82105555555556,21,21
arapahoe-jordan,42,additonal parking | stop 3 way | redstone bank | davidsons beer wine spirts | e briarwood cir,39.59497222222221,-104.82105555555556,21,21
arapahoe-jordan,43,davidsons beer wine spirts | stop 3 way | e briarwood cir | additonal parking | marcos pizza,39.59497222222221,-104.82105555555556,21,21
arapahoe-jordan,44,davidsons beer wine spirts | davidsons beer wine spirts | e briarwood cir | stop 3 way | additonal parking,39.59497222222221,-104.82105555555556,21,21
arapahoe-jordan,45,les schwab tire center | davidsons beer wine spirts | stop 3 way | e briarwood cir | additonal parking,39.59497222222221,-104.82105555555556,21,21
arapahoe-jordan,46,davidsons beer wine spirts | european wax center | stop 3 way | e briarwood cir | additonal parking,39.59497222222221,-104.82105555555556,21,21
arapahoe-jordan,47,davidsons beer wine spirts | stop 3 way | davidsons beer wine spirts | e briarwood cir | additonal parking,39.59497222222221,-104.82105555555556,21,21
arapahoe-jordan,48,davidsons beer wine spirts | e briarwood cir | stop 3 way | additonal parking | marcos pizza,39.59497222222221,-104.82105555555556,21,21
arapahoe-jordan,49,stop 3 way | alpine green dumpster waste and recycling 3037449881 | davidsons beer wine spirts | additonal parking | e briarwood cir,39.59497222222221,-104.82105555555556,21,21
arapahoe-lima,0,arapahoe county lima plaza 69046984 south lima street | arapahoe road | speed limit 35 | road work ahead | right lane must turn right,39.59502777777778,-104.85747222222217,22,23
arapahoe-lima,1,right lane must turn right | speed limit 35 | arapahoe road | road work ahead | arapahoe county lima plaza 69046984 south lima street,39.59502777777778,-104.85747222222217,22,23
arapahoe-lima,2,road work ahead | speed limit 35 | arapahoe road | right lane must turn right | arapahoe county lima plaza 69046984 south lima street,39.59502777777778,-104.85747222222217,22,23
arapahoe-lima,3,right lane must turn right | arapahoe county lima plaza 69046984 south lima street | arapahoe road | speed limit 35 | road work ahead,39.59502777777778,-104.85747222222217,22,23
arapahoe-lima,4,arapahoe road | right lane must turn right | arapahoe county lima plaza 69046984 south lima street | speed limit 35 | road work ahead,39.59502777777778,-104.85747222222217,22,23
arapahoe-lima,5,arapahoe road | speed limit 35 | right lane must turn right | road work ahead | arapahoe county lima plaza 69046984 south lima street,39.59502777777778,-104.85747222222217,22,23
arapahoe-lima,6,speed limit 35 | arapahoe county lima plaza 69046984 south lima street | road work ahead | arapahoe road | right lane must turn right,39.59502777777778,-104.85747222222217,22,23
arapahoe-lima,7,speed limit 35 | road work ahead | right lane must turn right | arapahoe county lima plaza 69046984 south lima street | arapahoe road,39.59502777777778,-104.85747222222217,22,23
arapahoe-lima,8,speed limit 35 | road work ahead | arapahoe road | arapahoe county lima plaza 69046984 south lima street | right lane must turn right,39.59502777777778,-104.85747222222217,22,23
arapahoe-lima,9,right lane must turn right | arapahoe road | arapahoe county lima plaza 69046984 south lima street | road work ahead | speed limit 35,39.59502777777778,-104.85747222222217,22,23
arapahoe-lima,10,road work ahead | right lane must turn right | speed limit 35 | arapahoe road | arapahoe county lima plaza 69046984 south lima street,39.59502777777778,-104.85747222222217,22,23
arapahoe-lima,11,arapahoe county lima plaza 69046984 south lima street | right lane must turn right | road work ahead | arapahoe road | speed limit 35,39.59502777777778,-104.85747222222217,22,23
arapahoe-lima,12,speed limit 35 | arapahoe road | road work ahead | arapahoe county lima plaza 69046984 south lima street | right lane must turn right,39.59502777777778,-104.85747222222217,22,23
arapahoe-lima,13,road work ahead | arapahoe county lima plaza 69046984 south lima street | arapahoe road | right lane must turn right | speed limit 35,39.59502777777778,-104.85747222222217,22,23
arapahoe-lima,14,speed limit 35 | arapahoe road | road work ahead | arapahoe county lima plaza 69046984 south lima street | right lane must turn right,39.59502777777778,-104.85747222222217,22,23
arapahoe-lima,15,arapahoe county lima plaza 69046984 south lima street | arapahoe road | right lane must turn right | speed limit 35 | road work ahead,39.59502777777778,-104.85747222222217,22,23
arapahoe-lima,16,speed limit 35 | arapahoe county lima plaza 69046984 south lima street | right lane must turn right | arapahoe road | road work ahead,39.59502777777778,-104.85747222222217,22,23
arapahoe-lima,17,road work ahead | right lane must turn right | arapahoe county lima plaza 69046984 south lima street | arapahoe road | speed limit 35,39.59502777777778,-104.85747222222217,22,23
arapahoe-lima,18,arapahoe county lima plaza 69046984 south lima street | speed limit 35 | right lane must turn right | road work ahead | arapahoe road,39.59502777777778,-104.85747222222217,22,23
arapahoe-lima,19,arapahoe county lima plaza 69046984 south lima street | speed limit 35 | arapahoe road | road work ahead | right lane must turn right,39.59502777777778,-104.85747222222217,22,23
arapahoe-lima,20,arapahoe county lima plaza 69046984 south lima street | road work ahead | arapahoe road | speed limit 35 | right lane must turn right,39.59502777777778,-104.85747222222217,22,23
arapahoe-lima,21,arapahoe county lima plaza 69046984 south lima street | right lane must turn right | speed limit 35 | arapahoe road | road work ahead,39.59502777777778,-104.85747222222217,22,23
arapahoe-lima,22,arapahoe county lima plaza 69046984 south lima street | road work ahead | speed limit 35 | arapahoe road | right lane must turn right,39.59502777777778,-104.85747222222217,22,23
arapahoe-lima,23,arapahoe county lima plaza 69046984 south lima street | road work ahead | speed limit 35 | right lane must turn right | arapahoe road,39.59502777777778,-104.85747222222217,22,23
arapahoe-lima,24,arapahoe county lima plaza 69046984 south lima street | road work ahead | arapahoe road | speed limit 35 | right lane must turn right,39.59502777777778,-104.85747222222217,22,23
arapahoe-lima,25,right lane must turn right | speed limit 35 | arapahoe road | road work ahead | arapahoe county lima plaza 69046984 south lima street,39.59502777777778,-104.85747222222217,22,23
arapahoe-lima,26,road work ahead | arapahoe road | arapahoe county lima plaza 69046984 south lima street | speed limit 35 | right lane must turn right,39.59502777777778,-104.85747222222217,22,23
arapahoe-lima,27,speed limit 35 | right lane must turn right | arapahoe road | road work ahead | arapahoe county lima plaza 69046984 south lima street,39.59502777777778,-104.85747222222217,22,23
arapahoe-lima,28,speed limit 35 | road work ahead | arapahoe road | arapahoe county lima plaza 69046984 south lima street | right lane must turn right,39.59502777777778,-104.85747222222217,22,23
arapahoe-lima,29,speed limit 35 | road work ahead | arapahoe county lima plaza 69046984 south lima street | right lane must turn right | arapahoe road,39.59502777777778,-104.85747222222217,22,23
arapahoe-lima,30,right lane must turn right | road work ahead | speed limit 35 | arapahoe road | arapahoe county lima plaza 69046984 south lima street,39.59502777777778,-104.85747222222217,22,23
arapahoe-lima,31,speed limit 35 | right lane must turn right | road work ahead | arapahoe road | arapahoe county lima plaza 69046984 south lima street,39.59502777777778,-104.85747222222217,22,23
arapahoe-lima,32,road work ahead | right lane must turn right | speed limit 35 | arapahoe road | arapahoe county lima plaza 69046984 south lima street,39.59502777777778,-104.85747222222217,22,23
arapahoe-lima,33,speed limit 35 | road work ahead | arapahoe road | arapahoe county lima plaza 69046984 south lima street | right lane must turn right,39.59502777777778,-104.85747222222217,22,23
arapahoe-lima,34,right lane must turn right | arapahoe county lima plaza 69046984 south lima street | speed limit 35 | road work ahead | arapahoe road,39.59502777777778,-104.85747222222217,22,23
arapahoe-lima,35,road work ahead | arapahoe road | speed limit 35 | arapahoe county lima plaza 69046984 south lima street | right lane must turn right,39.59502777777778,-104.85747222222217,22,23
arapahoe-lima,36,arapahoe county lima plaza 69046984 south lima street | road work ahead | arapahoe road | speed limit 35 | right lane must turn right,39.59502777777778,-104.85747222222217,22,23
arapahoe-lima,37,right lane must turn right | speed limit 35 | arapahoe county lima plaza 69046984 south lima street | road work ahead | arapahoe road,39.59502777777778,-104.85747222222217,22,23
arapahoe-lima,38,arapahoe county lima plaza 69046984 south lima street | arapahoe road | road work ahead | speed limit 35 | right lane must turn right,39.59502777777778,-104.85747222222217,22,23
arapahoe-lima,39,arapahoe road | right lane must turn right | speed limit 35 | road work ahead | arapahoe county lima plaza 69046984 south lima street,39.59502777777778,-104.85747222222217,22,23
arapahoe-lima,40,right lane must turn right | road work ahead | speed limit 35 | arapahoe county lima plaza 69046984 south lima street | arapahoe road,39.59502777777778,-104.85747222222217,22,23
arapahoe-lima,41,road work ahead | right lane must turn right | speed limit 35 | arapahoe road | arapahoe county lima plaza 69046984 south lima street,39.59502777777778,-104.85747222222217,22,23
arapahoe-lima,42,arapahoe road | right lane must turn right | road work ahead | speed limit 35 | arapahoe county lima plaza 69046984 south lima street,39.59502777777778,-104.85747222222217,22,23
arapahoe-lima,43,speed limit 35 | arapahoe road | road work ahead | arapahoe county lima plaza 69046984 south lima street | right lane must turn right,39.59502777777778,-104.85747222222217,22,23
arapahoe-lima,44,arapahoe county lima plaza 69046984 south lima street | road work ahead | right lane must turn right | arapahoe road | speed limit 35,39.59502777777778,-104.85747222222217,22,23
arapahoe-lima,45,right lane must turn right | arapahoe road | road work ahead | arapahoe county lima plaza 69046984 south lima street | speed limit 35,39.59502777777778,-104.85747222222217,22,23
arapahoe-lima,46,road work ahead | arapahoe county lima plaza 69046984 south lima street | speed limit 35 | arapahoe road | right lane must turn right,39.59502777777778,-104.85747222222217,22,23
arapahoe-lima,47,arapahoe county lima plaza 69046984 south lima street | arapahoe road | road work ahead | speed limit 35 | right lane must turn right,39.59502777777778,-104.85747222222217,22,23
arapahoe-lima,48,road work ahead | right lane must turn right | arapahoe road | speed limit 35 | arapahoe county lima plaza 69046984 south lima street,39.59502777777778,-104.85747222222217,22,23
arapahoe-lima,49,arapahoe county lima plaza 69046984 south lima street | speed limit 35 | arapahoe road | right lane must turn right | road work ahead,39.59502777777778,-104.85747222222217,22,23
arapahoe-peoria,0,arapahoe rd | my favorite muffin your all day bakery cafe | inchins bamboo garden pan asian cusine | inchins bamboo garden pan asian cusine | s peoria st,39.59508333333335,-104.84816666666666,23,23
arapahoe-peoria,1,arapahoe rd | arapahoe rd | arapahoe rd | inchins bamboo garden pan asian cusine | s peoria st,39.59508333333335,-104.84816666666666,23,23
arapahoe-peoria,2,sushi kazu | s peoria st | alterations | inchins bamboo garden pan asian cusine | arapahoe rd,39.59508333333335,-104.84816666666666,23,23
arapahoe-peoria,3,my favorite muffin perfectly delicously uniquily delighful | arapahoe rd | inchins bamboo garden pan asian cusine | s peoria st | inchins bamboo garden pan asian cusine,39.59508333333335,-104.84816666666666,23,23
arapahoe-peoria,4,sinclair | inchins bamboo garden pan asian cusine | bicycles | s peoria st | arapahoe rd,39.59508333333335,-104.84816666666666,23,23
arapahoe-peoria,5,inchins bamboo garden pan asian cusine | s peoria st | chipotle | arapahoe rd | stinker,39.59508333333335,-104.84816666666666,23,23
arapahoe-peoria,6,inchins bamboo garden pan asian cusine | chipotle | arapahoe rd | s peoria st | lovett family chiropractic,39.59508333333335,-104.84816666666666,23,23
arapahoe-peoria,7,s peoria st | arapahoe rd | liv | inchins bamboo garden pan asian cusine | sushi kazu,39.59508333333335,-104.84816666666666,23,23
arapahoe-peoria,8,s peoria st | sushi kazu | stinker | arapahoe rd | inchins bamboo garden pan asian cusine,39.59508333333335,-104.84816666666666,23,23
arapahoe-peoria,9,arapahoe rd | inchins bamboo garden pan asian cusine | dog haus | for lease jll | s peoria st,39.59508333333335,-104.84816666666666,23,23
arapahoe-peoria,10,inchins bamboo garden pan asian cusine | arapahoe rd | s peoria st | my favorite muffin your all day bakery cafe | inchins bamboo garden pan asian cusine,39.59508333333335,-104.84816666666666,23,23
arapahoe-peoria,11,inchins bamboo garden pan asian cusine | s peoria st | arapahoe rd | arapahoe rd | arapahoe buisness park,39.59508333333335,-104.84816666666666,23,23
arapahoe-peoria,12,arapahoe rd | s peoria st | inchins bamboo garden pan asian cusine | alterations | stinker,39.59508333333335,-104.84816666666666,23,23
arapahoe-peoria,13,inchins bamboo garden pan asian cusine | s peoria st | zaris intl market and halal meat | zaris intl market and halal meat | arapahoe rd,39.59508333333335,-104.84816666666666,23,23
arapahoe-peoria,14,lovett family chiropractic | arapahoe rd | s peoria st | inchins bamboo garden pan asian cusine | house of meats,39.59508333333335,-104.84816666666666,23,23
arapahoe-peoria,15,arapahoe rd | inchins bamboo garden pan asian cusine | giant centinnial | s peoria st | for lease jll,39.59508333333335,-104.84816666666666,23,23
arapahoe-peoria,16,arapahoe rd | arapahoe rd | s peoria st | inchins bamboo garden pan asian cusine | dog haus,39.59508333333335,-104.84816666666666,23,23
arapahoe-peoria,17,zaris intl market and halal meat | arapahoe rd | house of meats | s peoria st | inchins bamboo garden pan asian cusine,39.59508333333335,-104.84816666666666,23,23
arapahoe-peoria,18,martial arts | inchins bamboo garden pan asian cusine | s peoria st | arapahoe rd | inchins bamboo garden pan asian cusine,39.59508333333335,-104.84816666666666,23,23
arapahoe-peoria,19,inchins bamboo garden pan asian cusine | dog grooming | bicycles | arapahoe rd | s peoria st,39.59508333333335,-104.84816666666666,23,23
arapahoe-peoria,20,s peoria st | arapahoe rd | inchins bamboo garden pan asian cusine | sushi kazu | sushi kazu,39.59508333333335,-104.84816666666666,23,23
arapahoe-peoria,21,house of meats | s peoria st | alterations | inchins bamboo garden pan asian cusine | arapahoe rd,39.59508333333335,-104.84816666666666,23,23
arapahoe-peoria,22,arapahoe rd | zaris intl market and halal meat | s peoria st | inchins bamboo garden pan asian cusine | sinclair,39.59508333333335,-104.84816666666666,23,23
arapahoe-peoria,23,my favorite muffin perfectly delicously uniquily delighful | dog grooming | inchins bamboo garden pan asian cusine | s peoria st | arapahoe rd,39.59508333333335,-104.84816666666666,23,23
arapahoe-peoria,24,inchins bamboo garden pan asian cusine | my favorite muffin perfectly delicously uniquily delighful | arapahoe rd | alterations | s peoria st,39.59508333333335,-104.84816666666666,23,23
arapahoe-peoria,25,inchins bamboo garden pan asian cusine | dog haus | arapahoe rd | s peoria st | sinclair,39.59508333333335,-104.84816666666666,23,23
arapahoe-peoria,26,arapahoe rd | s peoria st | arapahoe rd | inchins bamboo garden pan asian cusine | inchins bamboo garden pan asian cusine,39.59508333333335,-104.84816666666666,23,23
arapahoe-peoria,27,inchins bamboo garden pan asian cusine | s peoria st | arapahoe rd | arapahoe buisness park | for lease jll,39.59508333333335,-104.84816666666666,23,23
arapahoe-peoria,28,arapahoe rd | arapahoe buisness park | inchins bamboo garden pan asian cusine | s peoria st | alterations,39.59508333333335,-104.84816666666666,23,23
arapahoe-peoria,29,giant centinnial | liv | arapahoe rd | s peoria st | inchins bamboo garden pan asian cusine,39.59508333333335,-104.84816666666666,23,23
arapahoe-peoria,30,chipotle | arapahoe rd | inchins bamboo garden pan asian cusine | arapahoe rd | s peoria st,39.59508333333335,-104.84816666666666,23,23
arapahoe-peoria,31,sinclair | chipotle | arapahoe rd | inchins bamboo garden pan asian cusine | s peoria st,39.59508333333335,-104.84816666666666,23,23
arapahoe-peoria,32,critter care animal hospital | liv | inchins bamboo garden pan asian cusine | arapahoe rd | s peoria st,39.59508333333335,-104.84816666666666,23,23
arapahoe-peoria,33,alterations | arapahoe rd | inchins bamboo garden pan asian cusine | s peoria st | arapahoe rd,39.59508333333335,-104.84816666666666,23,23
arapahoe-peoria,34,inchins bamboo garden pan asian cusine | zaris intl market and halal meat | my favorite muffin your all day bakery cafe | s peoria st | arapahoe rd,39.59508333333335,-104.84816666666666,23,23
arapahoe-peoria,35,arapahoe rd | dog grooming | s peoria st | inchins bamboo garden pan asian cusine | liv,39.59508333333335,-104.84816666666666,23,23
arapahoe-peoria,36,arapahoe rd | inchins bamboo garden pan asian cusine | my favorite muffin your all day bakery cafe | s peoria st | dog haus,39.59508333333335,-104.84816666666666,23,23
arapahoe-peoria,37,sushi kazu | inchins bamboo garden pan asian cusine | s peoria st | arapahoe rd | alterations,39.59508333333335,-104.84816666666666,23,23
arapahoe-peoria,38,s peoria st | giant centinnial | s peoria st | arapahoe rd | inchins bamboo garden pan asian cusine,39.59508333333335,-104.84816666666666,23,23
arapahoe-peoria,39,critter care animal hospital | my favorite muffin perfectly delicously uniquily delighful | arapahoe rd | s peoria st | inchins bamboo garden pan asian cusine,39.59508333333335,-104.84816666666666,23,23
arapahoe-peoria,40,my favorite muffin your all day bakery cafe | inchins bamboo garden pan asian cusine | alterations | arapahoe rd | s peoria st,39.59508333333335,-104.84816666666666,23,23
arapahoe-peoria,41,s peoria st | inchins bamboo garden pan asian cusine | sinclair | zaris intl market and halal meat | arapahoe rd,39.59508333333335,-104.84816666666666,23,23
arapahoe-peoria,42,my favorite muffin perfectly delicously uniquily delighful | arapahoe rd | giant centinnial | s peoria st | inchins bamboo garden pan asian cusine,39.59508333333335,-104.84816666666666,23,23
arapahoe-peoria,43,arapahoe rd | inchins bamboo garden pan asian cusine | s peoria st | s peoria st | inchins bamboo garden pan asian cusine,39.59508333333335,-104.84816666666666,23,23
arapahoe-peoria,44,s peoria st | inchins bamboo garden pan asian cusine | arapahoe buisness park | arapahoe rd | bicycles,39.59508333333335,-104.84816666666666,23,23
arapahoe-peoria,45,arapahoe rd | for lease jll | s peoria st | inchins bamboo garden pan asian cusine | lovett family chiropractic,39.59508333333335,-104.84816666666666,23,23
arapahoe-peoria,46,s peoria st | chipotle | arapahoe rd | inchins bamboo garden pan asian cusine | s peoria st,39.59508333333335,-104.84816666666666,23,23
arapahoe-peoria,47,zaris intl market and halal meat | inchins bamboo garden pan asian cusine | s peoria st | sushi kazu | arapahoe rd,39.59508333333335,-104.84816666666666,23,23
arapahoe-peoria,48,arapahoe rd | stinker | s peoria st | inchins bamboo garden pan asian cusine | house of meats,39.59508333333335,-104.84816666666666,23,23
arapahoe-peoria,49,s peoria st | bicycles | martial arts | inchins bamboo garden pan asian cusine | arapahoe rd,39.59508333333335,-104.84816666666666,23,23
arapahoe-university,0,lane ends 500 ft | 25 mph | only | speed limit 35 | only,39.59516666666667,-104.96027777777775,76,80
arapahoe-university,1,only | 25 mph | only | speed limit 35 | lane ends 500 ft,39.59516666666667,-104.96027777777775,76,80
arapahoe-university,2,only | 25 mph | only | lane ends 500 ft | speed limit 35,39.59516666666667,-104.96027777777775,76,80
arapahoe-university,3,only | 25 mph | lane ends 500 ft | only | speed limit 35,39.59516666666667,-104.96027777777775,76,80
arapahoe-university,4,lane ends 500 ft | only | 25 mph | only | speed limit 35,39.59516666666667,-104.96027777777775,76,80
arapahoe-university,5,lane ends 500 ft | only | speed limit 35 | only | 25 mph,39.59516666666667,-104.96027777777775,76,80
arapahoe-university,6,25 mph | speed limit 35 | only | only | lane ends 500 ft,39.59516666666667,-104.96027777777775,76,80
arapahoe-university,7,25 mph | speed limit 35 | only | lane ends 500 ft | only,39.59516666666667,-104.96027777777775,76,80
arapahoe-university,8,only | speed limit 35 | lane ends 500 ft | only | 25 mph,39.59516666666667,-104.96027777777775,76,80
arapahoe-university,9,lane ends 500 ft | 25 mph | speed limit 35 | only | only,39.59516666666667,-104.96027777777775,76,80
arapahoe-university,10,only | 25 mph | only | speed limit 35 | lane ends 500 ft,39.59516666666667,-104.96027777777775,76,80
arapahoe-university,11,only | lane ends 500 ft | 25 mph | speed limit 35 | only,39.59516666666667,-104.96027777777775,76,80
arapahoe-university,12,only | 25 mph | speed limit 35 | only | lane ends 500 ft,39.59516666666667,-104.96027777777775,76,80
arapahoe-university,13,25 mph | speed limit 35 | only | only | lane ends 500 ft,39.59516666666667,-104.96027777777775,76,80
arapahoe-university,14,speed limit 35 | only | lane ends 500 ft | 25 mph | only,39.59516666666667,-104.96027777777775,76,80
arapahoe-university,15,only | speed limit 35 | lane ends 500 ft | only | 25 mph,39.59516666666667,-104.96027777777775,76,80
arapahoe-university,16,speed limit 35 | 25 mph | only | lane ends 500 ft | only,39.59516666666667,-104.96027777777775,76,80
arapahoe-university,17,speed limit 35 | only | only | 25 mph | lane ends 500 ft,39.59516666666667,-104.96027777777775,76,80
arapahoe-university,18,lane ends 500 ft | only | only | speed limit 35 | 25 mph,39.59516666666667,-104.96027777777775,76,80
arapahoe-university,19,only | lane ends 500 ft | speed limit 35 | only | 25 mph,39.59516666666667,-104.96027777777775,76,80
arapahoe-university,20,speed limit 35 | only | 25 mph | only | lane ends 500 ft,39.59516666666667,-104.96027777777775,76,80
arapahoe-university,21,speed limit 35 | only | 25 mph | lane ends 500 ft | only,39.59516666666667,-104.96027777777775,76,80
arapahoe-university,22,lane ends 500 ft | only | speed limit 35 | only | 25 mph,39.59516666666667,-104.96027777777775,76,80
arapahoe-university,23,only | 25 mph | only | speed limit 35 | lane ends 500 ft,39.59516666666667,-104.96027777777775,76,80
arapahoe-university,24,only | lane ends 500 ft | 25 mph | speed limit 35 | only,39.59516666666667,-104.96027777777775,76,80
arapahoe-university,25,lane ends 500 ft | speed limit 35 | only | 25 mph | only,39.59516666666667,-104.96027777777775,76,80
arapahoe-university,26,lane ends 500 ft | 25 mph | speed limit 35 | only | only,39.59516666666667,-104.96027777777775,76,80
arapahoe-university,27,lane ends 500 ft | only | speed limit 35 | 25 mph | only,39.59516666666667,-104.96027777777775,76,80
arapahoe-university,28,only | 25 mph | lane ends 500 ft | only | speed limit 35,39.59516666666667,-104.96027777777775,76,80
arapahoe-university,29,speed limit 35 | lane ends 500 ft | only | only | 25 mph,39.59516666666667,-104.96027777777775,76,80
arapahoe-university,30,only | speed limit 35 | lane ends 500 ft | only | 25 mph,39.59516666666667,-104.96027777777775,76,80
arapahoe-university,31,lane ends 500 ft | speed limit 35 | only | only | 25 mph,39.59516666666667,-104.96027777777775,76,80
arapahoe-university,32,25 mph | speed limit 35 | only | lane ends 500 ft | only,39.59516666666667,-104.96027777777775,76,80
arapahoe-university,33,only | only | lane ends 500 ft | 25 mph | speed limit 35,39.59516666666667,-104.96027777777775,76,80
arapahoe-university,34,speed limit 35 | only | only | lane ends 500 ft | 25 mph,39.59516666666667,-104.96027777777775,76,80
arapahoe-university,35,25 mph | only | speed limit 35 | only | lane ends 500 ft,39.59516666666667,-104.96027777777775,76,80
arapahoe-university,36,speed limit 35 | only | 25 mph | only | lane ends 500 ft,39.59516666666667,-104.96027777777775,76,80
arapahoe-university,37,lane ends 500 ft | only | 25 mph | speed limit 35 | only,39.59516666666667,-104.96027777777775,76,80
arapahoe-university,38,only | 25 mph | speed limit 35 | only | lane ends 500 ft,39.59516666666667,-104.96027777777775,76,80
arapahoe-university,39,only | speed limit 35 | 25 mph | only | lane ends 500 ft,39.59516666666667,-104.96027777777775,76,80
arapahoe-university,40,only | lane ends 500 ft | 25 mph | only | speed limit 35,39.59516666666667,-104.96027777777775,76,80
arapahoe-university,41,only | only | 25 mph | speed limit 35 | lane ends 500 ft,39.59516666666667,-104.96027777777775,76,80
arapahoe-university,42,only | only | 25 mph | speed limit 35 | lane ends 500 ft,39.59516666666667,-104.96027777777775,76,80
arapahoe-university,43,only | only | lane ends 500 ft | 25 mph | speed limit 35,39.59516666666667,-104.96027777777775,76,80
arapahoe-university,44,only | 25 mph | speed limit 35 | only | lane ends 500 ft,39.59516666666667,-104.96027777777775,76,80
arapahoe-university,45,only | 25 mph | only | speed limit 35 | lane ends 500 ft,39.59516666666667,-104.96027777777775,76,80
arapahoe-university,46,speed limit 35 | only | only | lane ends 500 ft | 25 mph,39.59516666666667,-104.96027777777775,76,80
arapahoe-university,47,only | only | speed limit 35 | lane ends 500 ft | 25 mph,39.59516666666667,-104.96027777777775,76,80
arapahoe-university,48,only | only | speed limit 35 | 25 mph | lane ends 500 ft,39.59516666666667,-104.96027777777775,76,80
arapahoe-university,49,only | lane ends 500 ft | 25 mph | speed limit 35 | only,39.59516666666667,-104.96027777777775,76,80
arapahoe-yosemite,0,only | no turn on red 6am 8am 4pm 6pm | gv e arapahoe road | interstate 25 north arapahoe rd | interstate 25 north south arapahoe rd exit only,39.59494444444446,-104.88891666666667,30,34
arapahoe-yosemite,1,gv e arapahoe road | no turn on red 6am 8am 4pm 6pm | only | interstate 25 north south arapahoe rd exit only | interstate 25 north arapahoe rd,39.59494444444446,-104.88891666666667,30,34
arapahoe-yosemite,2,only | interstate 25 north arapahoe rd | no turn on red 6am 8am 4pm 6pm | interstate 25 north south arapahoe rd exit only | gv e arapahoe road,39.59494444444446,-104.88891666666667,30,34
arapahoe-yosemite,3,interstate 25 north south arapahoe rd exit only | no turn on red 6am 8am 4pm 6pm | only | gv e arapahoe road | interstate 25 north arapahoe rd,39.59494444444446,-104.88891666666667,30,34
arapahoe-yosemite,4,gv e arapahoe road | only | interstate 25 north arapahoe rd | interstate 25 north south arapahoe rd exit only | no turn on red 6am 8am 4pm 6pm,39.59494444444446,-104.88891666666667,30,34
arapahoe-yosemite,5,only | no turn on red 6am 8am 4pm 6pm | interstate 25 north arapahoe rd | interstate 25 north south arapahoe rd exit only | gv e arapahoe road,39.59494444444446,-104.88891666666667,30,34
arapahoe-yosemite,6,no turn on red 6am 8am 4pm 6pm | only | interstate 25 north south arapahoe rd exit only | interstate 25 north arapahoe rd | gv e arapahoe road,39.59494444444446,-104.88891666666667,30,34
arapahoe-yosemite,7,interstate 25 north arapahoe rd | only | gv e arapahoe road | interstate 25 north south arapahoe rd exit only | no turn on red 6am 8am 4pm 6pm,39.59494444444446,-104.88891666666667,30,34
arapahoe-yosemite,8,gv e arapahoe road | interstate 25 north arapahoe rd | interstate 25 north south arapahoe rd exit only | only | no turn on red 6am 8am 4pm 6pm,39.59494444444446,-104.88891666666667,30,34
arapahoe-yosemite,9,gv e arapahoe road | interstate 25 north arapahoe rd | only | interstate 25 north south arapahoe rd exit only | no turn on red 6am 8am 4pm 6pm,39.59494444444446,-104.88891666666667,30,34
arapahoe-yosemite,10,interstate 25 north south arapahoe rd exit only | gv e arapahoe road | interstate 25 north arapahoe rd | only | no turn on red 6am 8am 4pm 6pm,39.59494444444446,-104.88891666666667,30,34
arapahoe-yosemite,11,no turn on red 6am 8am 4pm 6pm | gv e arapahoe road | interstate 25 north arapahoe rd | only | interstate 25 north south arapahoe rd exit only,39.59494444444446,-104.88891666666667,30,34
arapahoe-yosemite,12,only | interstate 25 north arapahoe rd | interstate 25 north south arapahoe rd exit only | gv e arapahoe road | no turn on red 6am 8am 4pm 6pm,39.59494444444446,-104.88891666666667,30,34
arapahoe-yosemite,13,gv e arapahoe road | only | no turn on red 6am 8am 4pm 6pm | interstate 25 north arapahoe rd | interstate 25 north south arapahoe rd exit only,39.59494444444446,-104.88891666666667,30,34
arapahoe-yosemite,14,interstate 25 north arapahoe rd | no turn on red 6am 8am 4pm 6pm | gv e arapahoe road | interstate 25 north south arapahoe rd exit only | only,39.59494444444446,-104.88891666666667,30,34
arapahoe-yosemite,15,only | no turn on red 6am 8am 4pm 6pm | interstate 25 north arapahoe rd | gv e arapahoe road | interstate 25 north south arapahoe rd exit only,39.59494444444446,-104.88891666666667,30,34
arapahoe-yosemite,16,no turn on red 6am 8am 4pm 6pm | interstate 25 north south arapahoe rd exit only | gv e arapahoe road | interstate 25 north arapahoe rd | only,39.59494444444446,-104.88891666666667,30,34
arapahoe-yosemite,17,gv e arapahoe road | interstate 25 north south arapahoe rd exit only | only | interstate 25 north arapahoe rd | no turn on red 6am 8am 4pm 6pm,39.59494444444446,-104.88891666666667,30,34
arapahoe-yosemite,18,interstate 25 north arapahoe rd | only | no turn on red 6am 8am 4pm 6pm | gv e arapahoe road | interstate 25 north south arapahoe rd exit only,39.59494444444446,-104.88891666666667,30,34
arapahoe-yosemite,19,interstate 25 north south arapahoe rd exit only | only | gv e arapahoe road | no turn on red 6am 8am 4pm 6pm | interstate 25 north arapahoe rd,39.59494444444446,-104.88891666666667,30,34
arapahoe-yosemite,20,only | no turn on red 6am 8am 4pm 6pm | interstate 25 north arapahoe rd | gv e arapahoe road | interstate 25 north south arapahoe rd exit only,39.59494444444446,-104.88891666666667,30,34
arapahoe-yosemite,21,only | no turn on red 6am 8am 4pm 6pm | interstate 25 north south arapahoe rd exit only | gv e arapahoe road | interstate 25 north arapahoe rd,39.59494444444446,-104.88891666666667,30,34
arapahoe-yosemite,22,interstate 25 north south arapahoe rd exit only | interstate 25 north arapahoe rd | gv e arapahoe road | no turn on red 6am 8am 4pm 6pm | only,39.59494444444446,-104.88891666666667,30,34
arapahoe-yosemite,23,gv e arapahoe road | interstate 25 north arapahoe rd | interstate 25 north south arapahoe rd exit only | no turn on red 6am 8am 4pm 6pm | only,39.59494444444446,-104.88891666666667,30,34
arapahoe-yosemite,24,only | no turn on red 6am 8am 4pm 6pm | interstate 25 north arapahoe rd | gv e arapahoe road | interstate 25 north south arapahoe rd exit only,39.59494444444446,-104.88891666666667,30,34
arapahoe-yosemite,25,interstate 25 north arapahoe rd | interstate 25 north south arapahoe rd exit only | no turn on red 6am 8am 4pm 6pm | only | gv e arapahoe road,39.59494444444446,-104.88891666666667,30,34
arapahoe-yosemite,26,only | interstate 25 north south arapahoe rd exit only | gv e arapahoe road | interstate 25 north arapahoe rd | no turn on red 6am 8am 4pm 6pm,39.59494444444446,-104.88891666666667,30,34
arapahoe-yosemite,27,interstate 25 north arapahoe rd | interstate 25 north south arapahoe rd exit only | only | no turn on red 6am 8am 4pm 6pm | gv e arapahoe road,39.59494444444446,-104.88891666666667,30,34
arapahoe-yosemite,28,interstate 25 north arapahoe rd | no turn on red 6am 8am 4pm 6pm | gv e arapahoe road | only | interstate 25 north south arapahoe rd exit only,39.59494444444446,-104.88891666666667,30,34
arapahoe-yosemite,29,no turn on red 6am 8am 4pm 6pm | only | interstate 25 north south arapahoe rd exit only | gv e arapahoe road | interstate 25 north arapahoe rd,39.59494444444446,-104.88891666666667,30,34
arapahoe-yosemite,30,no turn on red 6am 8am 4pm 6pm | only | interstate 25 north south arapahoe rd exit only | interstate 25 north arapahoe rd | gv e arapahoe road,39.59494444444446,-104.88891666666667,30,34
arapahoe-yosemite,31,interstate 25 north south arapahoe rd exit only | gv e arapahoe road | interstate 25 north arapahoe rd | only | no turn on red 6am 8am 4pm 6pm,39.59494444444446,-104.88891666666667,30,34
arapahoe-yosemite,32,no turn on red 6am 8am 4pm 6pm | only | interstate 25 north south arapahoe rd exit only | interstate 25 north arapahoe rd | gv e arapahoe road,39.59494444444446,-104.88891666666667,30,34
arapahoe-yosemite,33,interstate 25 north arapahoe rd | only | no turn on red 6am 8am 4pm 6pm | gv e arapahoe road | interstate 25 north south arapahoe rd exit only,39.59494444444446,-104.88891666666667,30,34
arapahoe-yosemite,34,gv e arapahoe road | only | interstate 25 north south arapahoe rd exit only | no turn on red 6am 8am 4pm 6pm | interstate 25 north arapahoe rd,39.59494444444446,-104.88891666666667,30,34
arapahoe-yosemite,35,only | no turn on red 6am 8am 4pm 6pm | gv e arapahoe road | interstate 25 north south arapahoe rd exit only | interstate 25 north arapahoe rd,39.59494444444446,-104.88891666666667,30,34
arapahoe-yosemite,36,interstate 25 north arapahoe rd | only | interstate 25 north south arapahoe rd exit only | no turn on red 6am 8am 4pm 6pm | gv e arapahoe road,39.59494444444446,-104.88891666666667,30,34
arapahoe-yosemite,37,only | interstate 25 north south arapahoe rd exit only | interstate 25 north arapahoe rd | gv e arapahoe road | no turn on red 6am 8am 4pm 6pm,39.59494444444446,-104.88891666666667,30,34
arapahoe-yosemite,38,interstate 25 north south arapahoe rd exit only | only | gv e arapahoe road | interstate 25 north arapahoe rd | no turn on red 6am 8am 4pm 6pm,39.59494444444446,-104.88891666666667,30,34
arapahoe-yosemite,39,interstate 25 north south arapahoe rd exit only | interstate 25 north arapahoe rd | gv e arapahoe road | no turn on red 6am 8am 4pm 6pm | only,39.59494444444446,-104.88891666666667,30,34
arapahoe-yosemite,40,gv e arapahoe road | interstate 25 north arapahoe rd | no turn on red 6am 8am 4pm 6pm | interstate 25 north south arapahoe rd exit only | only,39.59494444444446,-104.88891666666667,30,34
arapahoe-yosemite,41,interstate 25 north south arapahoe rd exit only | interstate 25 north arapahoe rd | no turn on red 6am 8am 4pm 6pm | gv e arapahoe road | only,39.59494444444446,-104.88891666666667,30,34
arapahoe-yosemite,42,interstate 25 north south arapahoe rd exit only | only | no turn on red 6am 8am 4pm 6pm | interstate 25 north arapahoe rd | gv e arapahoe road,39.59494444444446,-104.88891666666667,30,34
arapahoe-yosemite,43,only | no turn on red 6am 8am 4pm 6pm | interstate 25 north arapahoe rd | interstate 25 north south arapahoe rd exit only | gv e arapahoe road,39.59494444444446,-104.88891666666667,30,34
arapahoe-yosemite,44,gv e arapahoe road | interstate 25 north south arapahoe rd exit only | no turn on red 6am 8am 4pm 6pm | only | interstate 25 north arapahoe rd,39.59494444444446,-104.88891666666667,30,34
arapahoe-yosemite,45,gv e arapahoe road | interstate 25 north arapahoe rd | interstate 25 north south arapahoe rd exit only | no turn on red 6am 8am 4pm 6pm | only,39.59494444444446,-104.88891666666667,30,34
arapahoe-yosemite,46,interstate 25 north south arapahoe rd exit only | no turn on red 6am 8am 4pm 6pm | interstate 25 north arapahoe rd | only | gv e arapahoe road,39.59494444444446,-104.88891666666667,30,34
arapahoe-yosemite,47,interstate 25 north arapahoe rd | no turn on red 6am 8am 4pm 6pm | only | gv e arapahoe road | interstate 25 north south arapahoe rd exit only,39.59494444444446,-104.88891666666667,30,34
arapahoe-yosemite,48,only | interstate 25 north south arapahoe rd exit only | no turn on red 6am 8am 4pm 6pm | gv e arapahoe road | interstate 25 north arapahoe rd,39.59494444444446,-104.88891666666667,30,34
arapahoe-yosemite,49,no turn on red 6am 8am 4pm 6pm | interstate 25 north south arapahoe rd exit only | interstate 25 north arapahoe rd | gv e arapahoe road | only,39.59494444444446,-104.88891666666667,30,34
arizona-federal,0,denver concrete and landscaping | carnitas el amarillo | far east center | denver concrete and landscaping | torres mexicon food,39.69491666666667,-105.02516666666665,20,20
arizona-federal,1,sleeping giant brewing company | carnitas el amarillo | denver fire station | pho buy denver | la villa real,39.69491666666667,-105.02516666666665,20,20
arizona-federal,2,tacos y tortas | napa auto parts | sleeping giant brewing company | napa auto parts | bakers palace,39.69491666666667,-105.02516666666665,20,20
arizona-federal,3,corner house pizza | secular hub | tacos y tortas | carnitas el amarillo | carnitas el amarillo,39.69491666666667,-105.02516666666665,20,20
arizona-federal,4,tacos y tortas | barnum dog park | carnitas el amarillo | the empress seafood restaurant | bakers palace,39.69491666666667,-105.02516666666665,20,20
arizona-federal,5,la villa real | nosh catering | denver concrete and landscaping | 0 lien kitchen | the empress seafood restaurant,39.69491666666667,-105.02516666666665,20,20
arizona-federal,6,torres mexicon food | la villa real | secular hub | barnum dog park | bakers palace,39.69491666666667,-105.02516666666665,20,20
arizona-federal,7,tacos y tortas | torres mexicon food | denver concrete and landscaping | 0 lien kitchen | denver concrete and landscaping,39.69491666666667,-105.02516666666665,20,20
arizona-federal,8,pho buy denver | bakers palace | torres mexicon food | napa auto parts | 0 lien kitchen,39.69491666666667,-105.02516666666665,20,20
arizona-federal,9,pho buy denver | denver concrete and landscaping | tacos y tortas | torres mexicon food | corner house pizza,39.69491666666667,-105.02516666666665,20,20
arizona-federal,10,napa auto parts | secular hub | carnitas el amarillo | napa auto parts | torres mexicon food,39.69491666666667,-105.02516666666665,20,20
arizona-federal,11,sleeping giant brewing company | denver fire station | el coco pirata | tacos y tortas | 0 lien kitchen,39.69491666666667,-105.02516666666665,20,20
arizona-federal,12,pho buy denver | la villa real | denver concrete and landscaping | carnitas el amarillo | the empress seafood restaurant,39.69491666666667,-105.02516666666665,20,20
arizona-federal,13,denver concrete and landscaping | far east center | napa auto parts | sanderson gulch trail | torres mexicon food,39.69491666666667,-105.02516666666665,20,20
arizona-federal,14,denver concrete and landscaping | tacos y tortas | tacos y tortas | star kitchen | el coco pirata,39.69491666666667,-105.02516666666665,20,20
arizona-federal,15,nosh catering | far east center | la villa real | la villa real | denver fire station,39.69491666666667,-105.02516666666665,20,20
arizona-federal,16,0 lien kitchen | star kitchen | sleeping giant brewing company | sanderson gulch trail | 0 lien kitchen,39.69491666666667,-105.02516666666665,20,20
arizona-federal,17,sleeping giant brewing company | bakers palace | denver concrete and landscaping | sleeping giant brewing company | la villa real,39.69491666666667,-105.02516666666665,20,20
arizona-federal,18,sleeping giant brewing company | 0 lien kitchen | nosh catering | secular hub | 0 lien kitchen,39.69491666666667,-105.02516666666665,20,20
arizona-federal,19,sleeping giant brewing company | 0 lien kitchen | sanderson gulch trail | bakers palace | 0 lien kitchen,39.69491666666667,-105.02516666666665,20,20
arizona-federal,20,sanderson gulch trail | the empress seafood restaurant | star kitchen | carnitas el amarillo | star kitchen,39.69491666666667,-105.02516666666665,20,20
arizona-federal,21,pho buy denver | 0 lien kitchen | bakers palace | pho buy denver | napa auto parts,39.69491666666667,-105.02516666666665,20,20
arizona-federal,22,bakers palace | napa auto parts | tacos y tortas | el coco pirata | star kitchen,39.69491666666667,-105.02516666666665,20,20
arizona-federal,23,carnitas el amarillo | 0 lien kitchen | 0 lien kitchen | pho buy denver | sleeping giant brewing company,39.69491666666667,-105.02516666666665,20,20
arizona-federal,24,0 lien kitchen | carnitas el amarillo | denver concrete and landscaping | secular hub | tacos y tortas,39.69491666666667,-105.02516666666665,20,20
arizona-federal,25,pho buy denver | the empress seafood restaurant | tacos y tortas | pho buy denver | el coco pirata,39.69491666666667,-105.02516666666665,20,20
arizona-federal,26,carnitas el amarillo | corner house pizza | tacos y tortas | barnum dog park | corner house pizza,39.69491666666667,-105.02516666666665,20,20
arizona-federal,27,star kitchen | pho buy denver | the empress seafood restaurant | star kitchen | sanderson gulch trail,39.69491666666667,-105.02516666666665,20,20
arizona-federal,28,barnum dog park | tacos y tortas | la villa real | secular hub | denver fire station,39.69491666666667,-105.02516666666665,20,20
arizona-federal,29,secular hub | corner house pizza | sleeping giant brewing company | the empress seafood restaurant | nosh catering,39.69491666666667,-105.02516666666665,20,20
arizona-federal,30,the empress seafood restaurant | torres mexicon food | secular hub | napa auto parts | la villa real,39.69491666666667,-105.02516666666665,20,20
arizona-federal,31,denver concrete and landscaping | secular hub | la villa real | the empress seafood restaurant | napa auto parts,39.69491666666667,-105.02516666666665,20,20
arizona-federal,32,denver fire station | denver fire station | nosh catering | la villa real | torres mexicon food,39.69491666666667,-105.02516666666665,20,20
arizona-federal,33,denver fire station | denver concrete and landscaping | torres mexicon food | sleeping giant brewing company | star kitchen,39.69491666666667,-105.02516666666665,20,20
arizona-federal,34,torres mexicon food | far east center | sleeping giant brewing company | el coco pirata | star kitchen,39.69491666666667,-105.02516666666665,20,20
arizona-federal,35,star kitchen | nosh catering | the empress seafood restaurant | denver concrete and landscaping | secular hub,39.69491666666667,-105.02516666666665,20,20
arizona-federal,36,napa auto parts | torres mexicon food | napa auto parts | secular hub | sleeping giant brewing company,39.69491666666667,-105.02516666666665,20,20
arizona-federal,37,nosh catering | secular hub | star kitchen | sleeping giant brewing company | denver concrete and landscaping,39.69491666666667,-105.02516666666665,20,20
arizona-federal,38,far east center | corner house pizza | sanderson gulch trail | nosh catering | denver concrete and landscaping,39.69491666666667,-105.02516666666665,20,20
arizona-federal,39,sanderson gulch trail | corner house pizza | denver concrete and landscaping | tacos y tortas | napa auto parts,39.69491666666667,-105.02516666666665,20,20
arizona-federal,40,carnitas el amarillo | nosh catering | star kitchen | sleeping giant brewing company | the empress seafood restaurant,39.69491666666667,-105.02516666666665,20,20
arizona-federal,41,secular hub | torres mexicon food | secular hub | barnum dog park | corner house pizza,39.69491666666667,-105.02516666666665,20,20
arizona-federal,42,sanderson gulch trail | sanderson gulch trail | denver concrete and landscaping | barnum dog park | carnitas el amarillo,39.69491666666667,-105.02516666666665,20,20
arizona-federal,43,secular hub | secular hub | torres mexicon food | 0 lien kitchen | el coco pirata,39.69491666666667,-105.02516666666665,20,20
arizona-federal,44,corner house pizza | sleeping giant brewing company | sleeping giant brewing company | barnum dog park | tacos y tortas,39.69491666666667,-105.02516666666665,20,20
arizona-federal,45,corner house pizza | denver fire station | secular hub | la villa real | sleeping giant brewing company,39.69491666666667,-105.02516666666665,20,20
arizona-federal,46,bakers palace | pho buy denver | corner house pizza | the empress seafood restaurant | star kitchen,39.69491666666667,-105.02516666666665,20,20
arizona-federal,47,the empress seafood restaurant | nosh catering | barnum dog park | nosh catering | bakers palace,39.69491666666667,-105.02516666666665,20,20
arizona-federal,48,the empress seafood restaurant | star kitchen | star kitchen | la villa real | el coco pirata,39.69491666666667,-105.02516666666665,20,20
arizona-federal,49,star kitchen | carnitas el amarillo | nosh catering | star kitchen | pho buy denver,39.69491666666667,-105.02516666666665,20,20
arkansas-federal,0,security service | security service | cakeland | vietnamese restaurant | pho 95,39.69102777777778,-105.02508333333331,21,21
arkansas-federal,1,pho 95 | fastlunch dinner | playa azul | gen x | federal,39.69102777777778,-105.02508333333331,21,21
arkansas-federal,2,family dollar | law office | gen x | churchs chicken | family dollar,39.69102777777778,-105.02508333333331,21,21
arkansas-federal,3,pho 95 | churchs chicken | playa azul | cakeland | us bank,39.69102777777778,-105.02508333333331,21,21
arkansas-federal,4,law office | law office | security service | vietnamese restaurant | large washers,39.69102777777778,-105.02508333333331,21,21
arkansas-federal,5,mais tax prep | panaderia | law office | new western mortgage | pho 95,39.69102777777778,-105.02508333333331,21,21
arkansas-federal,6,federal | new western mortgage | fastlunch dinner | panaderia | security service,39.69102777777778,-105.02508333333331,21,21
arkansas-federal,7,large washers | family dollar | law office | toro taxes | fastlunch dinner,39.69102777777778,-105.02508333333331,21,21
arkansas-federal,8,mais tax prep | toro taxes | mais tax prep | churchs chicken | security service,39.69102777777778,-105.02508333333331,21,21
arkansas-federal,9,gen x | pho 95 | new western mortgage | panaderia | checks cashed,39.69102777777778,-105.02508333333331,21,21
arkansas-federal,10,pho 95 | toro taxes | fastlunch dinner | law office | large washers,39.69102777777778,-105.02508333333331,21,21
arkansas-federal,11,vietnamese restaurant | fastlunch dinner | large washers | conoco | mais tax prep,39.69102777777778,-105.02508333333331,21,21
arkansas-federal,12,panaderia | las delicias | panaderia | law office | family dollar,39.69102777777778,-105.02508333333331,21,21
arkansas-federal,13,us bank | family dollar | security service | large washers | new western mortgage,39.69102777777778,-105.02508333333331,21,21
arkansas-federal,14,family dollar | playa azul | vectra bank | las delicias | fastlunch dinner,39.69102777777778,-105.02508333333331,21,21
arkansas-federal,15,cakeland | security service | us bank | mais tax prep | gen x,39.69102777777778,-105.02508333333331,21,21
arkansas-federal,16,new western mortgage | law office | family dollar | playa azul | mais tax prep,39.69102777777778,-105.02508333333331,21,21
arkansas-federal,17,panaderia | churchs chicken | vectra bank | security service | new western mortgage,39.69102777777778,-105.02508333333331,21,21
arkansas-federal,18,toro taxes | toro taxes | vectra bank | cakeland | vectra bank,39.69102777777778,-105.02508333333331,21,21
arkansas-federal,19,security service | panaderia | large washers | cakeland | family dollar,39.69102777777778,-105.02508333333331,21,21
arkansas-federal,20,pho 95 | gen x | las delicias | gen x | law office,39.69102777777778,-105.02508333333331,21,21
arkansas-federal,21,churchs chicken | pho 95 | family dollar | large washers | playa azul,39.69102777777778,-105.02508333333331,21,21
arkansas-federal,22,playa azul | cakeland | law office | federal | new western mortgage,39.69102777777778,-105.02508333333331,21,21
arkansas-federal,23,vietnamese restaurant | cakeland | large washers | las delicias | pho 95,39.69102777777778,-105.02508333333331,21,21
arkansas-federal,24,gen x | playa azul | pho 95 | checks cashed | family dollar,39.69102777777778,-105.02508333333331,21,21
arkansas-federal,25,mais tax prep | gen x | panaderia | pho 95 | family dollar,39.69102777777778,-105.02508333333331,21,21
arkansas-federal,26,churchs chicken | fastlunch dinner | churchs chicken | toro taxes | conoco,39.69102777777778,-105.02508333333331,21,21
arkansas-federal,27,fastlunch dinner | conoco | large washers | law office | federal,39.69102777777778,-105.02508333333331,21,21
arkansas-federal,28,conoco | gen x | security service | churchs chicken | new western mortgage,39.69102777777778,-105.02508333333331,21,21
arkansas-federal,29,vietnamese restaurant | large washers | vietnamese restaurant | las delicias | us bank,39.69102777777778,-105.02508333333331,21,21
arkansas-federal,30,gen x | playa azul | playa azul | fastlunch dinner | mais tax prep,39.69102777777778,-105.02508333333331,21,21
arkansas-federal,31,conoco | mais tax prep | security service | federal | churchs chicken,39.69102777777778,-105.02508333333331,21,21
arkansas-federal,32,gen x | law office | toro taxes | pho 95 | family dollar,39.69102777777778,-105.02508333333331,21,21
arkansas-federal,33,panaderia | playa azul | panaderia | checks cashed | large washers,39.69102777777778,-105.02508333333331,21,21
arkansas-federal,34,new western mortgage | cakeland | family dollar | vietnamese restaurant | panaderia,39.69102777777778,-105.02508333333331,21,21
arkansas-federal,35,panaderia | vietnamese restaurant | us bank | conoco | family dollar,39.69102777777778,-105.02508333333331,21,21
arkansas-federal,36,federal | mais tax prep | gen x | gen x | security service,39.69102777777778,-105.02508333333331,21,21
arkansas-federal,37,conoco | cakeland | pho 95 | law office | cakeland,39.69102777777778,-105.02508333333331,21,21
arkansas-federal,38,cakeland | churchs chicken | gen x | large washers | us bank,39.69102777777778,-105.02508333333331,21,21
arkansas-federal,39,mais tax prep | checks cashed | vectra bank | fastlunch dinner | mais tax prep,39.69102777777778,-105.02508333333331,21,21
arkansas-federal,40,pho 95 | family dollar | new western mortgage | vectra bank | cakeland,39.69102777777778,-105.02508333333331,21,21
arkansas-federal,41,us bank | churchs chicken | fastlunch dinner | churchs chicken | pho 95,39.69102777777778,-105.02508333333331,21,21
arkansas-federal,42,panaderia | large washers | security service | law office | vietnamese restaurant,39.69102777777778,-105.02508333333331,21,21
arkansas-federal,43,cakeland | gen x | conoco | conoco | us bank,39.69102777777778,-105.02508333333331,21,21
arkansas-federal,44,law office | vectra bank | playa azul | conoco | vectra bank,39.69102777777778,-105.02508333333331,21,21
arkansas-federal,45,federal | mais tax prep | federal | pho 95 | mais tax prep,39.69102777777778,-105.02508333333331,21,21
arkansas-federal,46,checks cashed | mais tax prep | us bank | federal | vectra bank,39.69102777777778,-105.02508333333331,21,21
arkansas-federal,47,us bank | mais tax prep | law office | las delicias | las delicias,39.69102777777778,-105.02508333333331,21,21
arkansas-federal,48,large washers | mais tax prep | checks cashed | gen x | fastlunch dinner,39.69102777777778,-105.02508333333331,21,21
arkansas-federal,49,family dollar | security service | las delicias | conoco | mais tax prep,39.69102777777778,-105.02508333333331,21,21
belleview-kipling,0,open | chuck and dons pet supply | safeway | wells fargo | reserved parking,39.62427777777778,-105.1100277777777,78,102
belleview-kipling,1,wells fargo | reserved parking | liquors | wells fargo | canton chinese restaurant,39.62427777777778,-105.1100277777777,78,102
belleview-kipling,2,delicious meals for onthego perfect portions no added sugar no preservatives never frozen | dining room now open come join us today | reserved parking | wells fargo | open,39.62427777777778,-105.1100277777777,78,102
belleview-kipling,3,wells fargo | wells fargo | shop at safeway save at the pump | open | reserved parking,39.62427777777778,-105.1100277777777,78,102
belleview-kipling,4,canton chinese restaurant | reserved parking | chuck and dons pet supply | tinctures concentrates edibles capsuls cbd for pets lotions balms bath bombs free samples | starbucks coffee company,39.62427777777778,-105.1100277777777,78,102
belleview-kipling,5,1st bank | burritos tostadas enchiladas chile rellenos | wells fargo | starbucks | reserved parking,39.62427777777778,-105.1100277777777,78,102
belleview-kipling,6,reserved parking | dq grill chill | coors light | pizza calzones pasta sandwiches salads | comfort dental braces littleton,39.62427777777778,-105.1100277777777,78,102
belleview-kipling,7,wells fargo | dining room now open come join us today | dunkin | reserved parking | wells fargo,39.62427777777778,-105.1100277777777,78,102
belleview-kipling,8,saucys pizza | bud light seltzer black cherry black cherry black cherry lemon lime lemon lime lemon lime strawberry strawberry strawberry mango mango mango | wells fargo | dinein pickup free delivery | reserved parking,39.62427777777778,-105.1100277777777,78,102
belleview-kipling,9,saucys pizza | shop at safeway save at the pump | reserved parking | delicious meals for onthego perfect portions no added sugar no preservatives never frozen | new belgium brewing 1049 6 pks,39.62427777777778,-105.1100277777777,78,102
belleview-kipling,10,reserved parking | open | saucys pizza | brazilian jiu jitsu | delicious meals for onthego perfect portions no added sugar no preservatives never frozen,39.62427777777778,-105.1100277777777,78,102
belleview-kipling,11,reserved parking | reserved parking | diesel | supplement giant | bouton veterinary hospital,39.62427777777778,-105.1100277777777,78,102
belleview-kipling,12,reserved parking | goodwill store | saucys | tinctures concentrates edibles capsuls cbd for pets lotions balms bath bombs free samples | walgreens,39.62427777777778,-105.1100277777777,78,102
belleview-kipling,13,saucys pizza | reserved parking | safeway | comfort dental braces | lunch menu monfri 113 dinein pickup only,39.62427777777778,-105.1100277777777,78,102
belleview-kipling,14,revive cbd | reserved parking | hr block | wells fargo | miller high life,39.62427777777778,-105.1100277777777,78,102
belleview-kipling,15,unleaded | belleview west animal hospital | comfort dental braces littleton | open | reserved parking,39.62427777777778,-105.1100277777777,78,102
belleview-kipling,16,dunkin | miller high life | safeway | open | reserved parking,39.62427777777778,-105.1100277777777,78,102
belleview-kipling,17,reserved parking | wells fargo | now hiring | now hiring | burger king,39.62427777777778,-105.1100277777777,78,102
belleview-kipling,18,diesel | reserved parking | walgreens | wells fargo | safeway,39.62427777777778,-105.1100277777777,78,102
belleview-kipling,19,reserved parking | safeway | comfort dental braces littleton | facp inside | morning star assisted living,39.62427777777778,-105.1100277777777,78,102
belleview-kipling,20,starbucks | goodwill store | wells fargo | tamale kitchen | reserved parking,39.62427777777778,-105.1100277777777,78,102
belleview-kipling,21,reserved parking | blue moon | starbucks coffee company | boba zone | tamale kitchen,39.62427777777778,-105.1100277777777,78,102
belleview-kipling,22,brazilian jiu jitsu | reserved parking | open | revive cbd | come in for cold coors lgiht,39.62427777777778,-105.1100277777777,78,102
belleview-kipling,23,devil dog brew | reserved parking | cbd | coors light | mcdonalds,39.62427777777778,-105.1100277777777,78,102
belleview-kipling,24,dq grill chill | reserved parking | safeway | wells fargo | chuck and dons pet supply,39.62427777777778,-105.1100277777777,78,102
belleview-kipling,25,family owned since 2001 order online at mysaucyspizzacom | kipling marketplace | canton chinese restaurant | reserved parking | safeway,39.62427777777778,-105.1100277777777,78,102
belleview-kipling,26,comfort dental braces | bud light seltzer black cherry black cherry black cherry lemon lime lemon lime lemon lime strawberry strawberry strawberry mango mango mango | goodwill store | comfort dental braces littleton | reserved parking,39.62427777777778,-105.1100277777777,78,102
belleview-kipling,27,reserved parking | revive cbd | 1st bank | dunkin | open,39.62427777777778,-105.1100277777777,78,102
belleview-kipling,28,reserved parking | wwwtherevivecbdcom | open | come in for cold coors lgiht | open,39.62427777777778,-105.1100277777777,78,102
belleview-kipling,29,diesel | wwwtherevivecbdcom | reserved parking | enjoy like a pro 1399 12 pack | dairy queen grill chill,39.62427777777778,-105.1100277777777,78,102
belleview-kipling,30,safeway | goodwill store | reserved parking | family owned since 2001 order online at mysaucyspizzacom | wells fargo,39.62427777777778,-105.1100277777777,78,102
belleview-kipling,31,saucys | diesel | reserved parking | morning star assisted living | safeway,39.62427777777778,-105.1100277777777,78,102
belleview-kipling,32,wells fargo | reserved parking | advance auto parts | dunkin | wells fargo,39.62427777777778,-105.1100277777777,78,102
belleview-kipling,33,bud light | open | safeway | 3039048800 | reserved parking,39.62427777777778,-105.1100277777777,78,102
belleview-kipling,34,new belgium brewing 1049 6 pks | enjoy like a pro 1399 12 pack | reserved parking | braces 99 per month with our gold plan | unleaded,39.62427777777778,-105.1100277777777,78,102
belleview-kipling,35,enjoy like a pro 1399 12 pack | advance auto parts | tamale kitchen | reserved parking | burger king,39.62427777777778,-105.1100277777777,78,102
belleview-kipling,36,wells fargo | reddy ice | unleaded | 1st bank | reserved parking,39.62427777777778,-105.1100277777777,78,102
belleview-kipling,37,burritos tostadas enchiladas chile rellenos | supplement giant | reserved parking | west hill grill | open,39.62427777777778,-105.1100277777777,78,102
belleview-kipling,38,reserved parking | blue moon | dining room now open come join us today | we wholesale | wells fargo,39.62427777777778,-105.1100277777777,78,102
belleview-kipling,39,wells fargo | low carb meals | reddy ice | reserved parking | open,39.62427777777778,-105.1100277777777,78,102
belleview-kipling,40,reserved parking | 3039048800 | wells fargo | safeway | miller high life,39.62427777777778,-105.1100277777777,78,102
belleview-kipling,41,pmi little town | wells fargo | dining room now open come join us today | reserved parking | unleaded,39.62427777777778,-105.1100277777777,78,102
belleview-kipling,42,mcdonalds | open | canton chinese restaurant | taco bell | reserved parking,39.62427777777778,-105.1100277777777,78,102
belleview-kipling,43,facp inside | reserved parking | goodwill store | saucys | saucys pizza,39.62427777777778,-105.1100277777777,78,102
belleview-kipling,44,dunkin | dq grill chill | revive cbd | open | reserved parking,39.62427777777778,-105.1100277777777,78,102
belleview-kipling,45,dining room now open come join us today | goodwill store | mcdonalds | comfort dental braces | reserved parking,39.62427777777778,-105.1100277777777,78,102
belleview-kipling,46,wells fargo | safeway | no down payment 99month with our gold plan 3039338464 | reserved parking | yogurtland littleton,39.62427777777778,-105.1100277777777,78,102
belleview-kipling,47,reserved parking | wells fargo | king soopers | reserved parking | kipling marketplace,39.62427777777778,-105.1100277777777,78,102
belleview-kipling,48,facp inside | reserved parking | enjoy like a pro 1399 12 pack | bouton veterinary hospital | open,39.62427777777778,-105.1100277777777,78,102
belleview-kipling,49,wells fargo | advance auto parts | open | dinein pickup free delivery | reserved parking,39.62427777777778,-105.1100277777777,78,102
belleview-wadsworth,0,nissan parts store | marston park plaza | nissan parts store | peak kia | phil long ford denver,39.62416666666666,-105.09116666666674,54,55
belleview-wadsworth,1,vitalant | marston park plaza | crumbl cookies | nissan parts store | lake,39.62416666666666,-105.09116666666674,54,55
belleview-wadsworth,2,marston park plaza | chase bank | lake | kidstrong | city buffet,39.62416666666666,-105.09116666666674,54,55
belleview-wadsworth,3,hacienda colorado | usps | marston park plaza | charging station | lake,39.62416666666666,-105.09116666666674,54,55
belleview-wadsworth,4,do not enter | notice | peak kia | city buffet | marston park plaza,39.62416666666666,-105.09116666666674,54,55
belleview-wadsworth,5,marston park plaza | tailoring | havern school | wag n wash | republic services,39.62416666666666,-105.09116666666674,54,55
belleview-wadsworth,6,marston park plaza | phil long ford denver | peak honda world | do not enter | city buffet,39.62416666666666,-105.09116666666674,54,55
belleview-wadsworth,7,marston park plaza | hacienda colorado | papa jhons | peak kia | cricket,39.62416666666666,-105.09116666666674,54,55
belleview-wadsworth,8,notice | marston park plaza | notice | shoe repair | schomp nissan,39.62416666666666,-105.09116666666674,54,55
belleview-wadsworth,9,marston park plaza | nissan | phil long ford denver | allstate | kia,39.62416666666666,-105.09116666666674,54,55
belleview-wadsworth,10,marston park plaza | kids club | republic services | kia | phil long ford denver,39.62416666666666,-105.09116666666674,54,55
belleview-wadsworth,11,crumbl cookies | marston park plaza | peak honda world | wag n wash | do not enter,39.62416666666666,-105.09116666666674,54,55
belleview-wadsworth,12,cell phone repair | usps | marston park plaza | city buffet | fitness,39.62416666666666,-105.09116666666674,54,55
belleview-wadsworth,13,usps | noodles and company | usps | crumbl cookies | marston park plaza,39.62416666666666,-105.09116666666674,54,55
belleview-wadsworth,14,marston park plaza | city buffet | 3000 margaritas | schomp nissan | wag n wash,39.62416666666666,-105.09116666666674,54,55
belleview-wadsworth,15,marston park plaza | walmart | marston park plaza | kia | boot barn,39.62416666666666,-105.09116666666674,54,55
belleview-wadsworth,16,marston park plaza | wag n wash | kung fu tea | walmart | usps,39.62416666666666,-105.09116666666674,54,55
belleview-wadsworth,17,crumbl cookies | republic services | city buffet | marston park plaza | schomp nissan,39.62416666666666,-105.09116666666674,54,55
belleview-wadsworth,18,marston park plaza | stop | nail talk | clothing | notice,39.62416666666666,-105.09116666666674,54,55
belleview-wadsworth,19,noodles and company | tailoring | wag n wash | marston park plaza | kids club,39.62416666666666,-105.09116666666674,54,55
belleview-wadsworth,20,nissan parts store | marston park plaza | michaels | nissan | kung fu tea,39.62416666666666,-105.09116666666674,54,55
belleview-wadsworth,21,for lease | nail talk | marston park plaza | kids club | costco,39.62416666666666,-105.09116666666674,54,55
belleview-wadsworth,22,nail talk | edible | shoe repair | kung fu tea | marston park plaza,39.62416666666666,-105.09116666666674,54,55
belleview-wadsworth,23,marston park plaza | boot barn | charging station | kia | creer family dentistry,39.62416666666666,-105.09116666666674,54,55
belleview-wadsworth,24,crystal nail | papa jhons | marston park plaza | clothing | crystal nail,39.62416666666666,-105.09116666666674,54,55
belleview-wadsworth,25,papa jhons | marston park plaza | little caesars | crumbl cookies | nail talk,39.62416666666666,-105.09116666666674,54,55
belleview-wadsworth,26,clothing | marston park plaza | usps | schomp nissan | nissan parts store,39.62416666666666,-105.09116666666674,54,55
belleview-wadsworth,27,papa jhons | phil long ford denver | costco | kung fu tea | marston park plaza,39.62416666666666,-105.09116666666674,54,55
belleview-wadsworth,28,cell phone repair | phil long ford denver | marston park plaza | one love | costco,39.62416666666666,-105.09116666666674,54,55
belleview-wadsworth,29,one love | americas best contacts eyeglasses | jack in the box | kids club | marston park plaza,39.62416666666666,-105.09116666666674,54,55
belleview-wadsworth,30,peak honda world | chase bank | tailoring | marston park plaza | peak honda world,39.62416666666666,-105.09116666666674,54,55
belleview-wadsworth,31,stop | marston park plaza | jack in the box | one love | cleaners,39.62416666666666,-105.09116666666674,54,55
belleview-wadsworth,32,marston park plaza | firestone autpshop | mongolian sushi seafood | nail talk | kung fu tea,39.62416666666666,-105.09116666666674,54,55
belleview-wadsworth,33,marston park plaza | city buffet | one love | peak kia | nissan,39.62416666666666,-105.09116666666674,54,55
belleview-wadsworth,34,edible | chase bank | furniture | marston park plaza | 3000 margaritas,39.62416666666666,-105.09116666666674,54,55
belleview-wadsworth,35,clothing | marston park plaza | noodles and company | charging station | allstate,39.62416666666666,-105.09116666666674,54,55
belleview-wadsworth,36,usps | creer family dentistry | marston park plaza | nissan | kids club,39.62416666666666,-105.09116666666674,54,55
belleview-wadsworth,37,firestone autpshop | charging station | republic services | usps | marston park plaza,39.62416666666666,-105.09116666666674,54,55
belleview-wadsworth,38,marston park plaza | city buffet | nissan parts store | nail talk | michaels,39.62416666666666,-105.09116666666674,54,55
belleview-wadsworth,39,one love | charging station | marston park plaza | noodles and company | peak kia,39.62416666666666,-105.09116666666674,54,55
belleview-wadsworth,40,cricket | marston park plaza | cell phone repair | kung fu tea | crumbl cookies,39.62416666666666,-105.09116666666674,54,55
belleview-wadsworth,41,raising canes | lake | cleaners | city buffet | marston park plaza,39.62416666666666,-105.09116666666674,54,55
belleview-wadsworth,42,little caesars | marston park plaza | havern school | noodles and company | cell phone repair,39.62416666666666,-105.09116666666674,54,55
belleview-wadsworth,43,kidstrong | nail talk | marston park plaza | peak kia | do not enter,39.62416666666666,-105.09116666666674,54,55
belleview-wadsworth,44,edible | tailoring | marston park plaza | stop | kidstrong,39.62416666666666,-105.09116666666674,54,55
belleview-wadsworth,45,kids club | for lease | papa jhons | clothing | marston park plaza,39.62416666666666,-105.09116666666674,54,55
belleview-wadsworth,46,raising canes | marston park plaza | shoe repair | cleaners | peak kia,39.62416666666666,-105.09116666666674,54,55
belleview-wadsworth,47,city buffet | marston park plaza | kids club | michaels | walmart,39.62416666666666,-105.09116666666674,54,55
belleview-wadsworth,48,for lease | notice | charging station | edible | marston park plaza,39.62416666666666,-105.09116666666674,54,55
belleview-wadsworth,49,city buffet | marston park plaza | notice | raising canes | tailoring,39.62416666666666,-105.09116666666674,54,55
bowles-coalmine,0,maverick | subway | iwayasama sushi | iwayasama sushi | pet grooming,39.60966666666668,-105.14772222222226,21,21
bowles-coalmine,1,pharmacy | asteria tattoo and body shop | walgreenss | summit family dental | public storage,39.60966666666668,-105.14772222222226,21,21
bowles-coalmine,2,dakota ridge high school | pet grooming | asteria tattoo and body shop | dakota ridge high school | salon sei bella,39.60966666666668,-105.14772222222226,21,21
bowles-coalmine,3,walmart | summit family dental | the lucky mutt | pet grooming | pump shop n save,39.60966666666668,-105.14772222222226,21,21
bowles-coalmine,4,asteria tattoo and body shop | asteria tattoo and body shop | west hill grill | walgreenss | pet grooming,39.60966666666668,-105.14772222222226,21,21
bowles-coalmine,5,pump shop n save | walmart | asteria tattoo and body shop | the lucky mutt | walgreenss,39.60966666666668,-105.14772222222226,21,21
bowles-coalmine,6,iwayasama sushi | the lucky mutt | warren tech south | salon sei bella | goodwill donation center,39.60966666666668,-105.14772222222226,21,21
bowles-coalmine,7,maverick | dakota ridge high school | salon sei bella | stone wolf | pet grooming,39.60966666666668,-105.14772222222226,21,21
bowles-coalmine,8,circle k | pet grooming | stone wolf | maverick | walmart,39.60966666666668,-105.14772222222226,21,21
bowles-coalmine,9,goodwill donation center | brunos kitchen | dakota ridge high school | walmart | brunos kitchen,39.60966666666668,-105.14772222222226,21,21
bowles-coalmine,10,circle k | goodwill donation center | pet grooming | walgreenss | brunos kitchen,39.60966666666668,-105.14772222222226,21,21
bowles-coalmine,11,pharmacy | pet grooming | iwayasama sushi | summit family dental | maverick,39.60966666666668,-105.14772222222226,21,21
bowles-coalmine,12,maverick | public storage | goodwill donation center | subway | walmart,39.60966666666668,-105.14772222222226,21,21
bowles-coalmine,13,summit family dental | maverick | circle k | walmart | walmart,39.60966666666668,-105.14772222222226,21,21
bowles-coalmine,14,the lucky mutt | maverick | brunos kitchen | warren tech south | walgreenss,39.60966666666668,-105.14772222222226,21,21
bowles-coalmine,15,dakota ridge high school | summit family dental | warren tech south | public storage | circle k,39.60966666666668,-105.14772222222226,21,21
bowles-coalmine,16,warren tech south | public storage | stone wolf | brunos kitchen | walgreenss,39.60966666666668,-105.14772222222226,21,21
bowles-coalmine,17,stone wolf | goodwill donation center | iwayasama sushi | summit family dental | subway,39.60966666666668,-105.14772222222226,21,21
bowles-coalmine,18,circle k | subway | foothill green shopping center | asteria tattoo and body shop | pump shop n save,39.60966666666668,-105.14772222222226,21,21
bowles-coalmine,19,maverick | the lucky mutt | pharmacy | walgreenss | goodwill donation center,39.60966666666668,-105.14772222222226,21,21
bowles-coalmine,20,dakota ridge high school | pump shop n save | summit family dental | maverick | maverick,39.60966666666668,-105.14772222222226,21,21
bowles-coalmine,21,goodwill donation center | iwayasama sushi | iwayasama sushi | iwayasama sushi | subway,39.60966666666668,-105.14772222222226,21,21
bowles-coalmine,22,foothill green shopping center | walgreenss | walgreenss | maverick | pump shop n save,39.60966666666668,-105.14772222222226,21,21
bowles-coalmine,23,dakota ridge high school | iwayasama sushi | goodwill donation center | pump shop n save | walmart,39.60966666666668,-105.14772222222226,21,21
bowles-coalmine,24,walmart | pet grooming | walgreenss | pharmacy | iwayasama sushi,39.60966666666668,-105.14772222222226,21,21
bowles-coalmine,25,subway | pharmacy | asteria tattoo and body shop | public storage | walgreenss,39.60966666666668,-105.14772222222226,21,21
bowles-coalmine,26,salon sei bella | pump shop n save | walgreenss | circle k | walmart,39.60966666666668,-105.14772222222226,21,21
bowles-coalmine,27,iwayasama sushi | the lucky mutt | walmart | walmart | stone wolf,39.60966666666668,-105.14772222222226,21,21
bowles-coalmine,28,walmart | the lucky mutt | public storage | circle k | public storage,39.60966666666668,-105.14772222222226,21,21
bowles-coalmine,29,pump shop n save | warren tech south | west hill grill | iwayasama sushi | iwayasama sushi,39.60966666666668,-105.14772222222226,21,21
bowles-coalmine,30,summit family dental | goodwill donation center | the lucky mutt | foothill green shopping center | pet grooming,39.60966666666668,-105.14772222222226,21,21
bowles-coalmine,31,public storage | circle k | public storage | walmart | asteria tattoo and body shop,39.60966666666668,-105.14772222222226,21,21
bowles-coalmine,32,summit family dental | stone wolf | asteria tattoo and body shop | stone wolf | pharmacy,39.60966666666668,-105.14772222222226,21,21
bowles-coalmine,33,pump shop n save | the lucky mutt | stone wolf | brunos kitchen | asteria tattoo and body shop,39.60966666666668,-105.14772222222226,21,21
bowles-coalmine,34,subway | subway | subway | walmart | brunos kitchen,39.60966666666668,-105.14772222222226,21,21
bowles-coalmine,35,summit family dental | stone wolf | dakota ridge high school | iwayasama sushi | stone wolf,39.60966666666668,-105.14772222222226,21,21
bowles-coalmine,36,walgreenss | subway | subway | salon sei bella | public storage,39.60966666666668,-105.14772222222226,21,21
bowles-coalmine,37,the lucky mutt | pharmacy | brunos kitchen | summit family dental | the lucky mutt,39.60966666666668,-105.14772222222226,21,21
bowles-coalmine,38,pharmacy | pharmacy | iwayasama sushi | walmart | stone wolf,39.60966666666668,-105.14772222222226,21,21
bowles-coalmine,39,foothill green shopping center | walmart | asteria tattoo and body shop | subway | west hill grill,39.60966666666668,-105.14772222222226,21,21
bowles-coalmine,40,asteria tattoo and body shop | circle k | brunos kitchen | walgreenss | stone wolf,39.60966666666668,-105.14772222222226,21,21
bowles-coalmine,41,maverick | iwayasama sushi | brunos kitchen | goodwill donation center | walmart,39.60966666666668,-105.14772222222226,21,21
bowles-coalmine,42,public storage | public storage | iwayasama sushi | iwayasama sushi | asteria tattoo and body shop,39.60966666666668,-105.14772222222226,21,21
bowles-coalmine,43,dakota ridge high school | pharmacy | salon sei bella | warren tech south | dakota ridge high school,39.60966666666668,-105.14772222222226,21,21
bowles-coalmine,44,the lucky mutt | maverick | pet grooming | brunos kitchen | public storage,39.60966666666668,-105.14772222222226,21,21
bowles-coalmine,45,public storage | dakota ridge high school | public storage | goodwill donation center | circle k,39.60966666666668,-105.14772222222226,21,21
bowles-coalmine,46,goodwill donation center | foothill green shopping center | subway | stone wolf | salon sei bella,39.60966666666668,-105.14772222222226,21,21
bowles-coalmine,47,west hill grill | walgreenss | walmart | pet grooming | circle k,39.60966666666668,-105.14772222222226,21,21
bowles-coalmine,48,circle k | maverick | brunos kitchen | subway | brunos kitchen,39.60966666666668,-105.14772222222226,21,21
bowles-coalmine,49,stone wolf | pet grooming | the lucky mutt | pet grooming | summit family dental,39.60966666666668,-105.14772222222226,21,21
bowles-kipling,0,reserved parking | 30 minute parking between signs | 30 minute parking between signs | customer parking only | customer parking only,39.60969444444445,-105.10997222222218,149,184
bowles-kipling,1,reserved parking | customer parking only | customer parking only | 30 minute parking between signs | 30 minute parking between signs,39.60969444444445,-105.10997222222218,149,184
bowles-kipling,2,30 minute parking between signs | customer parking only | customer parking only | 30 minute parking between signs | reserved parking,39.60969444444445,-105.10997222222218,149,184
bowles-kipling,3,customer parking only | 30 minute parking between signs | reserved parking | customer parking only | 30 minute parking between signs,39.60969444444445,-105.10997222222218,149,184
bowles-kipling,4,customer parking only | reserved parking | customer parking only | 30 minute parking between signs | 30 minute parking between signs,39.60969444444445,-105.10997222222218,149,184
bowles-kipling,5,customer parking only | reserved parking | 30 minute parking between signs | customer parking only | 30 minute parking between signs,39.60969444444445,-105.10997222222218,149,184
bowles-kipling,6,customer parking only | 30 minute parking between signs | reserved parking | customer parking only | 30 minute parking between signs,39.60969444444445,-105.10997222222218,149,184
bowles-kipling,7,reserved parking | 30 minute parking between signs | 30 minute parking between signs | customer parking only | customer parking only,39.60969444444445,-105.10997222222218,149,184
bowles-kipling,8,customer parking only | customer parking only | reserved parking | 30 minute parking between signs | 30 minute parking between signs,39.60969444444445,-105.10997222222218,149,184
bowles-kipling,9,30 minute parking between signs | 30 minute parking between signs | customer parking only | reserved parking | customer parking only,39.60969444444445,-105.10997222222218,149,184
bowles-kipling,10,customer parking only | 30 minute parking between signs | customer parking only | reserved parking | 30 minute parking between signs,39.60969444444445,-105.10997222222218,149,184
bowles-kipling,11,customer parking only | 30 minute parking between signs | 30 minute parking between signs | reserved parking | customer parking only,39.60969444444445,-105.10997222222218,149,184
bowles-kipling,12,customer parking only | reserved parking | 30 minute parking between signs | 30 minute parking between signs | customer parking only,39.60969444444445,-105.10997222222218,149,184
bowles-kipling,13,reserved parking | customer parking only | 30 minute parking between signs | customer parking only | 30 minute parking between signs,39.60969444444445,-105.10997222222218,149,184
bowles-kipling,14,customer parking only | reserved parking | customer parking only | 30 minute parking between signs | 30 minute parking between signs,39.60969444444445,-105.10997222222218,149,184
bowles-kipling,15,customer parking only | customer parking only | reserved parking | 30 minute parking between signs | 30 minute parking between signs,39.60969444444445,-105.10997222222218,149,184
bowles-kipling,16,customer parking only | reserved parking | customer parking only | 30 minute parking between signs | 30 minute parking between signs,39.60969444444445,-105.10997222222218,149,184
bowles-kipling,17,30 minute parking between signs | customer parking only | customer parking only | reserved parking | 30 minute parking between signs,39.60969444444445,-105.10997222222218,149,184
bowles-kipling,18,30 minute parking between signs | reserved parking | customer parking only | 30 minute parking between signs | customer parking only,39.60969444444445,-105.10997222222218,149,184
bowles-kipling,19,reserved parking | 30 minute parking between signs | 30 minute parking between signs | customer parking only | customer parking only,39.60969444444445,-105.10997222222218,149,184
bowles-kipling,20,customer parking only | customer parking only | 30 minute parking between signs | reserved parking | 30 minute parking between signs,39.60969444444445,-105.10997222222218,149,184
bowles-kipling,21,30 minute parking between signs | reserved parking | customer parking only | 30 minute parking between signs | customer parking only,39.60969444444445,-105.10997222222218,149,184
bowles-kipling,22,30 minute parking between signs | 30 minute parking between signs | customer parking only | customer parking only | reserved parking,39.60969444444445,-105.10997222222218,149,184
bowles-kipling,23,reserved parking | customer parking only | 30 minute parking between signs | 30 minute parking between signs | customer parking only,39.60969444444445,-105.10997222222218,149,184
bowles-kipling,24,30 minute parking between signs | customer parking only | reserved parking | customer parking only | 30 minute parking between signs,39.60969444444445,-105.10997222222218,149,184
bowles-kipling,25,30 minute parking between signs | reserved parking | customer parking only | 30 minute parking between signs | customer parking only,39.60969444444445,-105.10997222222218,149,184
bowles-kipling,26,reserved parking | 30 minute parking between signs | customer parking only | 30 minute parking between signs | customer parking only,39.60969444444445,-105.10997222222218,149,184
bowles-kipling,27,30 minute parking between signs | 30 minute parking between signs | reserved parking | customer parking only | customer parking only,39.60969444444445,-105.10997222222218,149,184
bowles-kipling,28,customer parking only | customer parking only | reserved parking | 30 minute parking between signs | 30 minute parking between signs,39.60969444444445,-105.10997222222218,149,184
bowles-kipling,29,30 minute parking between signs | 30 minute parking between signs | customer parking only | reserved parking | customer parking only,39.60969444444445,-105.10997222222218,149,184
bowles-kipling,30,customer parking only | 30 minute parking between signs | reserved parking | customer parking only | 30 minute parking between signs,39.60969444444445,-105.10997222222218,149,184
bowles-kipling,31,customer parking only | 30 minute parking between signs | customer parking only | reserved parking | 30 minute parking between signs,39.60969444444445,-105.10997222222218,149,184
bowles-kipling,32,customer parking only | reserved parking | 30 minute parking between signs | 30 minute parking between signs | customer parking only,39.60969444444445,-105.10997222222218,149,184
bowles-kipling,33,customer parking only | 30 minute parking between signs | 30 minute parking between signs | customer parking only | reserved parking,39.60969444444445,-105.10997222222218,149,184
bowles-kipling,34,30 minute parking between signs | customer parking only | 30 minute parking between signs | customer parking only | reserved parking,39.60969444444445,-105.10997222222218,149,184
bowles-kipling,35,30 minute parking between signs | customer parking only | customer parking only | 30 minute parking between signs | reserved parking,39.60969444444445,-105.10997222222218,149,184
bowles-kipling,36,30 minute parking between signs | customer parking only | customer parking only | reserved parking | 30 minute parking between signs,39.60969444444445,-105.10997222222218,149,184
bowles-kipling,37,30 minute parking between signs | customer parking only | 30 minute parking between signs | reserved parking | customer parking only,39.60969444444445,-105.10997222222218,149,184
bowles-kipling,38,reserved parking | customer parking only | 30 minute parking between signs | customer parking only | 30 minute parking between signs,39.60969444444445,-105.10997222222218,149,184
bowles-kipling,39,customer parking only | 30 minute parking between signs | 30 minute parking between signs | reserved parking | customer parking only,39.60969444444445,-105.10997222222218,149,184
bowles-kipling,40,reserved parking | customer parking only | customer parking only | 30 minute parking between signs | 30 minute parking between signs,39.60969444444445,-105.10997222222218,149,184
bowles-kipling,41,customer parking only | 30 minute parking between signs | customer parking only | 30 minute parking between signs | reserved parking,39.60969444444445,-105.10997222222218,149,184
bowles-kipling,42,30 minute parking between signs | customer parking only | 30 minute parking between signs | customer parking only | reserved parking,39.60969444444445,-105.10997222222218,149,184
bowles-kipling,43,customer parking only | reserved parking | customer parking only | 30 minute parking between signs | 30 minute parking between signs,39.60969444444445,-105.10997222222218,149,184
bowles-kipling,44,customer parking only | 30 minute parking between signs | reserved parking | customer parking only | 30 minute parking between signs,39.60969444444445,-105.10997222222218,149,184
bowles-kipling,45,customer parking only | 30 minute parking between signs | customer parking only | 30 minute parking between signs | reserved parking,39.60969444444445,-105.10997222222218,149,184
bowles-kipling,46,reserved parking | 30 minute parking between signs | customer parking only | customer parking only | 30 minute parking between signs,39.60969444444445,-105.10997222222218,149,184
bowles-kipling,47,customer parking only | customer parking only | reserved parking | 30 minute parking between signs | 30 minute parking between signs,39.60969444444445,-105.10997222222218,149,184
bowles-kipling,48,customer parking only | reserved parking | 30 minute parking between signs | customer parking only | 30 minute parking between signs,39.60969444444445,-105.10997222222218,149,184
bowles-kipling,49,reserved parking | 30 minute parking between signs | customer parking only | customer parking only | 30 minute parking between signs,39.60969444444445,-105.10997222222218,149,184
bowles-wadsworth,0,big daddys burger bar | piazza de carlo | bowles crossing | stop | michelle de carlo,39.609694444444436,-105.09138888888889,57,59
bowles-wadsworth,1,stop | michelle de carlo | vasa | piazza de carlo | bowles crossing,39.609694444444436,-105.09138888888889,57,59
bowles-wadsworth,2,epic mountain gear | piazza de carlo | stop | michelle de carlo | bowles crossing,39.609694444444436,-105.09138888888889,57,59
bowles-wadsworth,3,michelle de carlo | happy pho | stop | piazza de carlo | bowles crossing,39.609694444444436,-105.09138888888889,57,59
bowles-wadsworth,4,michelle de carlo | stop | bowles crossing | urban air | piazza de carlo,39.609694444444436,-105.09138888888889,57,59
bowles-wadsworth,5,michelle de carlo | piazza de carlo | stop | bowles crossing | legend,39.609694444444436,-105.09138888888889,57,59
bowles-wadsworth,6,michelle de carlo | bowles crossing | park view pediatrics | piazza de carlo | stop,39.609694444444436,-105.09138888888889,57,59
bowles-wadsworth,7,stop | piazza de carlo | michelle de carlo | bowles crossing | ross,39.609694444444436,-105.09138888888889,57,59
bowles-wadsworth,8,stop | michelle de carlo | piazza de carlo | bowles crossing | pho basil,39.609694444444436,-105.09138888888889,57,59
bowles-wadsworth,9,michelle de carlo | stop | legend | piazza de carlo | bowles crossing,39.609694444444436,-105.09138888888889,57,59
bowles-wadsworth,10,bowles crossing | michelle de carlo | piazza de carlo | stop | dsw,39.609694444444436,-105.09138888888889,57,59
bowles-wadsworth,11,piazza de carlo | bowles crossing | stop | first watch | michelle de carlo,39.609694444444436,-105.09138888888889,57,59
bowles-wadsworth,12,bowles crossing | swimming pool | michelle de carlo | piazza de carlo | stop,39.609694444444436,-105.09138888888889,57,59
bowles-wadsworth,13,bowles crossing | stop | epic mountain gear | michelle de carlo | piazza de carlo,39.609694444444436,-105.09138888888889,57,59
bowles-wadsworth,14,stop | bowles crossing | michelle de carlo | ross | piazza de carlo,39.609694444444436,-105.09138888888889,57,59
bowles-wadsworth,15,bowles crossing | michelle de carlo | piazza de carlo | first watch | stop,39.609694444444436,-105.09138888888889,57,59
bowles-wadsworth,16,michelle de carlo | piazza de carlo | stop | olive garden | bowles crossing,39.609694444444436,-105.09138888888889,57,59
bowles-wadsworth,17,piazza de carlo | michelle de carlo | urban air | bowles crossing | stop,39.609694444444436,-105.09138888888889,57,59
bowles-wadsworth,18,bowles crossing | michelle de carlo | stop | the lake house kitchen tavern | piazza de carlo,39.609694444444436,-105.09138888888889,57,59
bowles-wadsworth,19,piazza de carlo | stop | corvus | michelle de carlo | bowles crossing,39.609694444444436,-105.09138888888889,57,59
bowles-wadsworth,20,handicapped parking | michelle de carlo | bowles crossing | stop | piazza de carlo,39.609694444444436,-105.09138888888889,57,59
bowles-wadsworth,21,michelle de carlo | via 313 | stop | bowles crossing | piazza de carlo,39.609694444444436,-105.09138888888889,57,59
bowles-wadsworth,22,bowles crossing | get 2 pairs for 99 | piazza de carlo | stop | michelle de carlo,39.609694444444436,-105.09138888888889,57,59
bowles-wadsworth,23,dsw | stop | michelle de carlo | piazza de carlo | bowles crossing,39.609694444444436,-105.09138888888889,57,59
bowles-wadsworth,24,le peep | piazza de carlo | stop | michelle de carlo | bowles crossing,39.609694444444436,-105.09138888888889,57,59
bowles-wadsworth,25,stop | bowles crossing | piazza de carlo | yoga stx | michelle de carlo,39.609694444444436,-105.09138888888889,57,59
bowles-wadsworth,26,michelle de carlo | beau visage skin care spa | piazza de carlo | stop | bowles crossing,39.609694444444436,-105.09138888888889,57,59
bowles-wadsworth,27,piazza de carlo | bowles crossing | escape the room denver | michelle de carlo | stop,39.609694444444436,-105.09138888888889,57,59
bowles-wadsworth,28,bowles crossing | michelle de carlo | piazza de carlo | stop | yoga stx,39.609694444444436,-105.09138888888889,57,59
bowles-wadsworth,29,michelle de carlo | piazza de carlo | vasa | bowles crossing | stop,39.609694444444436,-105.09138888888889,57,59
bowles-wadsworth,30,office hours | michelle de carlo | bowles crossing | piazza de carlo | stop,39.609694444444436,-105.09138888888889,57,59
bowles-wadsworth,31,stop | piazza de carlo | yoga stx | michelle de carlo | bowles crossing,39.609694444444436,-105.09138888888889,57,59
bowles-wadsworth,32,piazza de carlo | bowles crossing | trader joes | stop | michelle de carlo,39.609694444444436,-105.09138888888889,57,59
bowles-wadsworth,33,piazza de carlo | michelle de carlo | us bank | stop | bowles crossing,39.609694444444436,-105.09138888888889,57,59
bowles-wadsworth,34,epic mountain gear | michelle de carlo | piazza de carlo | stop | bowles crossing,39.609694444444436,-105.09138888888889,57,59
bowles-wadsworth,35,stop | bowles crossing | piazza de carlo | michelle de carlo | via 313,39.609694444444436,-105.09138888888889,57,59
bowles-wadsworth,36,restore | piazza de carlo | michelle de carlo | stop | bowles crossing,39.609694444444436,-105.09138888888889,57,59
bowles-wadsworth,37,piazza de carlo | bowles crossing | michelle de carlo | stop | gunther toodys diner,39.609694444444436,-105.09138888888889,57,59
bowles-wadsworth,38,bowles crossing | piazza de carlo | michelle de carlo | stop | urban air,39.609694444444436,-105.09138888888889,57,59
bowles-wadsworth,39,floor decor | piazza de carlo | bowles crossing | michelle de carlo | stop,39.609694444444436,-105.09138888888889,57,59
bowles-wadsworth,40,michelle de carlo | piazza de carlo | bowles crossing | stop | piazza de carlo,39.609694444444436,-105.09138888888889,57,59
bowles-wadsworth,41,first watch | piazza de carlo | stop | michelle de carlo | bowles crossing,39.609694444444436,-105.09138888888889,57,59
bowles-wadsworth,42,vasa | stop | michelle de carlo | bowles crossing | piazza de carlo,39.609694444444436,-105.09138888888889,57,59
bowles-wadsworth,43,piazza de carlo | michelle de carlo | bowles crossing | stop | corvus,39.609694444444436,-105.09138888888889,57,59
bowles-wadsworth,44,bowles crossing | piazza de carlo | michelle de carlo | us bank | stop,39.609694444444436,-105.09138888888889,57,59
bowles-wadsworth,45,stop | michelle de carlo | bowles crossing | piazza de carlo | urban air,39.609694444444436,-105.09138888888889,57,59
bowles-wadsworth,46,happy pho | michelle de carlo | bowles crossing | stop | piazza de carlo,39.609694444444436,-105.09138888888889,57,59
bowles-wadsworth,47,bowles crossing | michelle de carlo | southwest plaza | piazza de carlo | stop,39.609694444444436,-105.09138888888889,57,59
bowles-wadsworth,48,piazza de carlo | bowles crossing | stop | trader joes | michelle de carlo,39.609694444444436,-105.09138888888889,57,59
bowles-wadsworth,49,michelle de carlo | stop | swimming pool | bowles crossing | piazza de carlo,39.609694444444436,-105.09138888888889,57,59
coalmine-kipling,0,kipling | left 2 lanes must turn left | coal mine | no parking fire lane | silver leaf,39.59769444444444,-105.11019444444445,31,36
coalmine-kipling,1,coal mine | kipling | left 2 lanes must turn left | no parking fire lane | silver leaf,39.59769444444444,-105.11019444444445,31,36
coalmine-kipling,2,kipling | left 2 lanes must turn left | silver leaf | no parking fire lane | coal mine,39.59769444444444,-105.11019444444445,31,36
coalmine-kipling,3,left 2 lanes must turn left | no parking fire lane | kipling | silver leaf | coal mine,39.59769444444444,-105.11019444444445,31,36
coalmine-kipling,4,left 2 lanes must turn left | no parking fire lane | silver leaf | coal mine | kipling,39.59769444444444,-105.11019444444445,31,36
coalmine-kipling,5,left 2 lanes must turn left | kipling | silver leaf | coal mine | no parking fire lane,39.59769444444444,-105.11019444444445,31,36
coalmine-kipling,6,kipling | coal mine | silver leaf | no parking fire lane | left 2 lanes must turn left,39.59769444444444,-105.11019444444445,31,36
coalmine-kipling,7,kipling | coal mine | left 2 lanes must turn left | silver leaf | no parking fire lane,39.59769444444444,-105.11019444444445,31,36
coalmine-kipling,8,left 2 lanes must turn left | kipling | no parking fire lane | silver leaf | coal mine,39.59769444444444,-105.11019444444445,31,36
coalmine-kipling,9,kipling | no parking fire lane | coal mine | silver leaf | left 2 lanes must turn left,39.59769444444444,-105.11019444444445,31,36
coalmine-kipling,10,coal mine | left 2 lanes must turn left | kipling | no parking fire lane | silver leaf,39.59769444444444,-105.11019444444445,31,36
coalmine-kipling,11,no parking fire lane | coal mine | left 2 lanes must turn left | silver leaf | kipling,39.59769444444444,-105.11019444444445,31,36
coalmine-kipling,12,kipling | silver leaf | coal mine | no parking fire lane | left 2 lanes must turn left,39.59769444444444,-105.11019444444445,31,36
coalmine-kipling,13,left 2 lanes must turn left | kipling | no parking fire lane | silver leaf | coal mine,39.59769444444444,-105.11019444444445,31,36
coalmine-kipling,14,no parking fire lane | left 2 lanes must turn left | kipling | silver leaf | coal mine,39.59769444444444,-105.11019444444445,31,36
coalmine-kipling,15,coal mine | silver leaf | left 2 lanes must turn left | kipling | no parking fire lane,39.59769444444444,-105.11019444444445,31,36
coalmine-kipling,16,silver leaf | kipling | no parking fire lane | coal mine | left 2 lanes must turn left,39.59769444444444,-105.11019444444445,31,36
coalmine-kipling,17,coal mine | no parking fire lane | left 2 lanes must turn left | kipling | silver leaf,39.59769444444444,-105.11019444444445,31,36
coalmine-kipling,18,left 2 lanes must turn left | coal mine | no parking fire lane | kipling | silver leaf,39.59769444444444,-105.11019444444445,31,36
coalmine-kipling,19,left 2 lanes must turn left | coal mine | no parking fire lane | kipling | silver leaf,39.59769444444444,-105.11019444444445,31,36
coalmine-kipling,20,coal mine | left 2 lanes must turn left | no parking fire lane | silver leaf | kipling,39.59769444444444,-105.11019444444445,31,36
coalmine-kipling,21,left 2 lanes must turn left | coal mine | no parking fire lane | silver leaf | kipling,39.59769444444444,-105.11019444444445,31,36
coalmine-kipling,22,no parking fire lane | coal mine | kipling | left 2 lanes must turn left | silver leaf,39.59769444444444,-105.11019444444445,31,36
coalmine-kipling,23,silver leaf | no parking fire lane | kipling | coal mine | left 2 lanes must turn left,39.59769444444444,-105.11019444444445,31,36
coalmine-kipling,24,coal mine | kipling | no parking fire lane | silver leaf | left 2 lanes must turn left,39.59769444444444,-105.11019444444445,31,36
coalmine-kipling,25,kipling | left 2 lanes must turn left | coal mine | no parking fire lane | silver leaf,39.59769444444444,-105.11019444444445,31,36
coalmine-kipling,26,no parking fire lane | silver leaf | kipling | left 2 lanes must turn left | coal mine,39.59769444444444,-105.11019444444445,31,36
coalmine-kipling,27,coal mine | silver leaf | left 2 lanes must turn left | kipling | no parking fire lane,39.59769444444444,-105.11019444444445,31,36
coalmine-kipling,28,silver leaf | left 2 lanes must turn left | coal mine | no parking fire lane | kipling,39.59769444444444,-105.11019444444445,31,36
coalmine-kipling,29,no parking fire lane | kipling | coal mine | silver leaf | left 2 lanes must turn left,39.59769444444444,-105.11019444444445,31,36
coalmine-kipling,30,kipling | coal mine | left 2 lanes must turn left | silver leaf | no parking fire lane,39.59769444444444,-105.11019444444445,31,36
coalmine-kipling,31,kipling | no parking fire lane | silver leaf | left 2 lanes must turn left | coal mine,39.59769444444444,-105.11019444444445,31,36
coalmine-kipling,32,no parking fire lane | kipling | left 2 lanes must turn left | coal mine | silver leaf,39.59769444444444,-105.11019444444445,31,36
coalmine-kipling,33,kipling | no parking fire lane | coal mine | left 2 lanes must turn left | silver leaf,39.59769444444444,-105.11019444444445,31,36
coalmine-kipling,34,no parking fire lane | kipling | silver leaf | left 2 lanes must turn left | coal mine,39.59769444444444,-105.11019444444445,31,36
coalmine-kipling,35,coal mine | no parking fire lane | left 2 lanes must turn left | silver leaf | kipling,39.59769444444444,-105.11019444444445,31,36
coalmine-kipling,36,no parking fire lane | left 2 lanes must turn left | silver leaf | coal mine | kipling,39.59769444444444,-105.11019444444445,31,36
coalmine-kipling,37,left 2 lanes must turn left | coal mine | kipling | no parking fire lane | silver leaf,39.59769444444444,-105.11019444444445,31,36
coalmine-kipling,38,coal mine | no parking fire lane | kipling | left 2 lanes must turn left | silver leaf,39.59769444444444,-105.11019444444445,31,36
coalmine-kipling,39,coal mine | left 2 lanes must turn left | no parking fire lane | kipling | silver leaf,39.59769444444444,-105.11019444444445,31,36
coalmine-kipling,40,silver leaf | left 2 lanes must turn left | kipling | coal mine | no parking fire lane,39.59769444444444,-105.11019444444445,31,36
coalmine-kipling,41,coal mine | left 2 lanes must turn left | silver leaf | kipling | no parking fire lane,39.59769444444444,-105.11019444444445,31,36
coalmine-kipling,42,no parking fire lane | kipling | silver leaf | coal mine | left 2 lanes must turn left,39.59769444444444,-105.11019444444445,31,36
coalmine-kipling,43,silver leaf | coal mine | kipling | left 2 lanes must turn left | no parking fire lane,39.59769444444444,-105.11019444444445,31,36
coalmine-kipling,44,coal mine | no parking fire lane | silver leaf | left 2 lanes must turn left | kipling,39.59769444444444,-105.11019444444445,31,36
coalmine-kipling,45,left 2 lanes must turn left | silver leaf | kipling | coal mine | no parking fire lane,39.59769444444444,-105.11019444444445,31,36
coalmine-kipling,46,silver leaf | no parking fire lane | coal mine | kipling | left 2 lanes must turn left,39.59769444444444,-105.11019444444445,31,36
coalmine-kipling,47,no parking fire lane | left 2 lanes must turn left | silver leaf | kipling | coal mine,39.59769444444444,-105.11019444444445,31,36
coalmine-kipling,48,left 2 lanes must turn left | kipling | no parking fire lane | silver leaf | coal mine,39.59769444444444,-105.11019444444445,31,36
coalmine-kipling,49,coal mine | no parking fire lane | silver leaf | kipling | left 2 lanes must turn left,39.59769444444444,-105.11019444444445,31,36
colfax-aurora,0,aurora ct | snow route p any time tow away zone | h | colfax ave | university of colorado cu anschutz medical campus,39.74033333333334,-104.83766666666665,11,11
colfax-aurora,1,aurora ct | snow route p any time tow away zone | colfax ave | h | university of colorado cu anschutz medical campus,39.74033333333334,-104.83766666666665,11,11
colfax-aurora,2,h | university of colorado cu anschutz medical campus | colfax ave | aurora ct | snow route p any time tow away zone,39.74033333333334,-104.83766666666665,11,11
colfax-aurora,3,snow route p any time tow away zone | colfax ave | h | aurora ct | university of colorado cu anschutz medical campus,39.74033333333334,-104.83766666666665,11,11
colfax-aurora,4,snow route p any time tow away zone | colfax ave | aurora ct | university of colorado cu anschutz medical campus | h,39.74033333333334,-104.83766666666665,11,11
colfax-aurora,5,h | colfax ave | snow route p any time tow away zone | university of colorado cu anschutz medical campus | aurora ct,39.74033333333334,-104.83766666666665,11,11
colfax-aurora,6,snow route p any time tow away zone | colfax ave | aurora ct | h | university of colorado cu anschutz medical campus,39.74033333333334,-104.83766666666665,11,11
colfax-aurora,7,university of colorado cu anschutz medical campus | aurora ct | h | colfax ave | snow route p any time tow away zone,39.74033333333334,-104.83766666666665,11,11
colfax-aurora,8,colfax ave | university of colorado cu anschutz medical campus | h | aurora ct | snow route p any time tow away zone,39.74033333333334,-104.83766666666665,11,11
colfax-aurora,9,colfax ave | snow route p any time tow away zone | university of colorado cu anschutz medical campus | aurora ct | h,39.74033333333334,-104.83766666666665,11,11
colfax-aurora,10,h | aurora ct | colfax ave | snow route p any time tow away zone | university of colorado cu anschutz medical campus,39.74033333333334,-104.83766666666665,11,11
colfax-aurora,11,aurora ct | colfax ave | h | university of colorado cu anschutz medical campus | snow route p any time tow away zone,39.74033333333334,-104.83766666666665,11,11
colfax-aurora,12,colfax ave | h | aurora ct | university of colorado cu anschutz medical campus | snow route p any time tow away zone,39.74033333333334,-104.83766666666665,11,11
colfax-aurora,13,university of colorado cu anschutz medical campus | snow route p any time tow away zone | h | aurora ct | colfax ave,39.74033333333334,-104.83766666666665,11,11
colfax-aurora,14,university of colorado cu anschutz medical campus | colfax ave | aurora ct | h | snow route p any time tow away zone,39.74033333333334,-104.83766666666665,11,11
colfax-aurora,15,h | university of colorado cu anschutz medical campus | aurora ct | snow route p any time tow away zone | colfax ave,39.74033333333334,-104.83766666666665,11,11
colfax-aurora,16,h | snow route p any time tow away zone | colfax ave | aurora ct | university of colorado cu anschutz medical campus,39.74033333333334,-104.83766666666665,11,11
colfax-aurora,17,h | aurora ct | colfax ave | university of colorado cu anschutz medical campus | snow route p any time tow away zone,39.74033333333334,-104.83766666666665,11,11
colfax-aurora,18,colfax ave | snow route p any time tow away zone | aurora ct | university of colorado cu anschutz medical campus | h,39.74033333333334,-104.83766666666665,11,11
colfax-aurora,19,aurora ct | h | snow route p any time tow away zone | colfax ave | university of colorado cu anschutz medical campus,39.74033333333334,-104.83766666666665,11,11
colfax-aurora,20,university of colorado cu anschutz medical campus | h | snow route p any time tow away zone | aurora ct | colfax ave,39.74033333333334,-104.83766666666665,11,11
colfax-aurora,21,university of colorado cu anschutz medical campus | snow route p any time tow away zone | colfax ave | h | aurora ct,39.74033333333334,-104.83766666666665,11,11
colfax-aurora,22,snow route p any time tow away zone | h | university of colorado cu anschutz medical campus | aurora ct | colfax ave,39.74033333333334,-104.83766666666665,11,11
colfax-aurora,23,colfax ave | university of colorado cu anschutz medical campus | h | snow route p any time tow away zone | aurora ct,39.74033333333334,-104.83766666666665,11,11
colfax-aurora,24,university of colorado cu anschutz medical campus | snow route p any time tow away zone | colfax ave | h | aurora ct,39.74033333333334,-104.83766666666665,11,11
colfax-aurora,25,snow route p any time tow away zone | aurora ct | university of colorado cu anschutz medical campus | colfax ave | h,39.74033333333334,-104.83766666666665,11,11
colfax-aurora,26,colfax ave | snow route p any time tow away zone | h | aurora ct | university of colorado cu anschutz medical campus,39.74033333333334,-104.83766666666665,11,11
colfax-aurora,27,colfax ave | h | university of colorado cu anschutz medical campus | snow route p any time tow away zone | aurora ct,39.74033333333334,-104.83766666666665,11,11
colfax-aurora,28,colfax ave | snow route p any time tow away zone | aurora ct | university of colorado cu anschutz medical campus | h,39.74033333333334,-104.83766666666665,11,11
colfax-aurora,29,colfax ave | h | snow route p any time tow away zone | university of colorado cu anschutz medical campus | aurora ct,39.74033333333334,-104.83766666666665,11,11
colfax-aurora,30,colfax ave | aurora ct | university of colorado cu anschutz medical campus | h | snow route p any time tow away zone,39.74033333333334,-104.83766666666665,11,11
colfax-aurora,31,aurora ct | colfax ave | university of colorado cu anschutz medical campus | snow route p any time tow away zone | h,39.74033333333334,-104.83766666666665,11,11
colfax-aurora,32,aurora ct | colfax ave | h | snow route p any time tow away zone | university of colorado cu anschutz medical campus,39.74033333333334,-104.83766666666665,11,11
colfax-aurora,33,snow route p any time tow away zone | colfax ave | aurora ct | university of colorado cu anschutz medical campus | h,39.74033333333334,-104.83766666666665,11,11
colfax-aurora,34,university of colorado cu anschutz medical campus | h | snow route p any time tow away zone | aurora ct | colfax ave,39.74033333333334,-104.83766666666665,11,11
colfax-aurora,35,snow route p any time tow away zone | aurora ct | colfax ave | h | university of colorado cu anschutz medical campus,39.74033333333334,-104.83766666666665,11,11
colfax-aurora,36,university of colorado cu anschutz medical campus | aurora ct | h | snow route p any time tow away zone | colfax ave,39.74033333333334,-104.83766666666665,11,11
colfax-aurora,37,colfax ave | snow route p any time tow away zone | university of colorado cu anschutz medical campus | h | aurora ct,39.74033333333334,-104.83766666666665,11,11
colfax-aurora,38,colfax ave | university of colorado cu anschutz medical campus | h | snow route p any time tow away zone | aurora ct,39.74033333333334,-104.83766666666665,11,11
colfax-aurora,39,university of colorado cu anschutz medical campus | h | colfax ave | snow route p any time tow away zone | aurora ct,39.74033333333334,-104.83766666666665,11,11
colfax-aurora,40,university of colorado cu anschutz medical campus | snow route p any time tow away zone | aurora ct | colfax ave | h,39.74033333333334,-104.83766666666665,11,11
colfax-aurora,41,colfax ave | h | snow route p any time tow away zone | aurora ct | university of colorado cu anschutz medical campus,39.74033333333334,-104.83766666666665,11,11
colfax-aurora,42,snow route p any time tow away zone | aurora ct | colfax ave | university of colorado cu anschutz medical campus | h,39.74033333333334,-104.83766666666665,11,11
colfax-aurora,43,aurora ct | university of colorado cu anschutz medical campus | colfax ave | h | snow route p any time tow away zone,39.74033333333334,-104.83766666666665,11,11
colfax-aurora,44,snow route p any time tow away zone | university of colorado cu anschutz medical campus | colfax ave | aurora ct | h,39.74033333333334,-104.83766666666665,11,11
colfax-aurora,45,aurora ct | colfax ave | university of colorado cu anschutz medical campus | h | snow route p any time tow away zone,39.74033333333334,-104.83766666666665,11,11
colfax-aurora,46,aurora ct | h | university of colorado cu anschutz medical campus | snow route p any time tow away zone | colfax ave,39.74033333333334,-104.83766666666665,11,11
colfax-aurora,47,aurora ct | university of colorado cu anschutz medical campus | colfax ave | h | snow route p any time tow away zone,39.74033333333334,-104.83766666666665,11,11
colfax-aurora,48,university of colorado cu anschutz medical campus | aurora ct | snow route p any time tow away zone | h | colfax ave,39.74033333333334,-104.83766666666665,11,11
colfax-aurora,49,university of colorado cu anschutz medical campus | aurora ct | snow route p any time tow away zone | colfax ave | h,39.74033333333334,-104.83766666666665,11,11
colfax-cherry,0,top | the ride | denver | no parking | no parking,39.740166666666674,-104.93388888888884,28,31
colfax-cherry,1,no parking | denver | the ride | denver | atom,39.740166666666674,-104.93388888888884,28,31
colfax-cherry,2,the ride | herbal daze smoke shop | denver | no parking | top,39.740166666666674,-104.93388888888884,28,31
colfax-cherry,3,stoners pizza joint | stoners pizza joint | no parking | denver | the ride,39.740166666666674,-104.93388888888884,28,31
colfax-cherry,4,denver | no parking | denver key and lock | the ride | vapes,39.740166666666674,-104.93388888888884,28,31
colfax-cherry,5,beauty salon | no parking | thick as thieves | the ride | denver,39.740166666666674,-104.93388888888884,28,31
colfax-cherry,6,feel whole | open | no parking | the ride | denver,39.740166666666674,-104.93388888888884,28,31
colfax-cherry,7,pollution | no parking | tobacco accesories | denver | the ride,39.740166666666674,-104.93388888888884,28,31
colfax-cherry,8,no parking | denver | the ride | capitol liquors | auto zone,39.740166666666674,-104.93388888888884,28,31
colfax-cherry,9,pollution | denver | no parking | thick as thieves | the ride,39.740166666666674,-104.93388888888884,28,31
colfax-cherry,10,no parking | denver | the ride | denver | capitol liquors,39.740166666666674,-104.93388888888884,28,31
colfax-cherry,11,the ride | look it up | denver | no parking | denver,39.740166666666674,-104.93388888888884,28,31
colfax-cherry,12,the ride | smoke shop | no parking | denver | the ride,39.740166666666674,-104.93388888888884,28,31
colfax-cherry,13,denver | slaughterhouse | smoke shop | no parking | the ride,39.740166666666674,-104.93388888888884,28,31
colfax-cherry,14,denver | capitol liquors | solace meds | the ride | no parking,39.740166666666674,-104.93388888888884,28,31
colfax-cherry,15,thick as thieves | no parking | the ride | denver | thick as thieves,39.740166666666674,-104.93388888888884,28,31
colfax-cherry,16,denver | the ride | hands | torres | no parking,39.740166666666674,-104.93388888888884,28,31
colfax-cherry,17,no parking | denver | look it up | the ride | herbal daze smoke shop,39.740166666666674,-104.93388888888884,28,31
colfax-cherry,18,denver | denver | atom | the ride | no parking,39.740166666666674,-104.93388888888884,28,31
colfax-cherry,19,denver | open | no parking | anointed | the ride,39.740166666666674,-104.93388888888884,28,31
colfax-cherry,20,denver | the ride | smoke shop | open | no parking,39.740166666666674,-104.93388888888884,28,31
colfax-cherry,21,denver | denver | smoke shop | no parking | the ride,39.740166666666674,-104.93388888888884,28,31
colfax-cherry,22,denver | no parking | thick as thieves | the ride | herbal daze,39.740166666666674,-104.93388888888884,28,31
colfax-cherry,23,no parking | solace meds | atom | denver | the ride,39.740166666666674,-104.93388888888884,28,31
colfax-cherry,24,pollution | no parking | torres | denver | the ride,39.740166666666674,-104.93388888888884,28,31
colfax-cherry,25,denver | the ride | the ride | no parking | no parking,39.740166666666674,-104.93388888888884,28,31
colfax-cherry,26,no parking | thick as thieves | denver | the ride | hands,39.740166666666674,-104.93388888888884,28,31
colfax-cherry,27,no parking | no parking | the ride | denver | solace meds,39.740166666666674,-104.93388888888884,28,31
colfax-cherry,28,no parking | herbal daze smoke shop | herbal daze smoke shop | the ride | denver,39.740166666666674,-104.93388888888884,28,31
colfax-cherry,29,the ride | denver | open | herbal daze | no parking,39.740166666666674,-104.93388888888884,28,31
colfax-cherry,30,stoners pizza joint | denver | the ride | no parking | auto zone,39.740166666666674,-104.93388888888884,28,31
colfax-cherry,31,denver key and lock | the ride | the ride | no parking | denver,39.740166666666674,-104.93388888888884,28,31
colfax-cherry,32,denver | the ride | slaughterhouse | anointed | no parking,39.740166666666674,-104.93388888888884,28,31
colfax-cherry,33,the ride | no parking | herbal daze | anointed | denver,39.740166666666674,-104.93388888888884,28,31
colfax-cherry,34,shampoos | denver | solace meds | no parking | the ride,39.740166666666674,-104.93388888888884,28,31
colfax-cherry,35,shampoos | denver | thick as thieves | the ride | no parking,39.740166666666674,-104.93388888888884,28,31
colfax-cherry,36,pollution | no parking | the ride | denver | denver,39.740166666666674,-104.93388888888884,28,31
colfax-cherry,37,denver | walkins welcome | shampoos | the ride | no parking,39.740166666666674,-104.93388888888884,28,31
colfax-cherry,38,capitol liquors | denver | no parking | the ride | denver,39.740166666666674,-104.93388888888884,28,31
colfax-cherry,39,denver | the ride | no parking | denver key and lock | vapes,39.740166666666674,-104.93388888888884,28,31
colfax-cherry,40,the ride | denver key and lock | no parking | denver | shampoos,39.740166666666674,-104.93388888888884,28,31
colfax-cherry,41,herbal daze | no parking | solace meds | the ride | denver,39.740166666666674,-104.93388888888884,28,31
colfax-cherry,42,thick as thieves | the ride | denver | no parking | look it up,39.740166666666674,-104.93388888888884,28,31
colfax-cherry,43,no parking | solace meds | vapes | denver | the ride,39.740166666666674,-104.93388888888884,28,31
colfax-cherry,44,the ride | smoke shop | smoke shop | no parking | denver,39.740166666666674,-104.93388888888884,28,31
colfax-cherry,45,herbal daze | the ride | solace meds | no parking | denver,39.740166666666674,-104.93388888888884,28,31
colfax-cherry,46,the ride | look it up | the ride | no parking | denver,39.740166666666674,-104.93388888888884,28,31
colfax-cherry,47,denver | hands | no parking | the ride | autozone,39.740166666666674,-104.93388888888884,28,31
colfax-cherry,48,denver | denver | the ride | denver | no parking,39.740166666666674,-104.93388888888884,28,31
colfax-cherry,49,slaughterhouse | anointed | denver | the ride | no parking,39.740166666666674,-104.93388888888884,28,31
colfax-clarkson,0,dcps denver commercial property services | pinball skeeball bar 1up | denver pride | street sweeping p this side 1st monday 2am 6am tow away zone | cinnabon,39.74005555555556,-104.97761111111116,55,66
colfax-clarkson,1,street sweeping p this side 2am 6am monday wednesday tow away zone | wendys open at 600am for breakfast | lavender hill | denver recycles no trash recyclables only no basura denvergovvorgdenver recycles | one way,39.74005555555556,-104.97761111111116,55,66
colfax-clarkson,2,argonaut wine liquor | the 1up | the fillmore auditorium | r b trucking llc kenworth | no parking any time tow away zone,39.74005555555556,-104.97761111111116,55,66
colfax-clarkson,3,the 1up | col fax ave | sauncy nuggs | denver clarkson st 800 e | street sweeping p this side 1st monday 2am 6am tow away zone,39.74005555555556,-104.97761111111116,55,66
colfax-clarkson,4,p this side 1st tuesday apr thru nov 8am5pm tow away zone | no parking any time tow away zone | denver recycles no trash recyclables only no basura denvergovvorgdenver recycles | one way | vision zero streets are for th epeople,39.74005555555556,-104.97761111111116,55,66
colfax-clarkson,5,box office | wendys | no trespassing or loitering on this property violators will be prosecuted | gyros beef falafel ice cream hummus drive thru open | slice works drtink relax dine in take out,39.74005555555556,-104.97761111111116,55,66
colfax-clarkson,6,sauncy nuggs | colfaxavecomart | velvet banjo believe | colfax mon 3 modelo milargo tue twisted tea wed 2 coors 5 stoli thu 3 pbr pickle shot fri 6 titos 1 off sun all day happy hour | good times burgers frozen custard keep calm bbq bacon burger on,39.74005555555556,-104.97761111111116,55,66
colfax-clarkson,7,street sweeping p this side 1st monday 2am 6am tow away zone | 1058 79 f free party planning here | alsco linin and uniform rental services | the 1up | the fillmore auditorium,39.74005555555556,-104.97761111111116,55,66
colfax-clarkson,8,lavender hill | slice works drtink relax dine in take out | one way | p paybyphone paybyphone | goodtimes goodtimes,39.74005555555556,-104.97761111111116,55,66
colfax-clarkson,9,no parking any time tow away zone | goodtimes goodtimes | col fax ave | vision zero streets are for th epeople | wm wmcom do not park or block no public dumping 50000 fine 3 yd,39.74005555555556,-104.97761111111116,55,66
colfax-clarkson,10,private property no trespassing | beware of dog | one way | d denver the mile high city | denver clarkson st 800 e,39.74005555555556,-104.97761111111116,55,66
colfax-clarkson,11,denver clarkson st 800 e | open late | beware of dog | vision zero streets are for th epeople | f,39.74005555555556,-104.97761111111116,55,66
colfax-clarkson,12,p this side 1st tuesday apr thru nov 8am5pm tow away zone | private property keep out | frosty | argonaut wine liquor | pinball skeeball bar 1up,39.74005555555556,-104.97761111111116,55,66
colfax-clarkson,13,no trespassing this property is protected by video surveillance trespassers will be prosecuted | end school zone speed limit 30 | beware of dog | denver recycles no trash recyclables only no basura denvergovvorgdenver recycles | queer is here lavender hill queerishere,39.74005555555556,-104.97761111111116,55,66
colfax-clarkson,14,lavender hill | p this side 1st tuesday apr thru nov 8am5pm tow away zone | end school zone speed limit 30 | colfax mon 3 modelo milargo tue twisted tea wed 2 coors 5 stoli thu 3 pbr pickle shot fri 6 titos 1 off sun all day happy hour | robinson building,39.74005555555556,-104.97761111111116,55,66
colfax-clarkson,15,lavender hill | queer is here lavender hill queerishere | pinball skeeball bar 1up | col fax ave | the 1up,39.74005555555556,-104.97761111111116,55,66
colfax-clarkson,16,col fax ave | wendys | 2 hr parking 8am 0 6pm sun hol excl | wendys | westword westword westword,39.74005555555556,-104.97761111111116,55,66
colfax-clarkson,17,r b trucking llc kenworth | r b trucking llc kenworth | d denver the mile high city | gyroz drive thru gyroz drive thru greek salad drive thru drive thru falafel chicken gyros | denver pride,39.74005555555556,-104.97761111111116,55,66
colfax-clarkson,18,no trespassing or loitering on this property violators will be prosecuted | alsco linin and uniform rental services | frosty | end school zone speed limit 30 | col fax ave,39.74005555555556,-104.97761111111116,55,66
colfax-clarkson,19,r b trucking llc kenworth | denver composts no plastics no glass no trash denver recyclesdenvergocorgdenverrecycles | queer is here lavender hill queerishere | slice works drtink relax dine in take out | colfax mon 3 modelo milargo tue twisted tea wed 2 coors 5 stoli thu 3 pbr pickle shot fri 6 titos 1 off sun all day happy hour,39.74005555555556,-104.97761111111116,55,66
colfax-clarkson,20,no trespassing or loitering on this property violators will be prosecuted | argonaut wine liquor | street sweeping p this side 1st monday 2am 6am tow away zone | no trespassing or loitering on this property violators will be prosecuted | pinball skeeball bar 1up,39.74005555555556,-104.97761111111116,55,66
colfax-clarkson,21,one way | pinball skeeball bar 1up | one way | door is blocked | cinnabon,39.74005555555556,-104.97761111111116,55,66
colfax-clarkson,22,1058 79 f free party planning here | r b trucking llc kenworth | gyroz drive thru gyroz drive thru greek salad drive thru drive thru falafel chicken gyros | gyroz chicken greek salad baklava | col fax ave,39.74005555555556,-104.97761111111116,55,66
colfax-clarkson,23,street sweeping p this side 1st monday 2am 6am tow away zone | westword westword westword | p paybyphone paybyphone | the fillmore auditorium | good times burgers frozen custard keep calm bbq bacon burger on,39.74005555555556,-104.97761111111116,55,66
colfax-clarkson,24,street sweeping p this side 2am 6am monday wednesday tow away zone | one way | colfax mon 3 modelo milargo tue twisted tea wed 2 coors 5 stoli thu 3 pbr pickle shot fri 6 titos 1 off sun all day happy hour | vision zero streets are for th epeople | one way,39.74005555555556,-104.97761111111116,55,66
colfax-clarkson,25,street sweeping p this side 2am 6am monday wednesday tow away zone | dcps denver commercial property services | the fillmore auditorium | p paybyphone paybyphone | denver clarkson st 800 e,39.74005555555556,-104.97761111111116,55,66
colfax-clarkson,26,box office | gyroz drive thru gyroz drive thru greek salad drive thru drive thru falafel chicken gyros | colfax strong | box office | one way,39.74005555555556,-104.97761111111116,55,66
colfax-clarkson,27,gyros beef falafel ice cream hummus drive thru open | slice works | gyroz chicken greek salad baklava | f | gyroz chicken greek salad baklava,39.74005555555556,-104.97761111111116,55,66
colfax-clarkson,28,gyroz chicken greek salad baklava | queer is here lavender hill queerishere | argonaut wine liquor | no trespassing or loitering on this property violators will be prosecuted | lavender hill,39.74005555555556,-104.97761111111116,55,66
colfax-clarkson,29,sauncy nuggs | private property keep out | street sweeping p this side 1st monday 2am 6am tow away zone | wm wmcom do not park or block no public dumping 50000 fine 3 yd | col fax ave,39.74005555555556,-104.97761111111116,55,66
colfax-clarkson,30,one way | denver composts no plastics no glass no trash denver recyclesdenvergocorgdenverrecycles | argonaut wine liquor | alsco linin and uniform rental services | parking for charlies bar and gyrosz unauthorized vehicles will be towed at owners expense elite towing recovery private property unauthorized and improperly parked vehicles will be towed at vecihles owners expense,39.74005555555556,-104.97761111111116,55,66
colfax-clarkson,31,col fax ave | colfax strong | pinball skeeball bar 1up | argonaut parking only | denver recycles no trash recyclables only no basura denvergovvorgdenver recycles,39.74005555555556,-104.97761111111116,55,66
colfax-clarkson,32,d denver the mile high city | argonaut parking only | one way | the 1up | cinnabon,39.74005555555556,-104.97761111111116,55,66
colfax-clarkson,33,queer is here lavender hill queerishere | colfax strong | dcps denver commercial property services | denver pride | argonaut parking only,39.74005555555556,-104.97761111111116,55,66
colfax-clarkson,34,no parking any time tow away zone | queer is here lavender hill queerishere | private property no trespassing | r b trucking llc kenworth | slice works drtink relax dine in take out,39.74005555555556,-104.97761111111116,55,66
colfax-clarkson,35,the 1up | street sweeping p this side 2am 6am monday wednesday tow away zone | no parking any time tow away zone | door is blocked | wm wmcom do not park or block no public dumping 50000 fine 3 yd,39.74005555555556,-104.97761111111116,55,66
colfax-clarkson,36,d denver the mile high city | denver recycles no trash recyclables only no basura denvergovvorgdenver recycles | denver pride | no trespassing this property is protected by video surveillance trespassers will be prosecuted | open late,39.74005555555556,-104.97761111111116,55,66
colfax-clarkson,37,denver recycles no trash recyclables only no basura denvergovvorgdenver recycles | p this side 1st tuesday apr thru nov 8am5pm tow away zone | parking for charlies bar and gyrosz unauthorized vehicles will be towed at owners expense elite towing recovery private property unauthorized and improperly parked vehicles will be towed at vecihles owners expense | f | frosty,39.74005555555556,-104.97761111111116,55,66
colfax-clarkson,38,1058 79 f free party planning here | colfax strong | d denver the mile high city | westword westword westword | street sweeping p this side 1st monday 2am 6am tow away zone,39.74005555555556,-104.97761111111116,55,66
colfax-clarkson,39,sauncy nuggs | one way | no parking any time tow away zone | good times burgers frozen custard keep calm bbq bacon burger on | gyroz chicken greek salad baklava,39.74005555555556,-104.97761111111116,55,66
colfax-clarkson,40,street sweeping p this side 2am 6am monday wednesday tow away zone | street sweeping p this side 2am 6am monday wednesday tow away zone | the 1up | col fax ave | f,39.74005555555556,-104.97761111111116,55,66
colfax-clarkson,41,slice works | one way | the 1up | the 1up | westword westword westword,39.74005555555556,-104.97761111111116,55,66
colfax-clarkson,42,goodtimes goodtimes | one way | the 1up | no parking any time tow away zone | col fax ave,39.74005555555556,-104.97761111111116,55,66
colfax-clarkson,43,sauncy nuggs | gyroz chicken greek salad baklava | westword westword westword | slice works | 1058 79 f free party planning here,39.74005555555556,-104.97761111111116,55,66
colfax-clarkson,44,the 1up | f | one way | one way | one way,39.74005555555556,-104.97761111111116,55,66
colfax-clarkson,45,good times burgers frozen custard keep calm bbq bacon burger on | alsco linin and uniform rental services | sauncy nuggs | good times burgers frozen custard keep calm bbq bacon burger on | one way,39.74005555555556,-104.97761111111116,55,66
colfax-clarkson,46,colfax strong | queer is here lavender hill queerishere | colfax mon 3 modelo milargo tue twisted tea wed 2 coors 5 stoli thu 3 pbr pickle shot fri 6 titos 1 off sun all day happy hour | the 1up | street sweeping p this side 2am 6am monday wednesday tow away zone,39.74005555555556,-104.97761111111116,55,66
colfax-clarkson,47,no parking any time tow away zone | goodtimes goodtimes | parking for charlies bar and gyrosz unauthorized vehicles will be towed at owners expense elite towing recovery private property unauthorized and improperly parked vehicles will be towed at vecihles owners expense | p this side 1st tuesday apr thru nov 8am5pm tow away zone | goodtimes goodtimes,39.74005555555556,-104.97761111111116,55,66
colfax-clarkson,48,one way | one way | the fillmore auditorium | vision zero streets are for th epeople | queer is here lavender hill queerishere,39.74005555555556,-104.97761111111116,55,66
colfax-clarkson,49,wm wmcom do not park or block no public dumping 50000 fine 3 yd | gyros beef falafel ice cream hummus drive thru open | robinson building | col fax ave | no parking any time tow away zone,39.74005555555556,-104.97761111111116,55,66
colfax-dayton,0,unique properties | 10 pawns | atm | pawn | joyeria,39.74022222222222,-104.87527777777774,37,38
colfax-dayton,1,excellent personal home care | jumping cash jack | 10 pawns | 10 loans | hair cuts,39.74022222222222,-104.87527777777774,37,38
colfax-dayton,2,house of beauty | for sale | 10 loans | come one in we are open to loan you money | 10 pawns,39.74022222222222,-104.87527777777774,37,38
colfax-dayton,3,pawn | obtenga mas | vas a complur 65 tenemos un plan para ti | informacion somber su medicare | 10 pawns,39.74022222222222,-104.87527777777774,37,38
colfax-dayton,4,hair color | jumping cash jack | 10 pawns | hair cuts | open,39.74022222222222,-104.87527777777774,37,38
colfax-dayton,5,insurance agency | house of beauty | 10 pawns | highlights | informacion somber su medicare,39.74022222222222,-104.87527777777774,37,38
colfax-dayton,6,for sale | 10 pawns | unique properties | 10 pawns | azalek tattoos,39.74022222222222,-104.87527777777774,37,38
colfax-dayton,7,azalek tattoos | makeuakeup | open | vas a complur 65 tenemos un plan para ti | 10 pawns,39.74022222222222,-104.87527777777774,37,38
colfax-dayton,8,10 loans | call | 10 pawns | call | come one in we are open to loan you money,39.74022222222222,-104.87527777777774,37,38
colfax-dayton,9,hair color | 10 pawns | casa de epeno | highlights | highlights,39.74022222222222,-104.87527777777774,37,38
colfax-dayton,10,toegether | jumping cash jack | divas hair studio | 10 pawns | makeuakeup,39.74022222222222,-104.87527777777774,37,38
colfax-dayton,11,insurance agency | insurance agency | azalek tattoos | 10 pawns | unique properties,39.74022222222222,-104.87527777777774,37,38
colfax-dayton,12,azalek tattoos | jewelers | unique properties | hair cuts | 10 pawns,39.74022222222222,-104.87527777777774,37,38
colfax-dayton,13,hair color | a city wide | 10 pawns | for sale | makeuakeup,39.74022222222222,-104.87527777777774,37,38
colfax-dayton,14,extensions | toegether | 10 pawns | pawn | jumping cash jack,39.74022222222222,-104.87527777777774,37,38
colfax-dayton,15,10 pawns | jumping cash jack | excellent personal home care | barber | lowlights,39.74022222222222,-104.87527777777774,37,38
colfax-dayton,16,10 pawns | segura medico de bajo costco | vas a complur 65 tenemos un plan para ti | unique properties | jumping cash jack,39.74022222222222,-104.87527777777774,37,38
colfax-dayton,17,extensions | stylist | atm | a city wide | 10 pawns,39.74022222222222,-104.87527777777774,37,38
colfax-dayton,18,obtenga mas | vas a complur 65 tenemos un plan para ti | 10 pawns | azalek tattoos | for sale,39.74022222222222,-104.87527777777774,37,38
colfax-dayton,19,insurance agency | obtenga mas | jumping cash jack | 10 pawns | a city wide,39.74022222222222,-104.87527777777774,37,38
colfax-dayton,20,excellent personal home care | highlights | insurance agency | 10 pawns | 10 pawns,39.74022222222222,-104.87527777777774,37,38
colfax-dayton,21,10 pawns | call | seguros | seguros | 10 pawns,39.74022222222222,-104.87527777777774,37,38
colfax-dayton,22,10 pawns | insurance agency | jumping cash jack | toegether | open,39.74022222222222,-104.87527777777774,37,38
colfax-dayton,23,jumping cash jack | 10 pawns | a city wide | pawn | come one in we are open to loan you money,39.74022222222222,-104.87527777777774,37,38
colfax-dayton,24,jumping cash jack | vas a complur 65 tenemos un plan para ti | lowlights | 10 pawns | colfax pawn,39.74022222222222,-104.87527777777774,37,38
colfax-dayton,25,10 pawns | toegether | azalek tattoos | hair color | open,39.74022222222222,-104.87527777777774,37,38
colfax-dayton,26,call | unique properties | highlights | house of beauty | 10 pawns,39.74022222222222,-104.87527777777774,37,38
colfax-dayton,27,atm | unique properties | 10 pawns | divas hair studio | hair color,39.74022222222222,-104.87527777777774,37,38
colfax-dayton,28,obtenga mas | 10 pawns | highlights | for sale | jumping cash jack,39.74022222222222,-104.87527777777774,37,38
colfax-dayton,29,vas a complur 65 tenemos un plan para ti | 10 pawns | highlights | colfax pawn | hair cuts,39.74022222222222,-104.87527777777774,37,38
colfax-dayton,30,obtenga mas | vas a complur 65 tenemos un plan para ti | extensions | stylist | 10 pawns,39.74022222222222,-104.87527777777774,37,38
colfax-dayton,31,house of beauty | segura medico de bajo costco | lowlights | 10 pawns | extensions,39.74022222222222,-104.87527777777774,37,38
colfax-dayton,32,azalek tattoos | jumping cash jack | informacion somber su medicare | 10 pawns | segura medico de bajo costco,39.74022222222222,-104.87527777777774,37,38
colfax-dayton,33,10 pawns | insurance agency | azalek tattoos | colfax pawn | casa de epeno,39.74022222222222,-104.87527777777774,37,38
colfax-dayton,34,citas | openen | 10 pawns | toegether | atm,39.74022222222222,-104.87527777777774,37,38
colfax-dayton,35,jumping cash jack | 10 pawns | pawn | house of beauty | barber,39.74022222222222,-104.87527777777774,37,38
colfax-dayton,36,casa de epeno | colfax pawn | hair cuts | jumping cash jack | 10 pawns,39.74022222222222,-104.87527777777774,37,38
colfax-dayton,37,10 pawns | extensions | azalek tattoos | lowlights | atm,39.74022222222222,-104.87527777777774,37,38
colfax-dayton,38,10 pawns | makeuakeup | citas | a city wide | 10 pawns,39.74022222222222,-104.87527777777774,37,38
colfax-dayton,39,stylist | 10 pawns | come one in we are open to loan you money | divas hair studio | for sale,39.74022222222222,-104.87527777777774,37,38
colfax-dayton,40,for sale | excellent personal home care | 10 pawns | jumping cash jack | unique properties,39.74022222222222,-104.87527777777774,37,38
colfax-dayton,41,colfax pawn | azalek tattoos | house of beauty | jumping cash jack | 10 pawns,39.74022222222222,-104.87527777777774,37,38
colfax-dayton,42,house of beauty | hair color | 10 pawns | citas | hair color,39.74022222222222,-104.87527777777774,37,38
colfax-dayton,43,10 pawns | atm | unique properties | openen | stylist,39.74022222222222,-104.87527777777774,37,38
colfax-dayton,44,excellent personal home care | extensions | 10 pawns | hair color | seguros,39.74022222222222,-104.87527777777774,37,38
colfax-dayton,45,10 pawns | jumping cash jack | jumping cash jack | for sale | 10 pawns,39.74022222222222,-104.87527777777774,37,38
colfax-dayton,46,jumping cash jack | vas a complur 65 tenemos un plan para ti | toegether | unique properties | 10 pawns,39.74022222222222,-104.87527777777774,37,38
colfax-dayton,47,segura medico de bajo costco | 10 pawns | for sale | jumping cash jack | azalek tattoos,39.74022222222222,-104.87527777777774,37,38
colfax-dayton,48,informacion somber su medicare | stylist | hair cuts | 10 pawns | stylist,39.74022222222222,-104.87527777777774,37,38
colfax-dayton,49,joyeria | 10 pawns | citas | 10 pawns | segura medico de bajo costco,39.74022222222222,-104.87527777777774,37,38
colfax-havana,0,propane | irvings salon | open | nutricion creativa | ciatica torceduras enpacho ovarios,39.74019444444445,-104.86583333333333,23,25
colfax-havana,1,nutricion creativa | tortas | insurance | don pepe | right lane must turn right,39.74019444444445,-104.86583333333333,23,25
colfax-havana,2,burritos | century square | burritos | auto accessories and sound | right lane must turn right,39.74019444444445,-104.86583333333333,23,25
colfax-havana,3,quesadillas | ciatica torceduras enpacho ovarios | tortas | open | burritos,39.74019444444445,-104.86583333333333,23,25
colfax-havana,4,open | propane | irvings salon | ciatica torceduras enpacho ovarios | sobador y huesero,39.74019444444445,-104.86583333333333,23,25
colfax-havana,5,open | pollo pincante | little ceasears | little ceasears | little ceasears,39.74019444444445,-104.86583333333333,23,25
colfax-havana,6,centro del vaquero | te ramos | 7 eleven | centro del vaquero | premiere club,39.74019444444445,-104.86583333333333,23,25
colfax-havana,7,baberia latinos | sobador y huesero | tacos | quesadillas | insurance,39.74019444444445,-104.86583333333333,23,25
colfax-havana,8,te ramos | irvings salon | tortas | centro del vaquero | open,39.74019444444445,-104.86583333333333,23,25
colfax-havana,9,open | burritos | pollo pincante | open | insurance,39.74019444444445,-104.86583333333333,23,25
colfax-havana,10,ciatica torceduras enpacho ovarios | premiere club | nutricion creativa | ciatica torceduras enpacho ovarios | pollo pincante,39.74019444444445,-104.86583333333333,23,25
colfax-havana,11,pollo pincante | right lane must turn right | centro del vaquero | right lane must turn right | little ceasears,39.74019444444445,-104.86583333333333,23,25
colfax-havana,12,right lane must turn right | propane | ciatica torceduras enpacho ovarios | sobador y huesero | premiere club,39.74019444444445,-104.86583333333333,23,25
colfax-havana,13,century square | reparacion de caltada | baberia latinos | irvings salon | baberia latinos,39.74019444444445,-104.86583333333333,23,25
colfax-havana,14,sobador y huesero | open | burritos | don pepe | tortas,39.74019444444445,-104.86583333333333,23,25
colfax-havana,15,quesadillas | open | premiere club | 7 eleven | ciatica torceduras enpacho ovarios,39.74019444444445,-104.86583333333333,23,25
colfax-havana,16,little ceasears | don pepe | little ceasears | sobador y huesero | open,39.74019444444445,-104.86583333333333,23,25
colfax-havana,17,reparacion de caltada | te ramos | sobador y huesero | irvings salon | baberia latinos,39.74019444444445,-104.86583333333333,23,25
colfax-havana,18,quesadillas | 7 eleven | open | 7 eleven | auto accessories and sound,39.74019444444445,-104.86583333333333,23,25
colfax-havana,19,irvings salon | burritos | reparacion de caltada | tortas | centro del vaquero,39.74019444444445,-104.86583333333333,23,25
colfax-havana,20,century square | irvings salon | propane | nutricion creativa | little ceasears,39.74019444444445,-104.86583333333333,23,25
colfax-havana,21,open | irvings salon | ciatica torceduras enpacho ovarios | 7 eleven | insurance,39.74019444444445,-104.86583333333333,23,25
colfax-havana,22,little ceasears | propane | auto accessories and sound | reparacion de caltada | reparacion de caltada,39.74019444444445,-104.86583333333333,23,25
colfax-havana,23,quesadillas | reparacion de caltada | irvings salon | ciatica torceduras enpacho ovarios | nutricion creativa,39.74019444444445,-104.86583333333333,23,25
colfax-havana,24,quesadillas | propane | century square | insurance | century square,39.74019444444445,-104.86583333333333,23,25
colfax-havana,25,don pepe | insurance | 7 eleven | baberia latinos | reparacion de caltada,39.74019444444445,-104.86583333333333,23,25
colfax-havana,26,reparacion de caltada | century square | premiere club | insurance | centro del vaquero,39.74019444444445,-104.86583333333333,23,25
colfax-havana,27,auto accessories and sound | century square | 7 eleven | tacos | te ramos,39.74019444444445,-104.86583333333333,23,25
colfax-havana,28,century square | reparacion de caltada | reparacion de caltada | nutricion creativa | tortas,39.74019444444445,-104.86583333333333,23,25
colfax-havana,29,open | right lane must turn right | baberia latinos | burritos | burritos,39.74019444444445,-104.86583333333333,23,25
colfax-havana,30,quesadillas | baberia latinos | baberia latinos | burritos | century square,39.74019444444445,-104.86583333333333,23,25
colfax-havana,31,auto accessories and sound | sobador y huesero | centro del vaquero | ciatica torceduras enpacho ovarios | reparacion de caltada,39.74019444444445,-104.86583333333333,23,25
colfax-havana,32,premiere club | 7 eleven | burritos | ciatica torceduras enpacho ovarios | open,39.74019444444445,-104.86583333333333,23,25
colfax-havana,33,pollo pincante | auto accessories and sound | propane | baberia latinos | propane,39.74019444444445,-104.86583333333333,23,25
colfax-havana,34,pollo pincante | insurance | quesadillas | don pepe | quesadillas,39.74019444444445,-104.86583333333333,23,25
colfax-havana,35,quesadillas | century square | little ceasears | irvings salon | baberia latinos,39.74019444444445,-104.86583333333333,23,25
colfax-havana,36,te ramos | little ceasears | right lane must turn right | open | pollo pincante,39.74019444444445,-104.86583333333333,23,25
colfax-havana,37,don pepe | baberia latinos | irvings salon | baberia latinos | burritos,39.74019444444445,-104.86583333333333,23,25
colfax-havana,38,don pepe | don pepe | ciatica torceduras enpacho ovarios | right lane must turn right | tortas,39.74019444444445,-104.86583333333333,23,25
colfax-havana,39,premiere club | baberia latinos | baberia latinos | tacos | right lane must turn right,39.74019444444445,-104.86583333333333,23,25
colfax-havana,40,reparacion de caltada | premiere club | centro del vaquero | reparacion de caltada | insurance,39.74019444444445,-104.86583333333333,23,25
colfax-havana,41,pollo pincante | sobador y huesero | open | quesadillas | 7 eleven,39.74019444444445,-104.86583333333333,23,25
colfax-havana,42,burritos | sobador y huesero | little ceasears | ciatica torceduras enpacho ovarios | reparacion de caltada,39.74019444444445,-104.86583333333333,23,25
colfax-havana,43,open | tortas | propane | tortas | propane,39.74019444444445,-104.86583333333333,23,25
colfax-havana,44,sobador y huesero | open | reparacion de caltada | sobador y huesero | century square,39.74019444444445,-104.86583333333333,23,25
colfax-havana,45,right lane must turn right | centro del vaquero | open | pollo pincante | little ceasears,39.74019444444445,-104.86583333333333,23,25
colfax-havana,46,baberia latinos | nutricion creativa | tacos | reparacion de caltada | open,39.74019444444445,-104.86583333333333,23,25
colfax-havana,47,nutricion creativa | baberia latinos | tacos | propane | sobador y huesero,39.74019444444445,-104.86583333333333,23,25
colfax-havana,48,don pepe | tortas | don pepe | ciatica torceduras enpacho ovarios | baberia latinos,39.74019444444445,-104.86583333333333,23,25
colfax-havana,49,nutricion creativa | little ceasears | burritos | auto accessories and sound | reparacion de caltada,39.74019444444445,-104.86583333333333,23,25
colfax-ironton,0,15 downtown | llame ahorita para su cita | envios d dinero | tacos al vapor | envios d dinero,39.740166666666674,-104.86341666666667,18,20
colfax-ironton,1,mercado | top art nails | botanica san judas | envios d dinero | top art nails,39.740166666666674,-104.86341666666667,18,20
colfax-ironton,2,enva | se hacen consultas | tacos al vapor | barrias veladoras aceites incienzo | 15 downtown,39.740166666666674,-104.86341666666667,18,20
colfax-ironton,3,barrias veladoras aceites incienzo | birria | 15 downtown | barrias veladoras aceites incienzo | top art nails,39.740166666666674,-104.86341666666667,18,20
colfax-ironton,4,birria | puaas y spa | cambios d cheques | botanica san judas | amarres limpias,39.740166666666674,-104.86341666666667,18,20
colfax-ironton,5,tacos al vapor | envios d dinero | puaas y spa | lectures de cartas | barrias veladoras aceites incienzo,39.740166666666674,-104.86341666666667,18,20
colfax-ironton,6,amarres limpias | barrias veladoras aceites incienzo | 15 downtown | cambios d cheques | enva,39.740166666666674,-104.86341666666667,18,20
colfax-ironton,7,top art nails | taco bell | mercado | envios d dinero | llame ahorita para su cita,39.740166666666674,-104.86341666666667,18,20
colfax-ironton,8,amarres limpias | machetes | se hacen consultas | enva | botanica san judas,39.740166666666674,-104.86341666666667,18,20
colfax-ironton,9,se hacen consultas | tacos al vapor | taco bell | cambios d cheques | cambios d cheques,39.740166666666674,-104.86341666666667,18,20
colfax-ironton,10,15 downtown | lectures de cartas | cambios d cheques | tacos al vapor | envios d dinero,39.740166666666674,-104.86341666666667,18,20
colfax-ironton,11,enva | 15 downtown | envios d dinero | birria | 15 downtown,39.740166666666674,-104.86341666666667,18,20
colfax-ironton,12,taco bell | machetes | mercado | birria | se hacen consultas,39.740166666666674,-104.86341666666667,18,20
colfax-ironton,13,15 downtown | birria | se hacen consultas | cambios d cheques | 15 downtown,39.740166666666674,-104.86341666666667,18,20
colfax-ironton,14,top art nails | mercado | taco bell | se hacen consultas | cambios d cheques,39.740166666666674,-104.86341666666667,18,20
colfax-ironton,15,lectures de cartas | puaas y spa | top art nails | envios d dinero | cambios d cheques,39.740166666666674,-104.86341666666667,18,20
colfax-ironton,16,puaas y spa | taco bell | 15 downtown | enva | amarres limpias,39.740166666666674,-104.86341666666667,18,20
colfax-ironton,17,cambios d cheques | envios d dinero | llame ahorita para su cita | botanica san judas | envios d dinero,39.740166666666674,-104.86341666666667,18,20
colfax-ironton,18,taco bell | 15 downtown | envios d dinero | 15 downtown | llame ahorita para su cita,39.740166666666674,-104.86341666666667,18,20
colfax-ironton,19,tacos al vapor | cambios d cheques | taco bell | envios d dinero | envios d dinero,39.740166666666674,-104.86341666666667,18,20
colfax-ironton,20,envios d dinero | machetes | cambios d cheques | mercado | tacos al vapor,39.740166666666674,-104.86341666666667,18,20
colfax-ironton,21,taco bell | machetes | mercado | 15 downtown | amarres limpias,39.740166666666674,-104.86341666666667,18,20
colfax-ironton,22,cambios d cheques | puaas y spa | cambios d cheques | taco bell | vidente se hacen amarres limpias y mas,39.740166666666674,-104.86341666666667,18,20
colfax-ironton,23,botanica san judas | enva | 15 downtown | machetes | lectures de cartas,39.740166666666674,-104.86341666666667,18,20
colfax-ironton,24,enva | llame ahorita para su cita | puaas y spa | enva | amarres limpias,39.740166666666674,-104.86341666666667,18,20
colfax-ironton,25,cambios d cheques | botanica san judas | botanica san judas | 15 downtown | mercado,39.740166666666674,-104.86341666666667,18,20
colfax-ironton,26,barrias veladoras aceites incienzo | lectures de cartas | tacos al vapor | puaas y spa | amarres limpias,39.740166666666674,-104.86341666666667,18,20
colfax-ironton,27,llame ahorita para su cita | barrias veladoras aceites incienzo | puaas y spa | tacos al vapor | barrias veladoras aceites incienzo,39.740166666666674,-104.86341666666667,18,20
colfax-ironton,28,birria | tacos al vapor | cambios d cheques | enva | envios d dinero,39.740166666666674,-104.86341666666667,18,20
colfax-ironton,29,se hacen consultas | vidente se hacen amarres limpias y mas | vidente se hacen amarres limpias y mas | enva | vidente se hacen amarres limpias y mas,39.740166666666674,-104.86341666666667,18,20
colfax-ironton,30,barrias veladoras aceites incienzo | cambios d cheques | top art nails | llame ahorita para su cita | se hacen consultas,39.740166666666674,-104.86341666666667,18,20
colfax-ironton,31,vidente se hacen amarres limpias y mas | lectures de cartas | llame ahorita para su cita | top art nails | mercado,39.740166666666674,-104.86341666666667,18,20
colfax-ironton,32,machetes | puaas y spa | cambios d cheques | cambios d cheques | amarres limpias,39.740166666666674,-104.86341666666667,18,20
colfax-ironton,33,tacos al vapor | enva | cambios d cheques | envios d dinero | cambios d cheques,39.740166666666674,-104.86341666666667,18,20
colfax-ironton,34,top art nails | cambios d cheques | lectures de cartas | cambios d cheques | botanica san judas,39.740166666666674,-104.86341666666667,18,20
colfax-ironton,35,envios d dinero | cambios d cheques | top art nails | botanica san judas | envios d dinero,39.740166666666674,-104.86341666666667,18,20
colfax-ironton,36,birria | enva | amarres limpias | enva | envios d dinero,39.740166666666674,-104.86341666666667,18,20
colfax-ironton,37,envios d dinero | birria | top art nails | tacos al vapor | top art nails,39.740166666666674,-104.86341666666667,18,20
colfax-ironton,38,cambios d cheques | tacos al vapor | 15 downtown | puaas y spa | enva,39.740166666666674,-104.86341666666667,18,20
colfax-ironton,39,barrias veladoras aceites incienzo | amarres limpias | birria | llame ahorita para su cita | puaas y spa,39.740166666666674,-104.86341666666667,18,20
colfax-ironton,40,mercado | puaas y spa | botanica san judas | tacos al vapor | machetes,39.740166666666674,-104.86341666666667,18,20
colfax-ironton,41,vidente se hacen amarres limpias y mas | se hacen consultas | birria | enva | llame ahorita para su cita,39.740166666666674,-104.86341666666667,18,20
colfax-ironton,42,machetes | se hacen consultas | botanica san judas | botanica san judas | puaas y spa,39.740166666666674,-104.86341666666667,18,20
colfax-ironton,43,cambios d cheques | machetes | amarres limpias | vidente se hacen amarres limpias y mas | se hacen consultas,39.740166666666674,-104.86341666666667,18,20
colfax-ironton,44,puaas y spa | cambios d cheques | cambios d cheques | taco bell | amarres limpias,39.740166666666674,-104.86341666666667,18,20
colfax-ironton,45,cambios d cheques | enva | top art nails | enva | top art nails,39.740166666666674,-104.86341666666667,18,20
colfax-ironton,46,envios d dinero | llame ahorita para su cita | cambios d cheques | vidente se hacen amarres limpias y mas | envios d dinero,39.740166666666674,-104.86341666666667,18,20
colfax-ironton,47,barrias veladoras aceites incienzo | llame ahorita para su cita | mercado | 15 downtown | tacos al vapor,39.740166666666674,-104.86341666666667,18,20
colfax-ironton,48,cambios d cheques | se hacen consultas | 15 downtown | se hacen consultas | lectures de cartas,39.740166666666674,-104.86341666666667,18,20
colfax-ironton,49,tacos al vapor | botanica san judas | 15 downtown | llame ahorita para su cita | 15 downtown,39.740166666666674,-104.86341666666667,18,20
colfax-ivanhoe,0,cash paid for old motorcycle dead or alive | pure marijuana dispensary 8am midnight everyday 21 only | private parking | peloton live studio fitness from the comfort of home | 21 recreational marijuana dispensary,39.7401388888889,-104.92169444444447,61,73
colfax-ivanhoe,1,denver mediterranean cuisine | exit only clearance 83 | taxes | serving the denver metro area fast effective and always advanced | no parking any time tow away zone,39.7401388888889,-104.92169444444447,61,73
colfax-ivanhoe,2,we buy junk cars | smile youre on camera | street sweeping p this side 3rd wednesday apr thru nov 8am 5pm tow away zone | open | abyssinia ethiopian restaurant,39.7401388888889,-104.92169444444447,61,73
colfax-ivanhoe,3,yolo rum you only leave once original myxed up creations | closed | liquor | studio of yolo rum yolo podcast | abyssinia ethiopian restaurant,39.7401388888889,-104.92169444444447,61,73
colfax-ivanhoe,4,jose cuervo | smile youre on camera | tax service bookkeeping | we are clean safe | private parking,39.7401388888889,-104.92169444444447,61,73
colfax-ivanhoe,5,phoencan kebab | piercings | smile youre on camera | open open | cash paid for old motorcycle dead or alive,39.7401388888889,-104.92169444444447,61,73
colfax-ivanhoe,6,phoencan kebab | tax service bookkeeping | no parking any time tow away zone | peloton live studio fitness from the comfort of home | automotive commercial residential,39.7401388888889,-104.92169444444447,61,73
colfax-ivanhoe,7,phoencan kebab | smile youre on camera | closed | scrubbles selfservice car wash mastercard visa american express discover | scrubbles selfservice car wash mastercard visa american express discover,39.7401388888889,-104.92169444444447,61,73
colfax-ivanhoe,8,liquor | jose cuervo | yolo rum razz | monaco 2 shots in every can | junk removal,39.7401388888889,-104.92169444444447,61,73
colfax-ivanhoe,9,monaco 2 shots in every can | no parking any time tow away zone | budweiser | closed | denver auto and paint,39.7401388888889,-104.92169444444447,61,73
colfax-ivanhoe,10,get some yolo rum | smile youre on camera | private office | street sweeping p this side 3rd tuesday apr thru nov 8am 5pm tow away zone | phoencan kebab,39.7401388888889,-104.92169444444447,61,73
colfax-ivanhoe,11,office | exit only clearance 83 | advanced locksmith | liquor | yolo rum yummy,39.7401388888889,-104.92169444444447,61,73
colfax-ivanhoe,12,no parking any time tow away zone | smile youre on camera | closed | spot free rinse | piercing,39.7401388888889,-104.92169444444447,61,73
colfax-ivanhoe,13,botnica yerbera el secreto universal wwwtuvidaespiritualcom e colfax | open | scrubbles selfservice car wash mastercard visa american express discover | irs efile | abyssinia ethiopian restaurant,39.7401388888889,-104.92169444444447,61,73
colfax-ivanhoe,14,phoencan kebab | private office lofty expectation llc e colfax ave | advanced locksmith | abyssinia ethiopian restaurant | yolo rum you only live once enjoy responsibly,39.7401388888889,-104.92169444444447,61,73
colfax-ivanhoe,15,taxes | office | liquor | pipes | advanced locksmith,39.7401388888889,-104.92169444444447,61,73
colfax-ivanhoe,16,get some yolo rum | no parking any time tow away zone | street sweeping p this side 3rd tuesday apr thru nov 8am 5pm tow away zone | closed | yolo rum you only live once enjoy responsibly,39.7401388888889,-104.92169444444447,61,73
colfax-ivanhoe,17,liquor | tattoo piercing | yolo rum razz | phoencan kebab | 21 recreational marijuana dispensary,39.7401388888889,-104.92169444444447,61,73
colfax-ivanhoe,18,yolo rum yummy | we buy junk cars | piercing | mouna hair braiding beauty supply | abyssinia ethiopian restaurant,39.7401388888889,-104.92169444444447,61,73
colfax-ivanhoe,19,smile youre on camera | yolo rum azul | office | private parking | closed,39.7401388888889,-104.92169444444447,61,73
colfax-ivanhoe,20,delicious mediterranean cuisine | 21 recreational marijuana dispensary | botnica yerbera el secreto universal wwwtuvidaespiritualcom e colfax | private parking | studio home of myxed up media,39.7401388888889,-104.92169444444447,61,73
colfax-ivanhoe,21,spot free rinse | abyssinia ethiopian restaurant | private office | yolo rum you only live once enjoy responsibly | open,39.7401388888889,-104.92169444444447,61,73
colfax-ivanhoe,22,smile youre on camera | smile youre on camera | studio of yolo rum yolo podcast | taxes | we buy junk cars,39.7401388888889,-104.92169444444447,61,73
colfax-ivanhoe,23,smile youre on camera | office | private parking | studio home of myxed up media | taxes,39.7401388888889,-104.92169444444447,61,73
colfax-ivanhoe,24,piercings | yolo rum azul | office | denver auto body | scrubbles selfservice car wash mastercard visa american express discover,39.7401388888889,-104.92169444444447,61,73
colfax-ivanhoe,25,scrubbles selfservice car wash mastercard visa american express discover | taxes | studio home of myxed up media | tax service bookkeeping | street sweeping p this side 3rd wednesday apr thru nov 8am 5pm tow away zone,39.7401388888889,-104.92169444444447,61,73
colfax-ivanhoe,26,cash paid for old motorcycle dead or alive | jose cuervo | exit only clearance 83 | contactless touchfree payments | scrubbles selfservice car wash mastercard visa american express discover,39.7401388888889,-104.92169444444447,61,73
colfax-ivanhoe,27,exit only clearance 83 | mouna hair braiding beauty supply | yolo rum you only leave once original myxed up creations | 21 recreational marijuana dispensary | smile youre on camera,39.7401388888889,-104.92169444444447,61,73
colfax-ivanhoe,28,yolo rum yummy | peloton live studio fitness from the comfort of home | taxes | scrubbles selfservice car wash mastercard visa american express discover | tax service bookkeeping,39.7401388888889,-104.92169444444447,61,73
colfax-ivanhoe,29,freaky tattoos | no parking any time tow away zone | tax service bookkeeping | office | pipes,39.7401388888889,-104.92169444444447,61,73
colfax-ivanhoe,30,irs efile | studio home of myxed up media | jose cuervo | yolo rum razz | denver mediterranean cuisine,39.7401388888889,-104.92169444444447,61,73
colfax-ivanhoe,31,botnica yerbera el secreto universal wwwtuvidaespiritualcom e colfax | copias | monaco 2 shots in every can | pipes | liquor,39.7401388888889,-104.92169444444447,61,73
colfax-ivanhoe,32,studio of yolo rum yolo podcast | mouna hair braiding beauty supply | street sweeping p this side 3rd wednesday apr thru nov 8am 5pm tow away zone | mouna hair braiding beauty supply | private office lofty expectation llc e colfax ave,39.7401388888889,-104.92169444444447,61,73
colfax-ivanhoe,33,open | open | abyssinia ethiopian restaurant | advanced locksmith | open,39.7401388888889,-104.92169444444447,61,73
colfax-ivanhoe,34,pipes | closed | exit only clearance 83 | piercings | private parking,39.7401388888889,-104.92169444444447,61,73
colfax-ivanhoe,35,abyssinia ethiopian restaurant | abyssinia ethiopian restaurant | street sweeping p this side 3rd wednesday apr thru nov 8am 5pm tow away zone | tax service bookkeeping | pipes,39.7401388888889,-104.92169444444447,61,73
colfax-ivanhoe,36,private office | yolo rum you only live once enjoy responsibly | private office lofty expectation llc e colfax ave | abyssinia ethiopian restaurant | private parking,39.7401388888889,-104.92169444444447,61,73
colfax-ivanhoe,37,studio home of myxed up media | mouna hair braiding beauty supply | open | yolo rum you only live once enjoy responsibly | phoencan kebab,39.7401388888889,-104.92169444444447,61,73
colfax-ivanhoe,38,yolo rum you only live once enjoy responsibly | yolo rum razz | piercings | private parking | closed,39.7401388888889,-104.92169444444447,61,73
colfax-ivanhoe,39,budweiser | liquor | open | private office lofty expectation llc e colfax ave | budweiser,39.7401388888889,-104.92169444444447,61,73
colfax-ivanhoe,40,tax service bookkeeping | yolo rum you only leave once original myxed up creations | contactless touchfree payments | mouna hair braiding beauty supply | street sweeping p this side 3rd tuesday apr thru nov 8am 5pm tow away zone,39.7401388888889,-104.92169444444447,61,73
colfax-ivanhoe,41,no parking any time tow away zone | private parking | contactless touchfree payments | fireball whisky | tax service bookkeeping,39.7401388888889,-104.92169444444447,61,73
colfax-ivanhoe,42,open | get some yolo rum | cash paid for old motorcycle dead or alive | abyssinia ethiopian restaurant | smile youre on camera,39.7401388888889,-104.92169444444447,61,73
colfax-ivanhoe,43,coors light | pipes | we buy junk cars | phoencan kebab | freaky tattoos,39.7401388888889,-104.92169444444447,61,73
colfax-ivanhoe,44,office | liquor | open | denver auto and paint | abyssinia ethiopian restaurant,39.7401388888889,-104.92169444444447,61,73
colfax-ivanhoe,45,liquor | yolo rum yummy | we buy junk cars | phoencan kebab | spot free rinse,39.7401388888889,-104.92169444444447,61,73
colfax-ivanhoe,46,taxes | back to the digital | serving the denver metro area fast effective and always advanced | liquor | open,39.7401388888889,-104.92169444444447,61,73
colfax-ivanhoe,47,peloton live studio fitness from the comfort of home | serving the denver metro area fast effective and always advanced | liquor | pure marijuana dispensary 8am midnight everyday 21 only | we buy junk cars,39.7401388888889,-104.92169444444447,61,73
colfax-ivanhoe,48,yolo rum razz | studio of yolo rum yolo podcast | private parking | we buy junk cars | abyssinia ethiopian restaurant,39.7401388888889,-104.92169444444447,61,73
colfax-ivanhoe,49,private office lofty expectation llc e colfax ave | monaco 2 shots in every can | taxes | office | no parking any time tow away zone,39.7401388888889,-104.92169444444447,61,73
colfax-logan,0,no parking any time | one way | road work ahead | 2 hr parking | one way,39.740027777777776,-104.98236111111112,49,56
colfax-logan,1,one way | no parking any time | 2 hr parking | one way | road work ahead,39.740027777777776,-104.98236111111112,49,56
colfax-logan,2,one way | 2 hr parking | no parking any time | one way | road work ahead,39.740027777777776,-104.98236111111112,49,56
colfax-logan,3,2 hr parking | road work ahead | one way | one way | no parking any time,39.740027777777776,-104.98236111111112,49,56
colfax-logan,4,one way | 2 hr parking | no parking any time | road work ahead | one way,39.740027777777776,-104.98236111111112,49,56
colfax-logan,5,one way | 2 hr parking | one way | no parking any time | road work ahead,39.740027777777776,-104.98236111111112,49,56
colfax-logan,6,road work ahead | one way | one way | no parking any time | 2 hr parking,39.740027777777776,-104.98236111111112,49,56
colfax-logan,7,2 hr parking | road work ahead | one way | no parking any time | one way,39.740027777777776,-104.98236111111112,49,56
colfax-logan,8,road work ahead | 2 hr parking | one way | no parking any time | one way,39.740027777777776,-104.98236111111112,49,56
colfax-logan,9,no parking any time | road work ahead | one way | one way | 2 hr parking,39.740027777777776,-104.98236111111112,49,56
colfax-logan,10,one way | 2 hr parking | one way | no parking any time | road work ahead,39.740027777777776,-104.98236111111112,49,56
colfax-logan,11,one way | road work ahead | no parking any time | 2 hr parking | one way,39.740027777777776,-104.98236111111112,49,56
colfax-logan,12,no parking any time | one way | 2 hr parking | one way | road work ahead,39.740027777777776,-104.98236111111112,49,56
colfax-logan,13,one way | no parking any time | one way | 2 hr parking | road work ahead,39.740027777777776,-104.98236111111112,49,56
colfax-logan,14,road work ahead | no parking any time | one way | 2 hr parking | one way,39.740027777777776,-104.98236111111112,49,56
colfax-logan,15,one way | road work ahead | 2 hr parking | one way | no parking any time,39.740027777777776,-104.98236111111112,49,56
colfax-logan,16,2 hr parking | one way | no parking any time | road work ahead | one way,39.740027777777776,-104.98236111111112,49,56
colfax-logan,17,one way | one way | no parking any time | road work ahead | 2 hr parking,39.740027777777776,-104.98236111111112,49,56
colfax-logan,18,road work ahead | no parking any time | one way | one way | 2 hr parking,39.740027777777776,-104.98236111111112,49,56
colfax-logan,19,road work ahead | 2 hr parking | no parking any time | one way | one way,39.740027777777776,-104.98236111111112,49,56
colfax-logan,20,one way | 2 hr parking | no parking any time | one way | road work ahead,39.740027777777776,-104.98236111111112,49,56
colfax-logan,21,road work ahead | one way | no parking any time | 2 hr parking | one way,39.740027777777776,-104.98236111111112,49,56
colfax-logan,22,one way | road work ahead | 2 hr parking | one way | no parking any time,39.740027777777776,-104.98236111111112,49,56
colfax-logan,23,road work ahead | 2 hr parking | no parking any time | one way | one way,39.740027777777776,-104.98236111111112,49,56
colfax-logan,24,one way | road work ahead | no parking any time | one way | 2 hr parking,39.740027777777776,-104.98236111111112,49,56
colfax-logan,25,one way | 2 hr parking | one way | no parking any time | road work ahead,39.740027777777776,-104.98236111111112,49,56
colfax-logan,26,one way | no parking any time | one way | road work ahead | 2 hr parking,39.740027777777776,-104.98236111111112,49,56
colfax-logan,27,no parking any time | one way | one way | road work ahead | 2 hr parking,39.740027777777776,-104.98236111111112,49,56
colfax-logan,28,one way | no parking any time | 2 hr parking | one way | road work ahead,39.740027777777776,-104.98236111111112,49,56
colfax-logan,29,2 hr parking | road work ahead | no parking any time | one way | one way,39.740027777777776,-104.98236111111112,49,56
colfax-logan,30,no parking any time | 2 hr parking | one way | road work ahead | one way,39.740027777777776,-104.98236111111112,49,56
colfax-logan,31,no parking any time | one way | 2 hr parking | road work ahead | one way,39.740027777777776,-104.98236111111112,49,56
colfax-logan,32,one way | road work ahead | no parking any time | 2 hr parking | one way,39.740027777777776,-104.98236111111112,49,56
colfax-logan,33,2 hr parking | road work ahead | no parking any time | one way | one way,39.740027777777776,-104.98236111111112,49,56
colfax-logan,34,no parking any time | one way | road work ahead | 2 hr parking | one way,39.740027777777776,-104.98236111111112,49,56
colfax-logan,35,one way | one way | 2 hr parking | no parking any time | road work ahead,39.740027777777776,-104.98236111111112,49,56
colfax-logan,36,no parking any time | road work ahead | one way | 2 hr parking | one way,39.740027777777776,-104.98236111111112,49,56
colfax-logan,37,one way | 2 hr parking | one way | no parking any time | road work ahead,39.740027777777776,-104.98236111111112,49,56
colfax-logan,38,one way | no parking any time | 2 hr parking | one way | road work ahead,39.740027777777776,-104.98236111111112,49,56
colfax-logan,39,one way | 2 hr parking | road work ahead | no parking any time | one way,39.740027777777776,-104.98236111111112,49,56
colfax-logan,40,no parking any time | one way | 2 hr parking | road work ahead | one way,39.740027777777776,-104.98236111111112,49,56
colfax-logan,41,one way | no parking any time | road work ahead | 2 hr parking | one way,39.740027777777776,-104.98236111111112,49,56
colfax-logan,42,road work ahead | no parking any time | one way | 2 hr parking | one way,39.740027777777776,-104.98236111111112,49,56
colfax-logan,43,no parking any time | one way | 2 hr parking | road work ahead | one way,39.740027777777776,-104.98236111111112,49,56
colfax-logan,44,road work ahead | one way | one way | no parking any time | 2 hr parking,39.740027777777776,-104.98236111111112,49,56
colfax-logan,45,2 hr parking | one way | one way | road work ahead | no parking any time,39.740027777777776,-104.98236111111112,49,56
colfax-logan,46,no parking any time | road work ahead | 2 hr parking | one way | one way,39.740027777777776,-104.98236111111112,49,56
colfax-logan,47,one way | 2 hr parking | road work ahead | one way | no parking any time,39.740027777777776,-104.98236111111112,49,56
colfax-logan,48,one way | no parking any time | road work ahead | 2 hr parking | one way,39.740027777777776,-104.98236111111112,49,56
colfax-logan,49,2 hr parking | one way | no parking any time | one way | road work ahead,39.740027777777776,-104.98236111111112,49,56
colfax-moline,0,storewide sale | milanesa de pollo | tortas tacos y burritos | money orders hielo | go america,39.74019444444444,-104.85411111111114,34,34
colfax-moline,1,masajes | crystal gas | money orders hielo | tacos el zacatecano | agencia de empleados en hoteleria,39.74019444444444,-104.85411111111114,34,34
colfax-moline,2,go america | storewide sale | cash 4 gold | metro by tmobile | milanesa de pollo,39.74019444444444,-104.85411111111114,34,34
colfax-moline,3,compramos ora | storewide sale | cash 4 gold | coffee phone cards | produce panderia,39.74019444444444,-104.85411111111114,34,34
colfax-moline,4,storewide sale | coffee phone cards | agencia de empleados en hoteleria | el mercado de colorado | tarjetas telefonicas,39.74019444444444,-104.85411111111114,34,34
colfax-moline,5,agencia de empleados en hoteleria | donuts | peoples pawn and jewlery | money orders hielo | we are open,39.74019444444444,-104.85411111111114,34,34
colfax-moline,6,metro by tmobile | money orders hielo | pawn shop | crystal gas | coffee phone cards,39.74019444444444,-104.85411111111114,34,34
colfax-moline,7,peoples pawn and jewlery | envio de dinero | taxes | cash 4 gold | coffee phone cards,39.74019444444444,-104.85411111111114,34,34
colfax-moline,8,agencia de empleados en hoteleria | envio de dinero | donuts | envio de dinero | insurance,39.74019444444444,-104.85411111111114,34,34
colfax-moline,9,metro by tmobile | we loan jewlery guns tvs | we loan jewlery guns tvs | tarjetas telefonicas | tacos,39.74019444444444,-104.85411111111114,34,34
colfax-moline,10,storewide sale | tacos jalapa | storewide sale | tacos | insurance,39.74019444444444,-104.85411111111114,34,34
colfax-moline,11,go america | milanesa de pollo | gold center compramos | metro by tmobile | cash 4 gold,39.74019444444444,-104.85411111111114,34,34
colfax-moline,12,pawn shop | tacos jalapa | tortas tacos y burritos | tarjetas telefonicas | go america,39.74019444444444,-104.85411111111114,34,34
colfax-moline,13,we loan jewlery guns tvs | money orders hielo | pawn shop | pawn shop | crystal gas,39.74019444444444,-104.85411111111114,34,34
colfax-moline,14,bienvenidos a la cascada | donuts | money orders hielo | crystal gas | coffee phone cards,39.74019444444444,-104.85411111111114,34,34
colfax-moline,15,cash 4 gold | gold center compramos | envio de dinero | we are open | we loan jewlery guns tvs,39.74019444444444,-104.85411111111114,34,34
colfax-moline,16,menudo | envio de dinero | menudo | go america | crystal gas,39.74019444444444,-104.85411111111114,34,34
colfax-moline,17,agencia de empleados en hoteleria | insurance | milk cigarrettes leche cigarros | tortas tacos y burritos | go america,39.74019444444444,-104.85411111111114,34,34
colfax-moline,18,tortas tacos y burritos | tacos tortas burritos sopes tripas lengua chorizo | we loan jewlery guns tvs | agencia de empleados en hoteleria | metro by tmobile,39.74019444444444,-104.85411111111114,34,34
colfax-moline,19,we loan jewlery guns tvs | masajes | compramos ora | tacos el zacatecano | crystal gas,39.74019444444444,-104.85411111111114,34,34
colfax-moline,20,peoples pawn and jewlery | tacos | risas dental braces | money orders hielo | peoples pawn and jewlery,39.74019444444444,-104.85411111111114,34,34
colfax-moline,21,taxes | donuts | coffee phone cards | crystal gas | peoples pawn and jewlery,39.74019444444444,-104.85411111111114,34,34
colfax-moline,22,menudo | milanesa de pollo | go america | tortas tacos y burritos | tacos,39.74019444444444,-104.85411111111114,34,34
colfax-moline,23,el mercado de colorado | go america | metro by tmobile | produce panderia | tacos el zacatecano,39.74019444444444,-104.85411111111114,34,34
colfax-moline,24,tarjetas telefonicas | tortas tacos y burritos | envio de dinero | storewide sale | produce panderia,39.74019444444444,-104.85411111111114,34,34
colfax-moline,25,bienvenidos a la cascada | we are open | produce panderia | tacos | envio de dinero,39.74019444444444,-104.85411111111114,34,34
colfax-moline,26,insurance | risas dental braces | tortilleria carnerceria | coffee phone cards | crystal gas,39.74019444444444,-104.85411111111114,34,34
colfax-moline,27,tarjetas telefonicas | tacos el zacatecano | compramos ora | go america | tacos tortas burritos sopes tripas lengua chorizo,39.74019444444444,-104.85411111111114,34,34
colfax-moline,28,we are open | tarjetas telefonicas | tacos el zacatecano | cash 4 gold | menudo,39.74019444444444,-104.85411111111114,34,34
colfax-moline,29,metro by tmobile | tortilleria carnerceria | taxes | pawn shop | peoples pawn and jewlery,39.74019444444444,-104.85411111111114,34,34
colfax-moline,30,envio de dinero | risas dental braces | produce panderia | donuts | moline corner store,39.74019444444444,-104.85411111111114,34,34
colfax-moline,31,tacos jalapa | donuts | tacos tortas burritos sopes tripas lengua chorizo | donuts | el mercado de colorado,39.74019444444444,-104.85411111111114,34,34
colfax-moline,32,envio de dinero | tarjetas telefonicas | tacos | produce panderia | produce panderia,39.74019444444444,-104.85411111111114,34,34
colfax-moline,33,tarjetas telefonicas | tacos | taxes | storewide sale | insurance,39.74019444444444,-104.85411111111114,34,34
colfax-moline,34,tacos tortas burritos sopes tripas lengua chorizo | tacos tortas burritos sopes tripas lengua chorizo | gold center compramos | metro by tmobile | agencia de empleados en hoteleria,39.74019444444444,-104.85411111111114,34,34
colfax-moline,35,coffee phone cards | produce panderia | moline corner store | el mercado de colorado | go america,39.74019444444444,-104.85411111111114,34,34
colfax-moline,36,envio de dinero | el mercado de colorado | peoples pawn and jewlery | crystal gas | donuts,39.74019444444444,-104.85411111111114,34,34
colfax-moline,37,tacos tortas burritos sopes tripas lengua chorizo | go america | masajes | menudo | tortilleria carnerceria,39.74019444444444,-104.85411111111114,34,34
colfax-moline,38,agencia de empleados en hoteleria | tortilleria carnerceria | taxes | produce panderia | produce panderia,39.74019444444444,-104.85411111111114,34,34
colfax-moline,39,insurance | envio de dinero | money orders hielo | el mercado de colorado | menudo,39.74019444444444,-104.85411111111114,34,34
colfax-moline,40,crystal gas | coffee phone cards | taxes | el mercado de colorado | taxes,39.74019444444444,-104.85411111111114,34,34
colfax-moline,41,tarjetas telefonicas | taxes | bienvenidos a la cascada | el mercado de colorado | insurance,39.74019444444444,-104.85411111111114,34,34
colfax-moline,42,crystal gas | tacos el zacatecano | crystal gas | we loan jewlery guns tvs | tacos el zacatecano,39.74019444444444,-104.85411111111114,34,34
colfax-moline,43,tortilleria carnerceria | tacos el zacatecano | bienvenidos a la cascada | coffee phone cards | bienvenidos a la cascada,39.74019444444444,-104.85411111111114,34,34
colfax-moline,44,menudo | agencia de empleados en hoteleria | tortilleria carnerceria | tacos tortas burritos sopes tripas lengua chorizo | insurance,39.74019444444444,-104.85411111111114,34,34
colfax-moline,45,envio de dinero | coffee phone cards | envio de dinero | envio de dinero | storewide sale,39.74019444444444,-104.85411111111114,34,34
colfax-moline,46,tacos el zacatecano | we are open | coffee phone cards | donuts | milk cigarrettes leche cigarros,39.74019444444444,-104.85411111111114,34,34
colfax-moline,47,crystal gas | go america | tarjetas telefonicas | menudo | tacos jalapa,39.74019444444444,-104.85411111111114,34,34
colfax-moline,48,milanesa de pollo | menudo | tortilleria carnerceria | tortas tacos y burritos | tacos el zacatecano,39.74019444444444,-104.85411111111114,34,34
colfax-moline,49,insurance | metro by tmobile | pawn shop | milk cigarrettes leche cigarros | we are open,39.74019444444444,-104.85411111111114,34,34
colfax-pennsylvannia,0,theride | private property | no parking | loading only | pennsylvania st 500e,39.74002777777777,-104.98108333333332,138,177
colfax-pennsylvannia,1,theride | pennsylvania st 500e | loading only | no parking | private property,39.74002777777777,-104.98108333333332,138,177
colfax-pennsylvannia,2,theride | pennsylvania st 500e | loading only | no parking | private property,39.74002777777777,-104.98108333333332,138,177
colfax-pennsylvannia,3,private property | theride | no parking | pennsylvania st 500e | loading only,39.74002777777777,-104.98108333333332,138,177
colfax-pennsylvannia,4,theride | private property | no parking | pennsylvania st 500e | loading only,39.74002777777777,-104.98108333333332,138,177
colfax-pennsylvannia,5,loading only | no parking | pennsylvania st 500e | private property | theride,39.74002777777777,-104.98108333333332,138,177
colfax-pennsylvannia,6,private property | loading only | no parking | theride | pennsylvania st 500e,39.74002777777777,-104.98108333333332,138,177
colfax-pennsylvannia,7,loading only | private property | pennsylvania st 500e | no parking | theride,39.74002777777777,-104.98108333333332,138,177
colfax-pennsylvannia,8,no parking | private property | theride | pennsylvania st 500e | loading only,39.74002777777777,-104.98108333333332,138,177
colfax-pennsylvannia,9,no parking | private property | pennsylvania st 500e | loading only | theride,39.74002777777777,-104.98108333333332,138,177
colfax-pennsylvannia,10,private property | pennsylvania st 500e | loading only | theride | no parking,39.74002777777777,-104.98108333333332,138,177
colfax-pennsylvannia,11,theride | loading only | pennsylvania st 500e | no parking | private property,39.74002777777777,-104.98108333333332,138,177
colfax-pennsylvannia,12,theride | private property | no parking | loading only | pennsylvania st 500e,39.74002777777777,-104.98108333333332,138,177
colfax-pennsylvannia,13,pennsylvania st 500e | loading only | theride | private property | no parking,39.74002777777777,-104.98108333333332,138,177
colfax-pennsylvannia,14,pennsylvania st 500e | theride | no parking | loading only | private property,39.74002777777777,-104.98108333333332,138,177
colfax-pennsylvannia,15,private property | pennsylvania st 500e | theride | loading only | no parking,39.74002777777777,-104.98108333333332,138,177
colfax-pennsylvannia,16,pennsylvania st 500e | loading only | theride | no parking | private property,39.74002777777777,-104.98108333333332,138,177
colfax-pennsylvannia,17,private property | no parking | pennsylvania st 500e | theride | loading only,39.74002777777777,-104.98108333333332,138,177
colfax-pennsylvannia,18,pennsylvania st 500e | loading only | private property | theride | no parking,39.74002777777777,-104.98108333333332,138,177
colfax-pennsylvannia,19,private property | no parking | loading only | theride | pennsylvania st 500e,39.74002777777777,-104.98108333333332,138,177
colfax-pennsylvannia,20,private property | loading only | pennsylvania st 500e | theride | no parking,39.74002777777777,-104.98108333333332,138,177
colfax-pennsylvannia,21,no parking | private property | loading only | pennsylvania st 500e | theride,39.74002777777777,-104.98108333333332,138,177
colfax-pennsylvannia,22,theride | loading only | pennsylvania st 500e | no parking | private property,39.74002777777777,-104.98108333333332,138,177
colfax-pennsylvannia,23,pennsylvania st 500e | no parking | private property | theride | loading only,39.74002777777777,-104.98108333333332,138,177
colfax-pennsylvannia,24,private property | pennsylvania st 500e | loading only | no parking | theride,39.74002777777777,-104.98108333333332,138,177
colfax-pennsylvannia,25,no parking | private property | pennsylvania st 500e | loading only | theride,39.74002777777777,-104.98108333333332,138,177
colfax-pennsylvannia,26,loading only | private property | no parking | theride | pennsylvania st 500e,39.74002777777777,-104.98108333333332,138,177
colfax-pennsylvannia,27,private property | loading only | theride | pennsylvania st 500e | no parking,39.74002777777777,-104.98108333333332,138,177
colfax-pennsylvannia,28,pennsylvania st 500e | theride | no parking | loading only | private property,39.74002777777777,-104.98108333333332,138,177
colfax-pennsylvannia,29,pennsylvania st 500e | no parking | private property | theride | loading only,39.74002777777777,-104.98108333333332,138,177
colfax-pennsylvannia,30,theride | private property | no parking | loading only | pennsylvania st 500e,39.74002777777777,-104.98108333333332,138,177
colfax-pennsylvannia,31,theride | pennsylvania st 500e | loading only | no parking | private property,39.74002777777777,-104.98108333333332,138,177
colfax-pennsylvannia,32,loading only | pennsylvania st 500e | theride | private property | no parking,39.74002777777777,-104.98108333333332,138,177
colfax-pennsylvannia,33,theride | private property | loading only | pennsylvania st 500e | no parking,39.74002777777777,-104.98108333333332,138,177
colfax-pennsylvannia,34,no parking | private property | loading only | pennsylvania st 500e | theride,39.74002777777777,-104.98108333333332,138,177
colfax-pennsylvannia,35,loading only | private property | theride | pennsylvania st 500e | no parking,39.74002777777777,-104.98108333333332,138,177
colfax-pennsylvannia,36,private property | loading only | no parking | theride | pennsylvania st 500e,39.74002777777777,-104.98108333333332,138,177
colfax-pennsylvannia,37,theride | loading only | no parking | pennsylvania st 500e | private property,39.74002777777777,-104.98108333333332,138,177
colfax-pennsylvannia,38,no parking | loading only | theride | private property | pennsylvania st 500e,39.74002777777777,-104.98108333333332,138,177
colfax-pennsylvannia,39,no parking | pennsylvania st 500e | private property | loading only | theride,39.74002777777777,-104.98108333333332,138,177
colfax-pennsylvannia,40,loading only | private property | pennsylvania st 500e | no parking | theride,39.74002777777777,-104.98108333333332,138,177
colfax-pennsylvannia,41,no parking | private property | loading only | pennsylvania st 500e | theride,39.74002777777777,-104.98108333333332,138,177
colfax-pennsylvannia,42,pennsylvania st 500e | loading only | no parking | private property | theride,39.74002777777777,-104.98108333333332,138,177
colfax-pennsylvannia,43,loading only | theride | no parking | pennsylvania st 500e | private property,39.74002777777777,-104.98108333333332,138,177
colfax-pennsylvannia,44,no parking | private property | loading only | pennsylvania st 500e | theride,39.74002777777777,-104.98108333333332,138,177
colfax-pennsylvannia,45,theride | private property | pennsylvania st 500e | loading only | no parking,39.74002777777777,-104.98108333333332,138,177
colfax-pennsylvannia,46,no parking | theride | pennsylvania st 500e | private property | loading only,39.74002777777777,-104.98108333333332,138,177
colfax-pennsylvannia,47,theride | private property | loading only | pennsylvania st 500e | no parking,39.74002777777777,-104.98108333333332,138,177
colfax-pennsylvannia,48,theride | pennsylvania st 500e | private property | no parking | loading only,39.74002777777777,-104.98108333333332,138,177
colfax-pennsylvannia,49,loading only | pennsylvania st 500e | theride | private property | no parking,39.74002777777777,-104.98108333333332,138,177
colfax-peoria,0,especialistas certificados laser | consulta gratis | especialistas certificados laser | family pack special monday 3099 | colfax ave peoria st,39.74025,-104.84697222222225,54,54
colfax-peoria,1,the ride | colfax ave peoria st | right lane must turn right | 15 minute oil change | all soul mobile braiding beauty salon,39.74025,-104.84697222222225,54,54
colfax-peoria,2,colfax ave peoria st | 7eleven | zephys | llanteria los vegas | preguna por las ofertas del mes,39.74025,-104.84697222222225,54,54
colfax-peoria,3,mon chalet mon chalet | go for gold with fresh oil | colfax ave peoria st | consulta gratis | smothered chicken burrito,39.74025,-104.84697222222225,54,54
colfax-peoria,4,salon centro americano | the ride | colfax ave peoria st | la mejor technologia laser | barbera y salon de belleza,39.74025,-104.84697222222225,54,54
colfax-peoria,5,go for gold with fresh oil | lunes sabado 1000 am 730 pm | right lane must turn right | colfax ave peoria st | right lane must turn right,39.74025,-104.84697222222225,54,54
colfax-peoria,6,colfax ave peoria st | 7 eleven phillips 66 diesel regular | new and used tires | ebt cash atm | open,39.74025,-104.84697222222225,54,54
colfax-peoria,7,llanteria los vegas | colfax ave peoria st | grease monkey grease monkey brakes fleets | door closed use other door | 7eleven,39.74025,-104.84697222222225,54,54
colfax-peoria,8,new and used tires | colfax ave peoria st | colfax ave peoria st | no no no no | cc hair braiding,39.74025,-104.84697222222225,54,54
colfax-peoria,9,coinop laundry | grease monkey preventative maintenece pros | music | colfax ave peoria st | music,39.74025,-104.84697222222225,54,54
colfax-peoria,10,ebt cash atm | wwwdanielslandscapellccom | yaelaser | colfax ave peoria st | peoria plaza coin laundromat laser clinic coin op laundry beauty salon mexican restaurant hair braiding mattress store,39.74025,-104.84697222222225,54,54
colfax-peoria,11,colfax ave peoria st | peoria plaza coin laundromat laser clinic coin op laundry beauty salon mexican restaurant hair braiding mattress store | door closed use other door | consulta gratis | coinop laundry,39.74025,-104.84697222222225,54,54
colfax-peoria,12,colfax ave peoria st | mon chalet mon chalet | new and used tires | buy 1 get 1 free whole pizza | preguna por las ofertas del mes,39.74025,-104.84697222222225,54,54
colfax-peoria,13,saturday sunday menudo | especialistas certificados laser | tune up alignment | barbera y salon de belleza | colfax ave peoria st,39.74025,-104.84697222222225,54,54
colfax-peoria,14,the ride | llanteria los vegas | colfax ave peoria st | peoria plaza coinop laundry | salon centro americano,39.74025,-104.84697222222225,54,54
colfax-peoria,15,salon centro americano | mon chalet mon chalet | 7eleven | colfax ave peoria st | go for gold with fresh oil,39.74025,-104.84697222222225,54,54
colfax-peoria,16,la mejor technologia laser | smothered chicken burrito | open | ebt cash atm | colfax ave peoria st,39.74025,-104.84697222222225,54,54
colfax-peoria,17,buy 1 get 1 free whole pizza | no no no no | colfax ave peoria st | salon centro americano | cc hair braiding,39.74025,-104.84697222222225,54,54
colfax-peoria,18,ebt cash atm | coinop laundry | colfax ave peoria st | showroom | go for gold with fresh oil,39.74025,-104.84697222222225,54,54
colfax-peoria,19,especialistas certificados laser | music | grease monkey grease monkey brakes fleets | colfax ave peoria st | especialistas certificados laser,39.74025,-104.84697222222225,54,54
colfax-peoria,20,la mejor technologia laser | colfax ave peoria st | phone accessories phone unlock phone repair computer repair money transfer pay bill atm | wwwdanielslandscapellccom | colorado colon hydrotherapy treatment,39.74025,-104.84697222222225,54,54
colfax-peoria,21,barbera y salon de belleza | open | colfax ave peoria st | yaelaser | luster carwash,39.74025,-104.84697222222225,54,54
colfax-peoria,22,new and used tires | 2 speed permapress washers dryers | no public restroom | 15 minute oil change | colfax ave peoria st,39.74025,-104.84697222222225,54,54
colfax-peoria,23,phone accessories phone unlock phone repair computer repair money transfer pay bill atm | no no no no | grease monkey preventative maintenece pros | colfax ave peoria st | phone accessories phone unlock phone repair computer repair money transfer pay bill atm,39.74025,-104.84697222222225,54,54
colfax-peoria,24,centro americano salon y barbera | daniels landscaping and design llc | cc hair braiding | colfax ave peoria st | new and used tires,39.74025,-104.84697222222225,54,54
colfax-peoria,25,colfax ave peoria st | grease monkey grease monkey brakes fleets | colfax ave peoria st | no no no no | open,39.74025,-104.84697222222225,54,54
colfax-peoria,26,suspension brakes | no public restroom | colfax ave peoria st | family pack special monday 3099 | centro americano salon y barbera,39.74025,-104.84697222222225,54,54
colfax-peoria,27,peoria plaza coin laundromat laser clinic coin op laundry beauty salon mexican restaurant hair braiding mattress store | colfax ave peoria st | smothered chicken burrito | go for gold with fresh oil | ebt cash atm,39.74025,-104.84697222222225,54,54
colfax-peoria,28,buy 1 get 1 free whole pizza | colfax ave peoria st | llanteria los vegas | especialistas certificados laser | 7eleven,39.74025,-104.84697222222225,54,54
colfax-peoria,29,lunes sabado 1000 am 730 pm | no public restroom | peoria plaza coinop laundry | colfax ave peoria st | daniels landscaping and design llc,39.74025,-104.84697222222225,54,54
colfax-peoria,30,colfax ave peoria st | centro americano salon y barbera | wwwdanielslandscapellccom | door closed use other door | door closed use other door,39.74025,-104.84697222222225,54,54
colfax-peoria,31,la mejor technologia laser | grease monkey grease monkey brakes fleets | suspension brakes tune up alignment | colfax ave peoria st | centro americano salon y barbera,39.74025,-104.84697222222225,54,54
colfax-peoria,32,colfax ave peoria st | ge featuring filterflo washers | colfax ave peoria st | go for gold with fresh oil | smothered chicken burrito,39.74025,-104.84697222222225,54,54
colfax-peoria,33,cc hair braiding | door closed use other door | family pack special monday 3099 | wwwdanielslandscapellccom | colfax ave peoria st,39.74025,-104.84697222222225,54,54
colfax-peoria,34,grease monkey preventative maintenece pros | colfax ave peoria st | zephys | no public restroom | new and used tires,39.74025,-104.84697222222225,54,54
colfax-peoria,35,go for gold with fresh oil | colfax ave peoria st | suspension brakes tune up alignment | 2 speed permapress washers dryers | cc hair braiding,39.74025,-104.84697222222225,54,54
colfax-peoria,36,15 minute oil change | no no no no | salon centro americano | colfax ave peoria st | saturday sunday menudo,39.74025,-104.84697222222225,54,54
colfax-peoria,37,colfax ave peoria st | no no no no | zephys | buy 5 get 5 free 5 piece bonein wings 799 | buy 5 get 5 free 5 piece bonein wings 799,39.74025,-104.84697222222225,54,54
colfax-peoria,38,15 minute oil change | colfax ave peoria st | liv well enlightened health | ge featuring filterflo washers | family pack special monday 3099,39.74025,-104.84697222222225,54,54
colfax-peoria,39,juans super pollo mexican rotiserrie | juans super pollo mexican rotiserrie | colfax ave peoria st | smothered chicken burrito | ge featuring filterflo washers,39.74025,-104.84697222222225,54,54
colfax-peoria,40,colfax ave peoria st | barbera y salon de belleza | wwwdanielslandscapellccom | the ride | open,39.74025,-104.84697222222225,54,54
colfax-peoria,41,no no no no | ask for the months special | colfax ave peoria st | salon centro americano | barberos elisitas profesionales,39.74025,-104.84697222222225,54,54
colfax-peoria,42,colfax ave peoria st | salon centro americano | consulta gratis | mon chalet mon chalet | new and used tires,39.74025,-104.84697222222225,54,54
colfax-peoria,43,open | barberos elisitas profesionales | colfax ave peoria st | phone accessories phone unlock phone repair computer repair money transfer pay bill atm | buy 5 get 5 free 5 piece bonein wings 799,39.74025,-104.84697222222225,54,54
colfax-peoria,44,colfax ave peoria st | go for gold with fresh oil | la mejor technologia laser | colorado colon hydrotherapy treatment | suspension brakes tune up alignment,39.74025,-104.84697222222225,54,54
colfax-peoria,45,llanteria los vegas | colfax ave peoria st | suspension brakes | peoria plaza coinop laundry | family pack special monday 3099,39.74025,-104.84697222222225,54,54
colfax-peoria,46,colfax ave peoria st | mon chalet mon chalet | daniels landscaping and design llc | wwwdanielslandscapellccom | saturday sunday menudo,39.74025,-104.84697222222225,54,54
colfax-peoria,47,ge featuring filterflo washers | colfax ave peoria st | no no no no | preguna por las ofertas del mes | music,39.74025,-104.84697222222225,54,54
colfax-peoria,48,salon centro americano | preguna por las ofertas del mes | suspension brakes tune up alignment | colfax ave peoria st | consulta gratis,39.74025,-104.84697222222225,54,54
colfax-peoria,49,music | colfax ave peoria st | mon chalet mon chalet | the ride | the ride,39.74025,-104.84697222222225,54,54
colfax-quebec,0,laundromat | junk removal free estimates | crossfit park hill | fried green tomatoes | chicken house buffalo style,39.74016666666667,-104.90347222222223,17,17
colfax-quebec,1,crossfit park hill | u dirty it we clean it | private propery no trespassing | jamaican jerk rasta gold | coin laundry,39.74016666666667,-104.90347222222223,17,17
colfax-quebec,2,abass hair supply | jamaican jerk rasta gold | crossfit park hill | jalapeno rings | coin laundry,39.74016666666667,-104.90347222222223,17,17
colfax-quebec,3,private propery no trespassing | chicken house buffalo style | u dirty it we clean it | coin laundry | u dirty it we clean it,39.74016666666667,-104.90347222222223,17,17
colfax-quebec,4,jamaican jerk rasta gold | alignment and tires | we buy junk cars | cash paid for old motorcycles dead or alive | abass hair supply,39.74016666666667,-104.90347222222223,17,17
colfax-quebec,5,u dirty it we clean it | private propery no trespassing | u dirty it we clean it | coin laundry | junk removal free estimates,39.74016666666667,-104.90347222222223,17,17
colfax-quebec,6,coin laundry | alignment and tires | fried green tomatoes | buffalo bills wings and things | abass hair supply,39.74016666666667,-104.90347222222223,17,17
colfax-quebec,7,coin laundry | jamaican jerk rasta gold | chicken house buffalo style | jalapeno rings | crossfit park hill,39.74016666666667,-104.90347222222223,17,17
colfax-quebec,8,we buy junk cars | we buy junk cars | buffalo bills wings and things | junk removal free estimates | junk removal free estimates,39.74016666666667,-104.90347222222223,17,17
colfax-quebec,9,jamaican jerk rasta gold | private propery no trespassing | hair supplies | coin laundry | jalapeno rings,39.74016666666667,-104.90347222222223,17,17
colfax-quebec,10,cash paid for old motorcycles dead or alive | jamaican jerk rasta gold | jamaican jerk rasta gold | junk removal free estimates | chicken house buffalo style,39.74016666666667,-104.90347222222223,17,17
colfax-quebec,11,coin laundry | laundromat | jalapeno rings | junk removal free estimates | coin laundry,39.74016666666667,-104.90347222222223,17,17
colfax-quebec,12,hair supplies | abass hair supply | alignment and tires | jalapeno rings | laundromat,39.74016666666667,-104.90347222222223,17,17
colfax-quebec,13,we buy junk cars | laundromat | hair supplies | hair supplies | alignment and tires,39.74016666666667,-104.90347222222223,17,17
colfax-quebec,14,chicken house buffalo style | buffalo bills wings and things | fried green tomatoes | u dirty it we clean it | laundromat,39.74016666666667,-104.90347222222223,17,17
colfax-quebec,15,coin laundry | laundromat | jamaican jerk rasta gold | fried green tomatoes | fried green tomatoes,39.74016666666667,-104.90347222222223,17,17
colfax-quebec,16,junk removal free estimates | jalapeno rings | abass hair supply | jalapeno rings | fried green tomatoes,39.74016666666667,-104.90347222222223,17,17
colfax-quebec,17,cash paid for old motorcycles dead or alive | chicken house buffalo style | abass hair supply | chicken house buffalo style | coin laundy roadside service,39.74016666666667,-104.90347222222223,17,17
colfax-quebec,18,private propery no trespassing | coin laundry | we buy junk cars | junk removal free estimates | jalapeno rings,39.74016666666667,-104.90347222222223,17,17
colfax-quebec,19,u dirty it we clean it | private propery no trespassing | alignment and tires | laundromat | chicken house buffalo style,39.74016666666667,-104.90347222222223,17,17
colfax-quebec,20,jamaican jerk rasta gold | fried green tomatoes | laundromat | jalapeno rings | coin laundry,39.74016666666667,-104.90347222222223,17,17
colfax-quebec,21,jamaican jerk rasta gold | abass hair supply | jamaican jerk rasta gold | we buy junk cars | coin laundy roadside service,39.74016666666667,-104.90347222222223,17,17
colfax-quebec,22,abass hair supply | u dirty it we clean it | alignment and tires | coin laundy roadside service | fried green tomatoes,39.74016666666667,-104.90347222222223,17,17
colfax-quebec,23,fried green tomatoes | private propery no trespassing | fried green tomatoes | abass hair supply | alignment and tires,39.74016666666667,-104.90347222222223,17,17
colfax-quebec,24,fried green tomatoes | chicken house buffalo style | buffalo bills wings and things | we buy junk cars | private propery no trespassing,39.74016666666667,-104.90347222222223,17,17
colfax-quebec,25,crossfit park hill | crossfit park hill | buffalo bills wings and things | cash paid for old motorcycles dead or alive | crossfit park hill,39.74016666666667,-104.90347222222223,17,17
colfax-quebec,26,private propery no trespassing | buffalo bills wings and things | coin laundy roadside service | laundromat | laundromat,39.74016666666667,-104.90347222222223,17,17
colfax-quebec,27,chicken house buffalo style | jamaican jerk rasta gold | private propery no trespassing | abass hair supply | abass hair supply,39.74016666666667,-104.90347222222223,17,17
colfax-quebec,28,coin laundy roadside service | junk removal free estimates | private propery no trespassing | fried green tomatoes | chicken house buffalo style,39.74016666666667,-104.90347222222223,17,17
colfax-quebec,29,jalapeno rings | fried green tomatoes | we buy junk cars | abass hair supply | coin laundy roadside service,39.74016666666667,-104.90347222222223,17,17
colfax-quebec,30,buffalo bills wings and things | laundromat | laundromat | private propery no trespassing | junk removal free estimates,39.74016666666667,-104.90347222222223,17,17
colfax-quebec,31,crossfit park hill | fried green tomatoes | buffalo bills wings and things | alignment and tires | junk removal free estimates,39.74016666666667,-104.90347222222223,17,17
colfax-quebec,32,laundromat | hair supplies | chicken house buffalo style | hair supplies | buffalo bills wings and things,39.74016666666667,-104.90347222222223,17,17
colfax-quebec,33,hair supplies | abass hair supply | junk removal free estimates | laundromat | coin laundy roadside service,39.74016666666667,-104.90347222222223,17,17
colfax-quebec,34,u dirty it we clean it | fried green tomatoes | hair supplies | cash paid for old motorcycles dead or alive | cash paid for old motorcycles dead or alive,39.74016666666667,-104.90347222222223,17,17
colfax-quebec,35,coin laundry | fried green tomatoes | we buy junk cars | abass hair supply | coin laundry,39.74016666666667,-104.90347222222223,17,17
colfax-quebec,36,crossfit park hill | crossfit park hill | cash paid for old motorcycles dead or alive | jamaican jerk rasta gold | buffalo bills wings and things,39.74016666666667,-104.90347222222223,17,17
colfax-quebec,37,junk removal free estimates | u dirty it we clean it | laundromat | crossfit park hill | chicken house buffalo style,39.74016666666667,-104.90347222222223,17,17
colfax-quebec,38,alignment and tires | coin laundry | coin laundy roadside service | laundromat | cash paid for old motorcycles dead or alive,39.74016666666667,-104.90347222222223,17,17
colfax-quebec,39,u dirty it we clean it | junk removal free estimates | junk removal free estimates | laundromat | abass hair supply,39.74016666666667,-104.90347222222223,17,17
colfax-quebec,40,junk removal free estimates | alignment and tires | coin laundy roadside service | jalapeno rings | junk removal free estimates,39.74016666666667,-104.90347222222223,17,17
colfax-quebec,41,buffalo bills wings and things | hair supplies | alignment and tires | abass hair supply | laundromat,39.74016666666667,-104.90347222222223,17,17
colfax-quebec,42,crossfit park hill | coin laundy roadside service | jamaican jerk rasta gold | hair supplies | buffalo bills wings and things,39.74016666666667,-104.90347222222223,17,17
colfax-quebec,43,coin laundry | coin laundy roadside service | u dirty it we clean it | hair supplies | we buy junk cars,39.74016666666667,-104.90347222222223,17,17
colfax-quebec,44,jalapeno rings | jamaican jerk rasta gold | chicken house buffalo style | coin laundry | buffalo bills wings and things,39.74016666666667,-104.90347222222223,17,17
colfax-quebec,45,laundromat | we buy junk cars | cash paid for old motorcycles dead or alive | private propery no trespassing | coin laundy roadside service,39.74016666666667,-104.90347222222223,17,17
colfax-quebec,46,cash paid for old motorcycles dead or alive | crossfit park hill | fried green tomatoes | jamaican jerk rasta gold | u dirty it we clean it,39.74016666666667,-104.90347222222223,17,17
colfax-quebec,47,chicken house buffalo style | u dirty it we clean it | laundromat | buffalo bills wings and things | fried green tomatoes,39.74016666666667,-104.90347222222223,17,17
colfax-quebec,48,alignment and tires | junk removal free estimates | buffalo bills wings and things | abass hair supply | fried green tomatoes,39.74016666666667,-104.90347222222223,17,17
colfax-quebec,49,cash paid for old motorcycles dead or alive | u dirty it we clean it | alignment and tires | hair supplies | fried green tomatoes,39.74016666666667,-104.90347222222223,17,17
colfax-quentin,0,this should not be a bed donate today comiris crisis center | only | university of colorado university of colorado anschutz medical campus childrens hospital colorado uchealth | colfax ave | only,39.74027777777778,-104.84466666666667,29,40
colfax-quentin,1,only | colfax ave | suite 1100 | university of colorado university of colorado anschutz medical campus childrens hospital colorado uchealth | only,39.74027777777778,-104.84466666666667,29,40
colfax-quentin,2,only | colfax ave | 15 tower road | university of colorado university of colorado anschutz medical campus childrens hospital colorado uchealth | only,39.74027777777778,-104.84466666666667,29,40
colfax-quentin,3,only | only | university of colorado university of colorado anschutz medical campus childrens hospital colorado uchealth | colfax ave | only,39.74027777777778,-104.84466666666667,29,40
colfax-quentin,4,only | preleasing fall 2023 new | university of colorado university of colorado anschutz medical campus childrens hospital colorado uchealth | only | colfax ave,39.74027777777778,-104.84466666666667,29,40
colfax-quentin,5,colfax ave | university of colorado university of colorado anschutz medical campus childrens hospital colorado uchealth | only | only | live liveatfellowcom,39.74027777777778,-104.84466666666667,29,40
colfax-quentin,6,university of colorado university of colorado anschutz medical campus childrens hospital colorado uchealth | only | alliance contruction solutions | colfax ave | only,39.74027777777778,-104.84466666666667,29,40
colfax-quentin,7,university of colorado university of colorado anschutz medical campus childrens hospital colorado uchealth | only | only | only | colfax ave,39.74027777777778,-104.84466666666667,29,40
colfax-quentin,8,university of colorado university of colorado anschutz medical campus childrens hospital colorado uchealth | only | only | this should not be a bed donate today comiris crisis center | colfax ave,39.74027777777778,-104.84466666666667,29,40
colfax-quentin,9,university of colorado university of colorado anschutz medical campus childrens hospital colorado uchealth | colfax ave | only | tyvek tyvek tyvek tyvek tyvek tyvek tyvektyvek tyvek tyvek tyvek tyvek tyvek tyvektyvek tyvek tyvek tyvek tyvek tyvek tyvektyvek tyvek tyvek tyvek tyvek tyvek tyvektyvek tyvek tyvek tyvek tyvek tyvek tyvektyvek tyvek tyvek tyvek tyvek tyvek tyvektyvek tyvek tyvek tyvek tyvek tyvek tyvektyvek tyvek tyvek tyvek tyvek tyvek tyvektyvek tyvek tyvek tyvek tyvek tyvek tyvektyvek tyvek tyvek tyvek tyvek tyvek tyvektyvek tyvek tyvek tyvek tyvek tyvek tyvektyvek tyvek tyvek tyvek tyvek tyvek tyvektyvek tyvek tyvek tyvek tyvek tyvek tyvektyvek tyvek tyvek tyvek tyvek tyvek tyvektyvek tyvek tyvek tyvek tyvek tyvek tyvektyvek tyvek tyvek tyvek tyvek tyvek tyvektyvek tyvek tyvek tyvek tyvek tyvek tyvektyvek tyvek tyvek tyvek tyvek tyvek tyvektyvek tyvek tyvek tyvek tyvek tyvek tyvektyvek tyvek tyvek tyvek tyvek tyvek tyvek | only,39.74027777777778,-104.84466666666667,29,40
colfax-quentin,10,only | only | colfax ave | quentin st | university of colorado university of colorado anschutz medical campus childrens hospital colorado uchealth,39.74027777777778,-104.84466666666667,29,40
colfax-quentin,11,mpc multifamily office healthcare wwwmpconstructcom | only | colfax ave | university of colorado university of colorado anschutz medical campus childrens hospital colorado uchealth | only,39.74027777777778,-104.84466666666667,29,40
colfax-quentin,12,only | colfax ave | fellow at fitz now leasing liveatfellowcom | university of colorado university of colorado anschutz medical campus childrens hospital colorado uchealth | only,39.74027777777778,-104.84466666666667,29,40
colfax-quentin,13,university of colorado university of colorado anschutz medical campus childrens hospital colorado uchealth | only | fellow at fitz | colfax ave | only,39.74027777777778,-104.84466666666667,29,40
colfax-quentin,14,only | lane ends at peoria | only | colfax ave | university of colorado university of colorado anschutz medical campus childrens hospital colorado uchealth,39.74027777777778,-104.84466666666667,29,40
colfax-quentin,15,only | colfax ave | bistro | only | university of colorado university of colorado anschutz medical campus childrens hospital colorado uchealth,39.74027777777778,-104.84466666666667,29,40
colfax-quentin,16,only | colfax ave | university of colorado university of colorado anschutz medical campus childrens hospital colorado uchealth | only | only,39.74027777777778,-104.84466666666667,29,40
colfax-quentin,17,colfax ave | only | university of colorado university of colorado anschutz medical campus childrens hospital colorado uchealth | alliance construction solutions | only,39.74027777777778,-104.84466666666667,29,40
colfax-quentin,18,colfax ave | university of colorado university of colorado anschutz medical campus childrens hospital colorado uchealth | tyvek tyvek tyvek tyvek tyvek tyvek tyvektyvek tyvek tyvek tyvek tyvek tyvek tyvektyvek tyvek tyvek tyvek tyvek tyvek tyvektyvek tyvek tyvek tyvek tyvek tyvek tyvektyvek tyvek tyvek tyvek tyvek tyvek tyvektyvek tyvek tyvek tyvek tyvek tyvek tyvektyvek tyvek tyvek tyvek tyvek tyvek tyvektyvek tyvek tyvek tyvek tyvek tyvek tyvektyvek tyvek tyvek tyvek tyvek tyvek tyvektyvek tyvek tyvek tyvek tyvek tyvek tyvektyvek tyvek tyvek tyvek tyvek tyvek tyvektyvek tyvek tyvek tyvek tyvek tyvek tyvektyvek tyvek tyvek tyvek tyvek tyvek tyvektyvek tyvek tyvek tyvek tyvek tyvek tyvektyvek tyvek tyvek tyvek tyvek tyvek tyvektyvek tyvek tyvek tyvek tyvek tyvek tyvektyvek tyvek tyvek tyvek tyvek tyvek tyvektyvek tyvek tyvek tyvek tyvek tyvek tyvektyvek tyvek tyvek tyvek tyvek tyvek tyvektyvek tyvek tyvek tyvek tyvek tyvek tyvek | only | only,39.74027777777778,-104.84466666666667,29,40
colfax-quentin,19,ktg architecture planning | colfax ave | only | only | university of colorado university of colorado anschutz medical campus childrens hospital colorado uchealth,39.74027777777778,-104.84466666666667,29,40
colfax-quentin,20,only | only | colfax ave | modern market eatery | university of colorado university of colorado anschutz medical campus childrens hospital colorado uchealth,39.74027777777778,-104.84466666666667,29,40
colfax-quentin,21,university of colorado university of colorado anschutz medical campus childrens hospital colorado uchealth | only | only | colfax ave | suite 1100,39.74027777777778,-104.84466666666667,29,40
colfax-quentin,22,tyvek tyvek tyvek tyvek tyvek tyvek tyvektyvek tyvek tyvek tyvek tyvek tyvek tyvektyvek tyvek tyvek tyvek tyvek tyvek tyvektyvek tyvek tyvek tyvek tyvek tyvek tyvektyvek tyvek tyvek tyvek tyvek tyvek tyvektyvek tyvek tyvek tyvek tyvek tyvek tyvektyvek tyvek tyvek tyvek tyvek tyvek tyvektyvek tyvek tyvek tyvek tyvek tyvek tyvektyvek tyvek tyvek tyvek tyvek tyvek tyvektyvek tyvek tyvek tyvek tyvek tyvek tyvektyvek tyvek tyvek tyvek tyvek tyvek tyvektyvek tyvek tyvek tyvek tyvek tyvek tyvektyvek tyvek tyvek tyvek tyvek tyvek tyvektyvek tyvek tyvek tyvek tyvek tyvek tyvektyvek tyvek tyvek tyvek tyvek tyvek tyvektyvek tyvek tyvek tyvek tyvek tyvek tyvektyvek tyvek tyvek tyvek tyvek tyvek tyvektyvek tyvek tyvek tyvek tyvek tyvek tyvektyvek tyvek tyvek tyvek tyvek tyvek tyvektyvek tyvek tyvek tyvek tyvek tyvek tyvek | only | only | colfax ave | university of colorado university of colorado anschutz medical campus childrens hospital colorado uchealth,39.74027777777778,-104.84466666666667,29,40
colfax-quentin,23,university of colorado university of colorado anschutz medical campus childrens hospital colorado uchealth | hyatt house | only | colfax ave | only,39.74027777777778,-104.84466666666667,29,40
colfax-quentin,24,university of colorado university of colorado anschutz medical campus childrens hospital colorado uchealth | suite 1100 | only | only | colfax ave,39.74027777777778,-104.84466666666667,29,40
colfax-quentin,25,colfax ave | university of colorado university of colorado anschutz medical campus childrens hospital colorado uchealth | only | only | ktg architecture planning,39.74027777777778,-104.84466666666667,29,40
colfax-quentin,26,colfax ave | willscot | only | only | university of colorado university of colorado anschutz medical campus childrens hospital colorado uchealth,39.74027777777778,-104.84466666666667,29,40
colfax-quentin,27,university of colorado university of colorado anschutz medical campus childrens hospital colorado uchealth | only | only | colfax ave | university of colorado university of colorado anschutz medical campus childrens hospital colorado uchealth,39.74027777777778,-104.84466666666667,29,40
colfax-quentin,28,university of colorado university of colorado anschutz medical campus childrens hospital colorado uchealth | only | colfax ave | only | only,39.74027777777778,-104.84466666666667,29,40
colfax-quentin,29,colfax ave | only | land for sale 25 acres commerical land | university of colorado university of colorado anschutz medical campus childrens hospital colorado uchealth | only,39.74027777777778,-104.84466666666667,29,40
colfax-quentin,30,colfax ave | university of colorado university of colorado anschutz medical campus childrens hospital colorado uchealth | only | only | only,39.74027777777778,-104.84466666666667,29,40
colfax-quentin,31,mpc multifamily office healthcare wwwmpconstructcom | only | university of colorado university of colorado anschutz medical campus childrens hospital colorado uchealth | only | colfax ave,39.74027777777778,-104.84466666666667,29,40
colfax-quentin,32,only | colfax ave | only | citywide banks a division of htfl banks | university of colorado university of colorado anschutz medical campus childrens hospital colorado uchealth,39.74027777777778,-104.84466666666667,29,40
colfax-quentin,33,colfax ave | only | only | university of colorado university of colorado anschutz medical campus childrens hospital colorado uchealth | only,39.74027777777778,-104.84466666666667,29,40
colfax-quentin,34,only | 15 tower road | colfax ave | university of colorado university of colorado anschutz medical campus childrens hospital colorado uchealth | only,39.74027777777778,-104.84466666666667,29,40
colfax-quentin,35,university of colorado university of colorado anschutz medical campus childrens hospital colorado uchealth | colfax ave | only | only | citywide banks a division of htfl banks,39.74027777777778,-104.84466666666667,29,40
colfax-quentin,36,only | fellow at fitz | colfax ave | only | university of colorado university of colorado anschutz medical campus childrens hospital colorado uchealth,39.74027777777778,-104.84466666666667,29,40
colfax-quentin,37,only | alliance construction solutions | university of colorado university of colorado anschutz medical campus childrens hospital colorado uchealth | only | colfax ave,39.74027777777778,-104.84466666666667,29,40
colfax-quentin,38,only | fellow at fitz | only | university of colorado university of colorado anschutz medical campus childrens hospital colorado uchealth | colfax ave,39.74027777777778,-104.84466666666667,29,40
colfax-quentin,39,colfax ave | university of colorado university of colorado anschutz medical campus childrens hospital colorado uchealth | only | only | fellow at fitz now leasing liveatfellowcom,39.74027777777778,-104.84466666666667,29,40
colfax-quentin,40,only | colfax ave | only | modern market eatery | university of colorado university of colorado anschutz medical campus childrens hospital colorado uchealth,39.74027777777778,-104.84466666666667,29,40
colfax-quentin,41,only | this should not be a bed donate today comiris crisis center | colfax ave | only | university of colorado university of colorado anschutz medical campus childrens hospital colorado uchealth,39.74027777777778,-104.84466666666667,29,40
colfax-quentin,42,university of colorado university of colorado anschutz medical campus childrens hospital colorado uchealth | only | only | colfax ave | lane ends at peoria,39.74027777777778,-104.84466666666667,29,40
colfax-quentin,43,only | colfax ave | only | colfax ave | university of colorado university of colorado anschutz medical campus childrens hospital colorado uchealth,39.74027777777778,-104.84466666666667,29,40
colfax-quentin,44,university of colorado university of colorado anschutz medical campus childrens hospital colorado uchealth | hours monday friday 9 am 5 pm | colfax ave | only | only,39.74027777777778,-104.84466666666667,29,40
colfax-quentin,45,colfax ave | citywide banks a division of htfl banks | only | only | university of colorado university of colorado anschutz medical campus childrens hospital colorado uchealth,39.74027777777778,-104.84466666666667,29,40
colfax-quentin,46,only | only | colfax ave | university of colorado university of colorado anschutz medical campus childrens hospital colorado uchealth | alliance contruction solutions,39.74027777777778,-104.84466666666667,29,40
colfax-quentin,47,university of colorado university of colorado anschutz medical campus childrens hospital colorado uchealth | bistro | colfax ave | only | only,39.74027777777778,-104.84466666666667,29,40
colfax-quentin,48,university of colorado university of colorado anschutz medical campus childrens hospital colorado uchealth | colfax ave | only | only | live liveatfellowcom,39.74027777777778,-104.84466666666667,29,40
colfax-quentin,49,only | university of colorado university of colorado anschutz medical campus childrens hospital colorado uchealth | hours monday friday 9 am 5 pm | colfax ave | only,39.74027777777778,-104.84466666666667,29,40
colfax-quitman,0,one way | quitman st | savmore auto sales | road work ahead | one way,39.74041666666666,-105.04052777777778,66,81
colfax-quitman,1,walk ride roll support local businesses during construction | high noon | p short term drop off only | no parking any time | welcome,39.74041666666666,-105.04052777777778,66,81
colfax-quitman,2,illegally parked vehicles will be towed at vehicle owners expense and srisk | do not enter one way | street sweeping p this side 3rd wednesday apr thru nov 8am 5pm tow away zone | welcome | no parking any time tow away zone,39.74041666666666,-105.04052777777778,66,81
colfax-quitman,3,west colfax downtown 33 slaons lake park 02 lakewood gulch 03 | michelob ultra low car light beer | walk ride roll support local businesses during construction | notice no trespassing | outfront,39.74041666666666,-105.04052777777778,66,81
colfax-quitman,4,street sweeping p this side 3rd tuesday apr thru nov 8am 5pm tow away zone | michelob ultra low car light beer | notice | quitman st | amazing moves,39.74041666666666,-105.04052777777778,66,81
colfax-quitman,5,street sweeping p this side 3rd wednesday apr thru nov 8am 5pm tow away zone | 20 minute parking loading and unloading only | west colfax downtown 33 slaons lake park 02 lakewood gulch 03 | citywide speed limit 20 unless otherwise posted | illegally parked vehicles will be towed at vehicle owners expense and srisk,39.74041666666666,-105.04052777777778,66,81
colfax-quitman,6,notice no trespassing | perry st station | notice | warning 24hour surveillance | w colfax ave 1500 n,39.74041666666666,-105.04052777777778,66,81
colfax-quitman,7,no parking loading zone | no parking any time tow away zone | honey bucket honey bucket | street sweeping p this side 2nd wednesday apr thru nov 8am 5pm tow away zone | tobins liquor liquor tobins liquor,39.74041666666666,-105.04052777777778,66,81
colfax-quitman,8,street sweeping p this side 3rd tuesday apr thru nov 8am 5pm tow away zone | no parking any time tow away zone | fireball whisky available cold | notice no trespassing | no parking any time tow away zone,39.74041666666666,-105.04052777777778,66,81
colfax-quitman,9,no smoking | atd | no parking any time tow away zone | warning 24hour surveillance | the ride,39.74041666666666,-105.04052777777778,66,81
colfax-quitman,10,w colfax ave 1500 n | adoptaspot keep denver beautiful program adopted by the romerojones family | honey bucket honey bucket | atd | savmore auto sales,39.74041666666666,-105.04052777777778,66,81
colfax-quitman,11,no parking any time tow away zone | the macallan | m | one way | quitman st,39.74041666666666,-105.04052777777778,66,81
colfax-quitman,12,cutwater real spirits real cocktails | perry st station | fat tire | the macallan | savmore auot sales 8920633 4120,39.74041666666666,-105.04052777777778,66,81
colfax-quitman,13,no trespassing | no parking any time tow away zone | jose cuervo especial | jose cuervo especial | open,39.74041666666666,-105.04052777777778,66,81
colfax-quitman,14,quitman st | w colfax ave 1500 n | passenger loading only all times | citywide speed limit 20 unless otherwise posted | 1 hr parking 8am 6pm sun hol excl,39.74041666666666,-105.04052777777778,66,81
colfax-quitman,15,the macallan | bud light | no smoking | passenger loading only all times | m mcdonalds,39.74041666666666,-105.04052777777778,66,81
colfax-quitman,16,the ride | quitman st | sidewalk closed | tobins liquor liquor tobins liquor | jose cuervo especial,39.74041666666666,-105.04052777777778,66,81
colfax-quitman,17,w colfax ave 1500 n | atd | no parking any time tow away zone | the ride | honey bucket honey bucket,39.74041666666666,-105.04052777777778,66,81
colfax-quitman,18,1 hr parking 8am 6pm sun hol excl | no parking any time tow away zone | the ride | p short term drop off only | warning security cameras in use,39.74041666666666,-105.04052777777778,66,81
colfax-quitman,19,west colfax downtown 33 slaons lake park 02 lakewood gulch 03 | p short term drop off only | street sweeping p this side 3rd tuesday apr thru nov 8am 5pm tow away zone | atd | no parking any time tow away zone,39.74041666666666,-105.04052777777778,66,81
colfax-quitman,20,no parking any time tow away zone | stop | no loitering soliciting trespassing | street sweeping p this side 2nd wednesday apr thru nov 8am 5pm tow away zone | street sweeping p this side 2nd wednesday apr thru nov 8am 5pm tow away zone,39.74041666666666,-105.04052777777778,66,81
colfax-quitman,21,cutwater real spirits real cocktails | jose cuervo especial | bud light | baby kids food that goes the distance little spoon littlespooncom | odell,39.74041666666666,-105.04052777777778,66,81
colfax-quitman,22,warning 24hour surveillance | michelob ultra low car light beer | no parking any time tow away zone | street sweeping p this side 3rd wednesday apr thru nov 8am 5pm tow away zone | do not enter one way,39.74041666666666,-105.04052777777778,66,81
colfax-quitman,23,no loitering soliciting trespassing | odell | road work ahead | no parking any time tow away zone | no parking loading zone,39.74041666666666,-105.04052777777778,66,81
colfax-quitman,24,stop | honey bucket | no parking any time | savmore auot sales 8920633 4120 | delivery kroger order groceries on line proudly serving king soopers kroger delivery proudly serving king soopers order groceries,39.74041666666666,-105.04052777777778,66,81
colfax-quitman,25,no loitering soliciting trespassing | stop | atd | no parking loading zone | road work ahead,39.74041666666666,-105.04052777777778,66,81
colfax-quitman,26,m mcdonalds | illegally parked vehicles will be towed at vehicle owners expense and srisk | welcome | no loitering soliciting trespassing | no smoking,39.74041666666666,-105.04052777777778,66,81
colfax-quitman,27,road work ahead | m | notice | street sweeping p this side 3rd wednesday apr thru nov 8am 5pm tow away zone | riki,39.74041666666666,-105.04052777777778,66,81
colfax-quitman,28,1 hr parking 8am 6pm sun hol excl | walk ride roll support local businesses during construction | atd | adoptaspot keep denver beautiful program adopted by the romerojones family | w colfax ave 1500 n,39.74041666666666,-105.04052777777778,66,81
colfax-quitman,29,baby kids food that goes the distance little spoon littlespooncom | warning security cameras in use | high noon | the macallan | west colfax downtown 33 slaons lake park 02 lakewood gulch 03,39.74041666666666,-105.04052777777778,66,81
colfax-quitman,30,buses only | stop | no smoking | fireball whisky available cold | welcome,39.74041666666666,-105.04052777777778,66,81
colfax-quitman,31,w colfax ave 1500 n | 20 minute parking loading and unloading only | savmore auot sales 8920633 4120 | stop | west colfax downtown 33 slaons lake park 02 lakewood gulch 03,39.74041666666666,-105.04052777777778,66,81
colfax-quitman,32,amazing moves | no parking any time tow away zone | atd | notice | no parking any time tow away zone,39.74041666666666,-105.04052777777778,66,81
colfax-quitman,33,denver health sloans lake primary care center | no parking any time tow away zone | stop | no litering trespassing | no parking any time tow away zone,39.74041666666666,-105.04052777777778,66,81
colfax-quitman,34,no parking loading zone | m mcdonalds | delivery kroger order groceries on line proudly serving king soopers kroger delivery proudly serving king soopers order groceries | illegally parked vehicles will be towed at vehicle owners expense and srisk | no smoking,39.74041666666666,-105.04052777777778,66,81
colfax-quitman,35,welcome | outfront | bud light | fdc | warning security cameras in use,39.74041666666666,-105.04052777777778,66,81
colfax-quitman,36,the ride | no parking any time tow away zone | m mcdonalds | no parking any time tow away zone | budlight,39.74041666666666,-105.04052777777778,66,81
colfax-quitman,37,street sweeping p this side 2nd tuesday april thru nov 8am 5pm tow away zone | street sweeping p this side 3rd wednesday apr thru nov 8am 5pm tow away zone | the ride | no smoking | notice no trespassing,39.74041666666666,-105.04052777777778,66,81
colfax-quitman,38,fat tire | atd | honey bucket honey bucket | no parking any time tow away zone | no parking any time tow away zone,39.74041666666666,-105.04052777777778,66,81
colfax-quitman,39,one way | warning security cameras in use | warning 24hour surveillance | sidewalk closed | illegally parked vehicles will be towed at vehicle owners expense and srisk,39.74041666666666,-105.04052777777778,66,81
colfax-quitman,40,fat tire | delivery kroger order groceries on line proudly serving king soopers kroger delivery proudly serving king soopers order groceries | do not enter one way | no parking any time tow away zone | no parking any time tow away zone,39.74041666666666,-105.04052777777778,66,81
colfax-quitman,41,no parking any time tow away zone | passenger loading only all times | business access | bud light | 1 hr parking 8am 6pm sun hol excl,39.74041666666666,-105.04052777777778,66,81
colfax-quitman,42,no parking any time | street sweeping p this side 3rd wednesday apr thru nov 8am 5pm tow away zone | adoptaspot keep denver beautiful program adopted by the romerojones family | warning 24hour surveillance | sidewalk closed,39.74041666666666,-105.04052777777778,66,81
colfax-quitman,43,bud light | sidewalk closed | the ride | street sweeping p this side 3rd wednesday apr thru nov 8am 5pm tow away zone | no trespassing,39.74041666666666,-105.04052777777778,66,81
colfax-quitman,44,perry st station | west colfax downtown 33 slaons lake park 02 lakewood gulch 03 | welcome | fireball whisky available cold | harmony apts 1545 quitman,39.74041666666666,-105.04052777777778,66,81
colfax-quitman,45,no parking any time tow away zone | budlight | street sweeping p this side 3rd wednesday apr thru nov 8am 5pm tow away zone | no parking any time tow away zone | do not enter one way,39.74041666666666,-105.04052777777778,66,81
colfax-quitman,46,street sweeping p this side 2nd wednesday apr thru nov 8am 5pm tow away zone | welcome | honey bucket | fat tire | warning security cameras in use,39.74041666666666,-105.04052777777778,66,81
colfax-quitman,47,illegally parked vehicles will be towed at vehicle owners expense and srisk | 1 hr parking 8am 6pm sun hol excl | perry st station | denver health sloans lake primary care center | notice no trespassing loitering soliciting on this property,39.74041666666666,-105.04052777777778,66,81
colfax-quitman,48,the ride | buses only | fat tire | adoptaspot keep denver beautiful program adopted by the romerojones family | perry st station,39.74041666666666,-105.04052777777778,66,81
colfax-quitman,49,warning 24hour surveillance | 20 minute parking loading and unloading only | street sweeping p this side 3rd wednesday apr thru nov 8am 5pm tow away zone | riki | outfront,39.74041666666666,-105.04052777777778,66,81
colfax-vrain,0,circa west | advanced auto parts | street sweeping p this side 2nd wednesday apr thru nov 8am 5pm tow away zone | no parking any time tow awawy zone | vrain st,39.74030555555556,-105.04630555555558,39,51
colfax-vrain,1,street sweeping p this side 2nd tuesday april thru nov 8am 5pm tow away zone | circa west | 4500 w colfax | street sweeping no parking 2 am 6 am tow away zone | original glam beauty iv lounge,39.74030555555556,-105.04630555555558,39,51
colfax-vrain,2,street sweeping p this side 2nd wednesday apr thru nov 8am 5pm tow away zone | reserved parking employees only | no parking any time tow away zone | citywide speed limit 20 unless otherwise posted | 2 hr parkiing 8 am 6 pm sat sun hol exc,39.74030555555556,-105.04630555555558,39,51
colfax-vrain,3,levis auto sales levisautosalescom | no parking any time tow away zone | ramos law official injury law firm partner of broncos country | advanced auto parts | for sale goodman commercial brokerage management wwwgoodmancommrecom mark goodman drew goodman,39.74030555555556,-105.04630555555558,39,51
colfax-vrain,4,original glam beauty iv lounge | no parking any time tow away zone | street sweeping p this side 2nd wednesday apr thru nov 8am 5pm tow away zone | 4653 w colfax ave | duality,39.74030555555556,-105.04630555555558,39,51
colfax-vrain,5,colfax ave | circa west | park here for little man ice cream | original glam beauty iv lounge | circa west,39.74030555555556,-105.04630555555558,39,51
colfax-vrain,6,cocktails coffee cocktails coffee side pony | original glam beauty iv lounge | no parking any time tow away zone | outfront | get on your mat matbased resistence and cardio training power vinyasa yoga,39.74030555555556,-105.04630555555558,39,51
colfax-vrain,7,no parking any time tow away zone | circa west | 2hr parking 8 am 6 pm sat sun hol exc | no parking any time tow away zone | outfront,39.74030555555556,-105.04630555555558,39,51
colfax-vrain,8,2hr parking 8 am 6 pm sat sun hol exc | duality | park here for little man ice cream | street sweeping no parking 2 am 6 am tow away zone | duality,39.74030555555556,-105.04630555555558,39,51
colfax-vrain,9,only growth tattoo piercing | street sweeping p this side 2nd wednesday apr thru nov 8am 5pm tow away zone | original glam beauty iv lounge | park here for little man ice cream | vrain st,39.74030555555556,-105.04630555555558,39,51
colfax-vrain,10,park here for little man ice cream | og | loading only all times | duality | street sweeping p this side 2nd tuesday april thru nov 8am 5pm tow away zone,39.74030555555556,-105.04630555555558,39,51
colfax-vrain,11,2hr parking 8 am 6 pm sat sun hol exc | levis auto sales levisautosalescom | original glam beauty iv lounge | 2hr parking 8 am 6 pm sat sun hol exc | no parking any time frie lane tow away zone,39.74030555555556,-105.04630555555558,39,51
colfax-vrain,12,2 hr parkiing 8 am 6 pm sat sun hol exc | do not enter 96 clearance | coffee cocktails | get prepped for allyear comfort xcel energy | invisalign provider,39.74030555555556,-105.04630555555558,39,51
colfax-vrain,13,vrain st | street sweeping p this side 2nd wednesday apr thru nov 8am 5pm tow away zone | cocktails coffee cocktails coffee side pony | 4653 w colfax ave | street sweeping no parking 2 am 6 am tow away zone,39.74030555555556,-105.04630555555558,39,51
colfax-vrain,14,cocktails coffee cocktails coffee side pony | circa west | levis auto sales levisautosalescom | vrain st | vrain st,39.74030555555556,-105.04630555555558,39,51
colfax-vrain,15,street sweeping p this side 2nd wednesday apr thru nov 8am 5pm tow away zone | coffee cocktails | no parking any time tow away zone | 2 hr parkiing 8 am 6 pm sat sun hol exc | street sweeping no parking 2 am 6 am tow away zone,39.74030555555556,-105.04630555555558,39,51
colfax-vrain,16,street sweeping no parking 2 am 6 am tow away zone | side pony | 2hr parking 8 am 6 pm sat sun hol exc | 2hr parking 8 am 6 pm sat sun hol exc | outfront,39.74030555555556,-105.04630555555558,39,51
colfax-vrain,17,no parking any time frie lane tow away zone | colfax ave | no parking any time tow away zone | street sweeping no parking 2 am 6 am tow away zone | 4500 w colfax,39.74030555555556,-105.04630555555558,39,51
colfax-vrain,18,coffee cocktails | levis auto sales levisautosalescom | get prepped for allyear comfort xcel energy | side pony | street sweeping no parking 2 am 6 am tow away zone,39.74030555555556,-105.04630555555558,39,51
colfax-vrain,19,original glam beauty iv lounge | ramos law official injury law firm partner of broncos country | street sweeping no parking 2 am 6 am tow away zone | citywide speed limit 20 unless otherwise posted | golden smiles sloans lake,39.74030555555556,-105.04630555555558,39,51
colfax-vrain,20,golden smiles sloans lake | golden smiles sloans lake | duality | street sweeping no parking 2 am 6 am tow away zone | street sweeping p this side 2nd wednesday apr thru nov 8am 5pm tow away zone,39.74030555555556,-105.04630555555558,39,51
colfax-vrain,21,2hr parking 8 am 6 pm sat sun hol exc | vrain st | original glam beauty iv lounge | only growth tattoo piercing | no parking any time tow away zone,39.74030555555556,-105.04630555555558,39,51
colfax-vrain,22,get on your mat matbased resistence and cardio training power vinyasa yoga | vrain st | botox filler facials laser therapy iv therapy | golden smiles sloans lake | citywide speed limit 20 unless otherwise posted,39.74030555555556,-105.04630555555558,39,51
colfax-vrain,23,og | outfront | advanced auto parts | outfront | get prepped for allyear comfort xcel energy,39.74030555555556,-105.04630555555558,39,51
colfax-vrain,24,duality | advanced auto parts | cocktails coffee cocktails coffee side pony | invisalign provider | park here for little man ice cream,39.74030555555556,-105.04630555555558,39,51
colfax-vrain,25,circa west | street sweeping no parking 2 am 6 am tow away zone | get prepped for allyear comfort xcel energy | coffee cocktails | duality,39.74030555555556,-105.04630555555558,39,51
colfax-vrain,26,brothers bbq | street sweeping p this side 2nd tuesday april thru nov 8am 5pm tow away zone | 2hr parking 8 am 6 pm sat sun hol exc | 2hr parking 8 am 6 pm sat sun hol exc | no parking any time tow away zone,39.74030555555556,-105.04630555555558,39,51
colfax-vrain,27,circa west | og | circa west | street sweeping p this side 3rd wednesday apr thru nov 8 am 5 pm tow away zone | no parking any time frie lane tow away zone,39.74030555555556,-105.04630555555558,39,51
colfax-vrain,28,street sweeping no parking 2 am 6 am tow away zone | street sweeping p this side 2nd wednesday apr thru nov 8am 5pm tow away zone | no parking any time tow away zone | park here for little man ice cream | circa west,39.74030555555556,-105.04630555555558,39,51
colfax-vrain,29,reserved parking employees only | 4500 w colfax | street sweeping p this side 2nd wednesday apr thru nov 8am 5pm tow away zone | coffee cocktails | circa west,39.74030555555556,-105.04630555555558,39,51
colfax-vrain,30,only growth tattoo piercing | circa west | levis auto sales levisautosalescom | street sweeping p this side 2nd wednesday apr thru nov 8am 5pm tow away zone | outfront,39.74030555555556,-105.04630555555558,39,51
colfax-vrain,31,2hr parking 8 am 6 pm sat sun hol exc | coffee cocktails | vrain st | vrain st | vrain st,39.74030555555556,-105.04630555555558,39,51
colfax-vrain,32,botox filler facials laser therapy iv therapy | levis auto sales levisautosalescom | for sale goodman commercial brokerage management wwwgoodmancommrecom mark goodman drew goodman | 2hr parking 8 am 6 pm sat sun hol exc | duality,39.74030555555556,-105.04630555555558,39,51
colfax-vrain,33,park here for little man ice cream | 4653 w colfax ave | 2 hr parkiing 8 am 6 pm sat sun hol exc | advanced auto parts | get prepped for allyear comfort xcel energy,39.74030555555556,-105.04630555555558,39,51
colfax-vrain,34,duality | advanced auto parts | do not enter 96 clearance | 2hr parking 8 am 6 pm sat sun hol exc | duality,39.74030555555556,-105.04630555555558,39,51
colfax-vrain,35,side pony | coffee cocktails | duality | no parking any time tow away zone | ramos law official injury law firm partner of broncos country,39.74030555555556,-105.04630555555558,39,51
colfax-vrain,36,reserved parking employees only | street sweeping p this side 2nd wednesday apr thru nov 8am 5pm tow away zone | reserved parking employees only | loading only all times | a1 plumbing complete plumbing services,39.74030555555556,-105.04630555555558,39,51
colfax-vrain,37,advanced auto parts | og | park here for little man ice cream | ramos law official injury law firm partner of broncos country | botox filler facials laser therapy iv therapy,39.74030555555556,-105.04630555555558,39,51
colfax-vrain,38,ramos law official injury law firm partner of broncos country | get on your mat matbased resistence and cardio training power vinyasa yoga | reserved parking employees only | coffee cocktails | 2hr parking 8 am 6 pm sat sun hol exc,39.74030555555556,-105.04630555555558,39,51
colfax-vrain,39,street sweeping p this side 2nd tuesday april thru nov 8am 5pm tow away zone | park here for little man ice cream | street sweeping p this side 2nd wednesday apr thru nov 8am 5pm tow away zone | loading only all times | a1 plumbing complete plumbing services,39.74030555555556,-105.04630555555558,39,51
colfax-vrain,40,a1 plumbing complete plumbing services | do not enter 96 clearance | og | get on your tread highintensity treadmill circuits worldclass training equiptment | ramos law official injury law firm partner of broncos country,39.74030555555556,-105.04630555555558,39,51
colfax-vrain,41,botox filler facials laser therapy iv therapy | street sweeping p this side 3rd wednesday apr thru nov 8 am 5 pm tow away zone | citywide speed limit 20 unless otherwise posted | do not enter 96 clearance | street sweeping no parking 2 am 6 am tow away zone,39.74030555555556,-105.04630555555558,39,51
colfax-vrain,42,invisalign provider | get prepped for allyear comfort xcel energy | get on your mat matbased resistence and cardio training power vinyasa yoga | ramos law official injury law firm partner of broncos country | street sweeping no parking 2 am 6 am tow away zone,39.74030555555556,-105.04630555555558,39,51
colfax-vrain,43,no parking any time tow awawy zone | no parking any time frie lane tow away zone | ramos law official injury law firm partner of broncos country | ramos law official injury law firm partner of broncos country | no parking any time tow awawy zone,39.74030555555556,-105.04630555555558,39,51
colfax-vrain,44,street sweeping no parking 2 am 6 am tow away zone | duality | no parking any time tow away zone | street sweeping p this side 2nd wednesday apr thru nov 8am 5pm tow away zone | reserved parking employees only,39.74030555555556,-105.04630555555558,39,51
colfax-vrain,45,for sale goodman commercial brokerage management wwwgoodmancommrecom mark goodman drew goodman | 4653 w colfax ave | no parking any time tow awawy zone | a1 plumbing complete plumbing services | street sweeping no parking 2 am 6 am tow away zone,39.74030555555556,-105.04630555555558,39,51
colfax-vrain,46,loading only all times | 2hr parking 8 am 6 pm sat sun hol exc | 2hr parking 8 am 6 pm sat sun hol exc | duality | for sale goodman commercial brokerage management wwwgoodmancommrecom mark goodman drew goodman,39.74030555555556,-105.04630555555558,39,51
colfax-vrain,47,no parking any time tow away zone | golden smiles sloans lake | street sweeping no parking 2 am 6 am tow away zone | no parking any time frie lane tow away zone | brothers bbq,39.74030555555556,-105.04630555555558,39,51
colfax-vrain,48,brothers bbq | botox filler facials laser therapy iv therapy | side pony | get on your mat matbased resistence and cardio training power vinyasa yoga | get prepped for allyear comfort xcel energy,39.74030555555556,-105.04630555555558,39,51
colfax-vrain,49,side pony | og | no parking any time tow away zone | side pony | outfront,39.74030555555556,-105.04630555555558,39,51
colfax-yosemite,0,thank you for your buissness | stop | colfax and yosimite st | 777 corner mart | stop,39.74019444444444,-104.88463888888889,32,34
colfax-yosemite,1,777 corner mart | colfax and yosimite st | now leasing 12345 bedroom apartments | stop | thank you for your buissness,39.74019444444444,-104.88463888888889,32,34
colfax-yosemite,2,777 corner mart | office | do not tresspass | stop | colfax and yosimite st,39.74019444444444,-104.88463888888889,32,34
colfax-yosemite,3,colfax and yosimite st | right on the money | stop | tv | 777 corner mart,39.74019444444444,-104.88463888888889,32,34
colfax-yosemite,4,777 corner mart | stop | colfax and yosimite st | 777 corner mart | were hiring,39.74019444444444,-104.88463888888889,32,34
colfax-yosemite,5,777 corner mart | injured | colfax and yosimite st | stop | injured,39.74019444444444,-104.88463888888889,32,34
colfax-yosemite,6,stop | 777 corner mart | no tresspassing | colfax and yosimite st | apply at carrersautozonecom,39.74019444444444,-104.88463888888889,32,34
colfax-yosemite,7,colfax and yosimite st | tacos y pupusas | no tresspassing | stop | 777 corner mart,39.74019444444444,-104.88463888888889,32,34
colfax-yosemite,8,colfax and yosimite st | stop | 777 corner mart | archway | la rue motel,39.74019444444444,-104.88463888888889,32,34
colfax-yosemite,9,777 corner mart | were hiring | colfax and yosimite st | office | stop,39.74019444444444,-104.88463888888889,32,34
colfax-yosemite,10,stop | 777 corner mart | colfax and yosimite st | la rue motel | were hiring,39.74019444444444,-104.88463888888889,32,34
colfax-yosemite,11,now leasing 12345 bedroom apartments | 777 corner mart | oil filter starting at 2999 | stop | colfax and yosimite st,39.74019444444444,-104.88463888888889,32,34
colfax-yosemite,12,autozone | millitary discount | colfax and yosimite st | stop | 777 corner mart,39.74019444444444,-104.88463888888889,32,34
colfax-yosemite,13,colfax and yosimite st | stop | apply at carrersautozonecom | 777 corner mart | closed,39.74019444444444,-104.88463888888889,32,34
colfax-yosemite,14,apply at carrersautozonecom | millitary discount | colfax and yosimite st | stop | 777 corner mart,39.74019444444444,-104.88463888888889,32,34
colfax-yosemite,15,stop | no trespassing | tacos sos alcapuloulco | colfax and yosimite st | 777 corner mart,39.74019444444444,-104.88463888888889,32,34
colfax-yosemite,16,777 corner mart | stop | apply at carrersautozonecom | colfax and yosimite st | 777 corner mart,39.74019444444444,-104.88463888888889,32,34
colfax-yosemite,17,colfax and yosimite st | la rue motel | 777 corner mart | stop | archway,39.74019444444444,-104.88463888888889,32,34
colfax-yosemite,18,777 corner mart | office | kitchen | colfax and yosimite st | stop,39.74019444444444,-104.88463888888889,32,34
colfax-yosemite,19,colfax and yosimite st | stop | stop | low rates free movies clean rooms | 777 corner mart,39.74019444444444,-104.88463888888889,32,34
colfax-yosemite,20,777 corner mart | save 15 | colfax and yosimite st | stop | tacos y pupusas,39.74019444444444,-104.88463888888889,32,34
colfax-yosemite,21,777 corner mart | colfax and yosimite st | autozone | stop | 777 corner mart,39.74019444444444,-104.88463888888889,32,34
colfax-yosemite,22,biltmore motel | injured | 777 corner mart | colfax and yosimite st | stop,39.74019444444444,-104.88463888888889,32,34
colfax-yosemite,23,thank you for your buissness | colfax and yosimite st | colfax and yosimite st | stop | 777 corner mart,39.74019444444444,-104.88463888888889,32,34
colfax-yosemite,24,autozone | stop | colfax and yosimite st | thank you for your buissness | 777 corner mart,39.74019444444444,-104.88463888888889,32,34
colfax-yosemite,25,right on the money | 777 corner mart | colfax and yosimite st | thank you for your buissness | stop,39.74019444444444,-104.88463888888889,32,34
colfax-yosemite,26,were hiring | colfax and yosimite st | tacos y pupusas | 777 corner mart | stop,39.74019444444444,-104.88463888888889,32,34
colfax-yosemite,27,777 corner mart | low rates free movies clean rooms | colfax and yosimite st | stop | no trespassing,39.74019444444444,-104.88463888888889,32,34
colfax-yosemite,28,injured | closed | colfax and yosimite st | 777 corner mart | stop,39.74019444444444,-104.88463888888889,32,34
colfax-yosemite,29,colfax and yosimite st | 777 corner mart | low rates free movies clean rooms | stop | low rates free movies clean rooms,39.74019444444444,-104.88463888888889,32,34
colfax-yosemite,30,colfax and yosimite st | millitary discount | 777 corner mart | stop | thank you for your buissness,39.74019444444444,-104.88463888888889,32,34
colfax-yosemite,31,kitchen | kitchen | stop | 777 corner mart | colfax and yosimite st,39.74019444444444,-104.88463888888889,32,34
colfax-yosemite,32,777 corner mart | office | colfax and yosimite st | stop | oil filter starting at 2999,39.74019444444444,-104.88463888888889,32,34
colfax-yosemite,33,777 corner mart | office | stop | colfax and yosimite st | colfax and yosimite st,39.74019444444444,-104.88463888888889,32,34
colfax-yosemite,34,noise ordenance enforced | 777 corner mart | stop | colfax and yosimite st | 777 corner mart,39.74019444444444,-104.88463888888889,32,34
colfax-yosemite,35,stop | 777 corner mart | millitary discount | colfax and yosimite st | room for rent,39.74019444444444,-104.88463888888889,32,34
colfax-yosemite,36,stop | 777 corner mart | colfax and yosimite st | millitary discount | archway,39.74019444444444,-104.88463888888889,32,34
colfax-yosemite,37,colfax and yosimite st | do not tresspass | 777 corner mart | stop | colfax and yosimite st,39.74019444444444,-104.88463888888889,32,34
colfax-yosemite,38,now leasing 12345 bedroom apartments | 777 corner mart | stop | colfax and yosimite st | room for rent,39.74019444444444,-104.88463888888889,32,34
colfax-yosemite,39,777 corner mart | colfax and yosimite st | archway | biltmore motel | stop,39.74019444444444,-104.88463888888889,32,34
colfax-yosemite,40,777 corner mart | do not tresspass | colfax and yosimite st | thank you for your buissness | stop,39.74019444444444,-104.88463888888889,32,34
colfax-yosemite,41,stop | apply at carrersautozonecom | 777 corner mart | colfax and yosimite st | the wilhite law firm,39.74019444444444,-104.88463888888889,32,34
colfax-yosemite,42,millitary discount | 777 corner mart | colfax and yosimite st | come in | stop,39.74019444444444,-104.88463888888889,32,34
colfax-yosemite,43,apply at carrersautozonecom | 777 corner mart | stop | colfax and yosimite st | do not tresspass,39.74019444444444,-104.88463888888889,32,34
colfax-yosemite,44,colfax and yosimite st | tv | stop | 777 corner mart | closed,39.74019444444444,-104.88463888888889,32,34
colfax-yosemite,45,777 corner mart | apply at carrersautozonecom | office | stop | colfax and yosimite st,39.74019444444444,-104.88463888888889,32,34
colfax-yosemite,46,autozone | 777 corner mart | colfax and yosimite st | were hiring | stop,39.74019444444444,-104.88463888888889,32,34
colfax-yosemite,47,noise ordenance enforced | colfax and yosimite st | 777 corner mart | stop | thank you for your buissness,39.74019444444444,-104.88463888888889,32,34
colfax-yosemite,48,colfax and yosimite st | thank you for your buissness | stop | archway | 777 corner mart,39.74019444444444,-104.88463888888889,32,34
colfax-yosemite,49,colfax and yosimite st | stop | 777 corner mart | no tresspassing | tacos sos alcapuloulco,39.74019444444444,-104.88463888888889,32,34
cottonwood-parker,0,parker road | stride | whole foods | cottonwood | crown point,39.55866666666667,-104.78,21,21
cottonwood-parker,1,edible arrangements | stride | cottonwood | parker road | crown point,39.55866666666667,-104.78,21,21
cottonwood-parker,2,whole foods | parker road | sportsmans | cottonwood | crown point,39.55866666666667,-104.78,21,21
cottonwood-parker,3,sarms | cottonwood | parker road | crown point | trader joes,39.55866666666667,-104.78,21,21
cottonwood-parker,4,mattress firm | cottonwood | parker road | crown point | driver license,39.55866666666667,-104.78,21,21
cottonwood-parker,5,parker road | driver license | att | cottonwood | crown point,39.55866666666667,-104.78,21,21
cottonwood-parker,6,att | parker road | king soopers | cottonwood | crown point,39.55866666666667,-104.78,21,21
cottonwood-parker,7,mattress firm | crown point | cottonwood | parker road | xfinity,39.55866666666667,-104.78,21,21
cottonwood-parker,8,crown point | parker road | king soopers | cottonwood | parker road,39.55866666666667,-104.78,21,21
cottonwood-parker,9,cottonwood | crown point | edible arrangements | crown point | parker road,39.55866666666667,-104.78,21,21
cottonwood-parker,10,crown point | cottonwood | insurance | parker road | trader joes,39.55866666666667,-104.78,21,21
cottonwood-parker,11,parker road | cottonwood | crown point | insurance | snarfs,39.55866666666667,-104.78,21,21
cottonwood-parker,12,crown point | cottonwood | insurance | parker road | essential pet,39.55866666666667,-104.78,21,21
cottonwood-parker,13,att | parker road | cottonwood | crown point | essential pet,39.55866666666667,-104.78,21,21
cottonwood-parker,14,cottonwood | crown point | parker road | raising canes | sarms,39.55866666666667,-104.78,21,21
cottonwood-parker,15,cottonwood | pharamacy | parker road | edible arrangements | crown point,39.55866666666667,-104.78,21,21
cottonwood-parker,16,whole foods | crown point | cottonwood | parker road | king soopers,39.55866666666667,-104.78,21,21
cottonwood-parker,17,parker road | cottonwood | sarms | parker road | crown point,39.55866666666667,-104.78,21,21
cottonwood-parker,18,stride | essential pet | crown point | cottonwood | parker road,39.55866666666667,-104.78,21,21
cottonwood-parker,19,cottonwood | crown point | essential pet | stride | parker road,39.55866666666667,-104.78,21,21
cottonwood-parker,20,mattress firm | insurance | cottonwood | crown point | parker road,39.55866666666667,-104.78,21,21
cottonwood-parker,21,crown point | parker road | parker road | cottonwood | cottonwood,39.55866666666667,-104.78,21,21
cottonwood-parker,22,crown point | cottonwood | essential pet | parker road | snarfs,39.55866666666667,-104.78,21,21
cottonwood-parker,23,sportsmans | cottonwood | parker road | cottonwood | crown point,39.55866666666667,-104.78,21,21
cottonwood-parker,24,snarfs | cottonwood | crown point | parker road | xfinity,39.55866666666667,-104.78,21,21
cottonwood-parker,25,crown point | sarms | sportsmans | cottonwood | parker road,39.55866666666667,-104.78,21,21
cottonwood-parker,26,cottonwood | edible arrangements | crown point | parker road | xfinity,39.55866666666667,-104.78,21,21
cottonwood-parker,27,crown point | cottonwood | parker road | trader joes | wells fargo,39.55866666666667,-104.78,21,21
cottonwood-parker,28,snarfs | king soopers | parker road | crown point | cottonwood,39.55866666666667,-104.78,21,21
cottonwood-parker,29,essential pet | cottonwood | cottonwood | crown point | parker road,39.55866666666667,-104.78,21,21
cottonwood-parker,30,king soopers | parker road | crown point | cottonwood | edible arrangements,39.55866666666667,-104.78,21,21
cottonwood-parker,31,wells fargo | parker road | snarfs | crown point | cottonwood,39.55866666666667,-104.78,21,21
cottonwood-parker,32,raising canes | cottonwood | crown point | cottonwood | parker road,39.55866666666667,-104.78,21,21
cottonwood-parker,33,parker road | crown point | cottonwood | essential pet | stride,39.55866666666667,-104.78,21,21
cottonwood-parker,34,cottonwood | crown point | parker road | insurance | mattress firm,39.55866666666667,-104.78,21,21
cottonwood-parker,35,parker road | xfinity | cottonwood | parker road | crown point,39.55866666666667,-104.78,21,21
cottonwood-parker,36,wells fargo | crown point | mattress firm | parker road | cottonwood,39.55866666666667,-104.78,21,21
cottonwood-parker,37,parker road | cottonwood | crown point | sarms | sarms,39.55866666666667,-104.78,21,21
cottonwood-parker,38,sportsmans | att | parker road | cottonwood | crown point,39.55866666666667,-104.78,21,21
cottonwood-parker,39,crown point | tmobile | parker road | cottonwood | wells fargo,39.55866666666667,-104.78,21,21
cottonwood-parker,40,cottonwood | crown point | sportsmans | cottonwood | parker road,39.55866666666667,-104.78,21,21
cottonwood-parker,41,tmobile | parker road | cottonwood | crown point | sportsmans,39.55866666666667,-104.78,21,21
cottonwood-parker,42,crown point | king soopers | driver license | cottonwood | parker road,39.55866666666667,-104.78,21,21
cottonwood-parker,43,cottonwood | tmobile | crown point | tmobile | parker road,39.55866666666667,-104.78,21,21
cottonwood-parker,44,att | parker road | cottonwood | crown point | insurance,39.55866666666667,-104.78,21,21
cottonwood-parker,45,edible arrangements | crown point | cottonwood | parker road | driver license,39.55866666666667,-104.78,21,21
cottonwood-parker,46,cottonwood | parker road | essential pet | cottonwood | crown point,39.55866666666667,-104.78,21,21
cottonwood-parker,47,crown point | cottonwood | parker road | trader joes | parker road,39.55866666666667,-104.78,21,21
cottonwood-parker,48,essential pet | crown point | parker road | cottonwood | sportsmans,39.55866666666667,-104.78,21,21
cottonwood-parker,49,mattress firm | parker road | sportsmans | cottonwood | crown point,39.55866666666667,-104.78,21,21
countyline-holly,0,asian restraunt | handicap parking only | car wash | los dos portrillos | mc donalds,39.56608333333334,-104.92308333333332,18,20
countyline-holly,1,m | tae kwon doe | a clip above | handicap parking only | open,39.56608333333334,-104.92308333333332,18,20
countyline-holly,2,m | 911 the day of giving | tae kwon doe | tae kwon doe | handicap parking only,39.56608333333334,-104.92308333333332,18,20
countyline-holly,3,los dos portrillos | 7205321538 | handicap parking only | coneidece | handicap parking only,39.56608333333334,-104.92308333333332,18,20
countyline-holly,4,handicap parking only | car wash | mexican restruant | los dos portrillos | mc donalds,39.56608333333334,-104.92308333333332,18,20
countyline-holly,5,big bills ny pizza | 911 the day of giving | big bills ny pizza | a clip above | handicap parking only,39.56608333333334,-104.92308333333332,18,20
countyline-holly,6,lifechurch south denver | focus | focus | handicap parking only | handicap parking only,39.56608333333334,-104.92308333333332,18,20
countyline-holly,7,handicap parking only | focus | coneidece | coneidece | open,39.56608333333334,-104.92308333333332,18,20
countyline-holly,8,a clip above | tae kwon doe | 7205321538 | handicap parking only | handicap parking only,39.56608333333334,-104.92308333333332,18,20
countyline-holly,9,mexican restruant | m | coneidece | handicap parking only | open,39.56608333333334,-104.92308333333332,18,20
countyline-holly,10,handicap parking only | los dos portrillos | wild basil | 7205321538 | open,39.56608333333334,-104.92308333333332,18,20
countyline-holly,11,coneidece | handicap parking only | a clip above | mc donalds | 911 the day of giving,39.56608333333334,-104.92308333333332,18,20
countyline-holly,12,diseipline | diseipline | open | lifechurch south denver | handicap parking only,39.56608333333334,-104.92308333333332,18,20
countyline-holly,13,focus | wild basil | handicap parking only | focus | car wash,39.56608333333334,-104.92308333333332,18,20
countyline-holly,14,open | car wash | big bills ny pizza | 911 the day of giving | handicap parking only,39.56608333333334,-104.92308333333332,18,20
countyline-holly,15,wild basil | wild basil | handicap parking only | lifechurch south denver | coneidece,39.56608333333334,-104.92308333333332,18,20
countyline-holly,16,tae kwon doe | tae kwon doe | car wash | car wash | handicap parking only,39.56608333333334,-104.92308333333332,18,20
countyline-holly,17,handicap parking only | focus | car wash | handicap parking only | big bills ny pizza,39.56608333333334,-104.92308333333332,18,20
countyline-holly,18,mexican restruant | mc donalds | mexican restruant | handicap parking only | open,39.56608333333334,-104.92308333333332,18,20
countyline-holly,19,asian restraunt | tae kwon doe | big bills ny pizza | handicap parking only | asian restraunt,39.56608333333334,-104.92308333333332,18,20
countyline-holly,20,diseipline | handicap parking only | m | tae kwon doe | coneidece,39.56608333333334,-104.92308333333332,18,20
countyline-holly,21,asian restraunt | handicap parking only | handicap parking only | 7205321538 | lifechurch south denver,39.56608333333334,-104.92308333333332,18,20
countyline-holly,22,handicap parking only | coneidece | focus | lifechurch south denver | open,39.56608333333334,-104.92308333333332,18,20
countyline-holly,23,open | los dos portrillos | handicap parking only | los dos portrillos | open,39.56608333333334,-104.92308333333332,18,20
countyline-holly,24,7205321538 | m | car wash | handicap parking only | big bills ny pizza,39.56608333333334,-104.92308333333332,18,20
countyline-holly,25,open | big bills ny pizza | mexican restruant | handicap parking only | 7205321538,39.56608333333334,-104.92308333333332,18,20
countyline-holly,26,mc donalds | open | tae kwon doe | handicap parking only | focus,39.56608333333334,-104.92308333333332,18,20
countyline-holly,27,tae kwon doe | diseipline | handicap parking only | car wash | open,39.56608333333334,-104.92308333333332,18,20
countyline-holly,28,diseipline | m | focus | handicap parking only | open,39.56608333333334,-104.92308333333332,18,20
countyline-holly,29,handicap parking only | big bills ny pizza | coneidece | 7205321538 | coneidece,39.56608333333334,-104.92308333333332,18,20
countyline-holly,30,open | a clip above | diseipline | a clip above | handicap parking only,39.56608333333334,-104.92308333333332,18,20
countyline-holly,31,m | handicap parking only | tae kwon doe | lifechurch south denver | open,39.56608333333334,-104.92308333333332,18,20
countyline-holly,32,handicap parking only | asian restraunt | 7205321538 | coneidece | diseipline,39.56608333333334,-104.92308333333332,18,20
countyline-holly,33,asian restraunt | handicap parking only | m | open | mc donalds,39.56608333333334,-104.92308333333332,18,20
countyline-holly,34,handicap parking only | mc donalds | focus | coneidece | lifechurch south denver,39.56608333333334,-104.92308333333332,18,20
countyline-holly,35,focus | handicap parking only | asian restraunt | mc donalds | car wash,39.56608333333334,-104.92308333333332,18,20
countyline-holly,36,car wash | los dos portrillos | wild basil | los dos portrillos | handicap parking only,39.56608333333334,-104.92308333333332,18,20
countyline-holly,37,diseipline | mc donalds | handicap parking only | open | mexican restruant,39.56608333333334,-104.92308333333332,18,20
countyline-holly,38,handicap parking only | lifechurch south denver | diseipline | handicap parking only | asian restraunt,39.56608333333334,-104.92308333333332,18,20
countyline-holly,39,handicap parking only | a clip above | 7205321538 | open | tae kwon doe,39.56608333333334,-104.92308333333332,18,20
countyline-holly,40,mc donalds | car wash | handicap parking only | tae kwon doe | car wash,39.56608333333334,-104.92308333333332,18,20
countyline-holly,41,911 the day of giving | lifechurch south denver | open | 911 the day of giving | handicap parking only,39.56608333333334,-104.92308333333332,18,20
countyline-holly,42,open | car wash | diseipline | handicap parking only | 7205321538,39.56608333333334,-104.92308333333332,18,20
countyline-holly,43,m | lifechurch south denver | handicap parking only | lifechurch south denver | asian restraunt,39.56608333333334,-104.92308333333332,18,20
countyline-holly,44,lifechurch south denver | handicap parking only | car wash | los dos portrillos | 911 the day of giving,39.56608333333334,-104.92308333333332,18,20
countyline-holly,45,focus | lifechurch south denver | open | mc donalds | handicap parking only,39.56608333333334,-104.92308333333332,18,20
countyline-holly,46,handicap parking only | 911 the day of giving | car wash | big bills ny pizza | handicap parking only,39.56608333333334,-104.92308333333332,18,20
countyline-holly,47,coneidece | open | a clip above | handicap parking only | 7205321538,39.56608333333334,-104.92308333333332,18,20
countyline-holly,48,911 the day of giving | wild basil | mc donalds | mexican restruant | handicap parking only,39.56608333333334,-104.92308333333332,18,20
countyline-holly,49,911 the day of giving | car wash | 7205321538 | 7205321538 | handicap parking only,39.56608333333334,-104.92308333333332,18,20
crestline-wadsworth,0,goodtimes | the home depot | no parking | westlake greens luxury apartment homes leasing office | bears car wash detail center,39.61836111111112,-105.0912222222222,55,56
crestline-wadsworth,1,no parking | the home depot | goodtimes | westlake greens luxury apartment homes leasing office | bears car wash detail center,39.61836111111112,-105.0912222222222,55,56
crestline-wadsworth,2,westlake greens luxury apartment homes leasing office | the home depot | bears car wash detail center | goodtimes | no parking,39.61836111111112,-105.0912222222222,55,56
crestline-wadsworth,3,no parking | bears car wash detail center | goodtimes | westlake greens luxury apartment homes leasing office | the home depot,39.61836111111112,-105.0912222222222,55,56
crestline-wadsworth,4,the home depot | westlake greens luxury apartment homes leasing office | goodtimes | no parking | bears car wash detail center,39.61836111111112,-105.0912222222222,55,56
crestline-wadsworth,5,bears car wash detail center | no parking | the home depot | goodtimes | westlake greens luxury apartment homes leasing office,39.61836111111112,-105.0912222222222,55,56
crestline-wadsworth,6,no parking | goodtimes | bears car wash detail center | the home depot | westlake greens luxury apartment homes leasing office,39.61836111111112,-105.0912222222222,55,56
crestline-wadsworth,7,goodtimes | no parking | bears car wash detail center | the home depot | westlake greens luxury apartment homes leasing office,39.61836111111112,-105.0912222222222,55,56
crestline-wadsworth,8,westlake greens luxury apartment homes leasing office | goodtimes | no parking | bears car wash detail center | the home depot,39.61836111111112,-105.0912222222222,55,56
crestline-wadsworth,9,goodtimes | the home depot | no parking | westlake greens luxury apartment homes leasing office | bears car wash detail center,39.61836111111112,-105.0912222222222,55,56
crestline-wadsworth,10,no parking | bears car wash detail center | the home depot | goodtimes | westlake greens luxury apartment homes leasing office,39.61836111111112,-105.0912222222222,55,56
crestline-wadsworth,11,goodtimes | no parking | the home depot | westlake greens luxury apartment homes leasing office | bears car wash detail center,39.61836111111112,-105.0912222222222,55,56
crestline-wadsworth,12,westlake greens luxury apartment homes leasing office | the home depot | goodtimes | no parking | bears car wash detail center,39.61836111111112,-105.0912222222222,55,56
crestline-wadsworth,13,bears car wash detail center | goodtimes | no parking | the home depot | westlake greens luxury apartment homes leasing office,39.61836111111112,-105.0912222222222,55,56
crestline-wadsworth,14,westlake greens luxury apartment homes leasing office | the home depot | goodtimes | bears car wash detail center | no parking,39.61836111111112,-105.0912222222222,55,56
crestline-wadsworth,15,westlake greens luxury apartment homes leasing office | bears car wash detail center | no parking | the home depot | goodtimes,39.61836111111112,-105.0912222222222,55,56
crestline-wadsworth,16,the home depot | goodtimes | westlake greens luxury apartment homes leasing office | bears car wash detail center | no parking,39.61836111111112,-105.0912222222222,55,56
crestline-wadsworth,17,westlake greens luxury apartment homes leasing office | no parking | goodtimes | bears car wash detail center | the home depot,39.61836111111112,-105.0912222222222,55,56
crestline-wadsworth,18,bears car wash detail center | the home depot | westlake greens luxury apartment homes leasing office | no parking | goodtimes,39.61836111111112,-105.0912222222222,55,56
crestline-wadsworth,19,goodtimes | the home depot | westlake greens luxury apartment homes leasing office | bears car wash detail center | no parking,39.61836111111112,-105.0912222222222,55,56
crestline-wadsworth,20,bears car wash detail center | no parking | the home depot | westlake greens luxury apartment homes leasing office | goodtimes,39.61836111111112,-105.0912222222222,55,56
crestline-wadsworth,21,goodtimes | westlake greens luxury apartment homes leasing office | no parking | the home depot | bears car wash detail center,39.61836111111112,-105.0912222222222,55,56
crestline-wadsworth,22,westlake greens luxury apartment homes leasing office | the home depot | no parking | bears car wash detail center | goodtimes,39.61836111111112,-105.0912222222222,55,56
crestline-wadsworth,23,goodtimes | westlake greens luxury apartment homes leasing office | bears car wash detail center | no parking | the home depot,39.61836111111112,-105.0912222222222,55,56
crestline-wadsworth,24,no parking | the home depot | bears car wash detail center | goodtimes | westlake greens luxury apartment homes leasing office,39.61836111111112,-105.0912222222222,55,56
crestline-wadsworth,25,bears car wash detail center | goodtimes | the home depot | no parking | westlake greens luxury apartment homes leasing office,39.61836111111112,-105.0912222222222,55,56
crestline-wadsworth,26,the home depot | no parking | westlake greens luxury apartment homes leasing office | goodtimes | bears car wash detail center,39.61836111111112,-105.0912222222222,55,56
crestline-wadsworth,27,no parking | westlake greens luxury apartment homes leasing office | bears car wash detail center | goodtimes | the home depot,39.61836111111112,-105.0912222222222,55,56
crestline-wadsworth,28,goodtimes | no parking | the home depot | westlake greens luxury apartment homes leasing office | bears car wash detail center,39.61836111111112,-105.0912222222222,55,56
crestline-wadsworth,29,no parking | the home depot | goodtimes | bears car wash detail center | westlake greens luxury apartment homes leasing office,39.61836111111112,-105.0912222222222,55,56
crestline-wadsworth,30,bears car wash detail center | goodtimes | the home depot | westlake greens luxury apartment homes leasing office | no parking,39.61836111111112,-105.0912222222222,55,56
crestline-wadsworth,31,bears car wash detail center | no parking | the home depot | westlake greens luxury apartment homes leasing office | goodtimes,39.61836111111112,-105.0912222222222,55,56
crestline-wadsworth,32,bears car wash detail center | the home depot | no parking | goodtimes | westlake greens luxury apartment homes leasing office,39.61836111111112,-105.0912222222222,55,56
crestline-wadsworth,33,no parking | bears car wash detail center | westlake greens luxury apartment homes leasing office | goodtimes | the home depot,39.61836111111112,-105.0912222222222,55,56
crestline-wadsworth,34,the home depot | no parking | westlake greens luxury apartment homes leasing office | goodtimes | bears car wash detail center,39.61836111111112,-105.0912222222222,55,56
crestline-wadsworth,35,bears car wash detail center | westlake greens luxury apartment homes leasing office | the home depot | goodtimes | no parking,39.61836111111112,-105.0912222222222,55,56
crestline-wadsworth,36,the home depot | no parking | bears car wash detail center | goodtimes | westlake greens luxury apartment homes leasing office,39.61836111111112,-105.0912222222222,55,56
crestline-wadsworth,37,the home depot | no parking | bears car wash detail center | goodtimes | westlake greens luxury apartment homes leasing office,39.61836111111112,-105.0912222222222,55,56
crestline-wadsworth,38,the home depot | westlake greens luxury apartment homes leasing office | no parking | goodtimes | bears car wash detail center,39.61836111111112,-105.0912222222222,55,56
crestline-wadsworth,39,the home depot | goodtimes | no parking | westlake greens luxury apartment homes leasing office | bears car wash detail center,39.61836111111112,-105.0912222222222,55,56
crestline-wadsworth,40,westlake greens luxury apartment homes leasing office | no parking | bears car wash detail center | goodtimes | the home depot,39.61836111111112,-105.0912222222222,55,56
crestline-wadsworth,41,westlake greens luxury apartment homes leasing office | no parking | the home depot | goodtimes | bears car wash detail center,39.61836111111112,-105.0912222222222,55,56
crestline-wadsworth,42,goodtimes | the home depot | bears car wash detail center | westlake greens luxury apartment homes leasing office | no parking,39.61836111111112,-105.0912222222222,55,56
crestline-wadsworth,43,the home depot | goodtimes | westlake greens luxury apartment homes leasing office | no parking | bears car wash detail center,39.61836111111112,-105.0912222222222,55,56
crestline-wadsworth,44,bears car wash detail center | westlake greens luxury apartment homes leasing office | goodtimes | no parking | the home depot,39.61836111111112,-105.0912222222222,55,56
crestline-wadsworth,45,goodtimes | bears car wash detail center | westlake greens luxury apartment homes leasing office | the home depot | no parking,39.61836111111112,-105.0912222222222,55,56
crestline-wadsworth,46,goodtimes | westlake greens luxury apartment homes leasing office | the home depot | no parking | bears car wash detail center,39.61836111111112,-105.0912222222222,55,56
crestline-wadsworth,47,goodtimes | the home depot | no parking | bears car wash detail center | westlake greens luxury apartment homes leasing office,39.61836111111112,-105.0912222222222,55,56
crestline-wadsworth,48,westlake greens luxury apartment homes leasing office | bears car wash detail center | the home depot | goodtimes | no parking,39.61836111111112,-105.0912222222222,55,56
crestline-wadsworth,49,no parking | bears car wash detail center | westlake greens luxury apartment homes leasing office | the home depot | goodtimes,39.61836111111112,-105.0912222222222,55,56
dartmoth-stuart,0,no stopping any time tow away zone | dartmouth ave | school speed limit 20 700 to 900 am 200 to 400 pm school holidays excepted | bear creek park | passenger loading only all 7 am to 5 pm,39.65886111111111,-105.04438888888888,9,9
dartmoth-stuart,1,bear creek park | school speed limit 20 700 to 900 am 200 to 400 pm school holidays excepted | passenger loading only all 7 am to 5 pm | dartmouth ave | no stopping any time tow away zone,39.65886111111111,-105.04438888888888,9,9
dartmoth-stuart,2,school speed limit 20 700 to 900 am 200 to 400 pm school holidays excepted | no stopping any time tow away zone | dartmouth ave | passenger loading only all 7 am to 5 pm | bear creek park,39.65886111111111,-105.04438888888888,9,9
dartmoth-stuart,3,school speed limit 20 700 to 900 am 200 to 400 pm school holidays excepted | passenger loading only all 7 am to 5 pm | no stopping any time tow away zone | bear creek park | dartmouth ave,39.65886111111111,-105.04438888888888,9,9
dartmoth-stuart,4,no stopping any time tow away zone | passenger loading only all 7 am to 5 pm | dartmouth ave | bear creek park | school speed limit 20 700 to 900 am 200 to 400 pm school holidays excepted,39.65886111111111,-105.04438888888888,9,9
dartmoth-stuart,5,dartmouth ave | bear creek park | school speed limit 20 700 to 900 am 200 to 400 pm school holidays excepted | no stopping any time tow away zone | passenger loading only all 7 am to 5 pm,39.65886111111111,-105.04438888888888,9,9
dartmoth-stuart,6,school speed limit 20 700 to 900 am 200 to 400 pm school holidays excepted | no stopping any time tow away zone | dartmouth ave | passenger loading only all 7 am to 5 pm | bear creek park,39.65886111111111,-105.04438888888888,9,9
dartmoth-stuart,7,dartmouth ave | passenger loading only all 7 am to 5 pm | no stopping any time tow away zone | bear creek park | school speed limit 20 700 to 900 am 200 to 400 pm school holidays excepted,39.65886111111111,-105.04438888888888,9,9
dartmoth-stuart,8,no stopping any time tow away zone | bear creek park | dartmouth ave | school speed limit 20 700 to 900 am 200 to 400 pm school holidays excepted | passenger loading only all 7 am to 5 pm,39.65886111111111,-105.04438888888888,9,9
dartmoth-stuart,9,dartmouth ave | passenger loading only all 7 am to 5 pm | no stopping any time tow away zone | school speed limit 20 700 to 900 am 200 to 400 pm school holidays excepted | bear creek park,39.65886111111111,-105.04438888888888,9,9
dartmoth-stuart,10,passenger loading only all 7 am to 5 pm | dartmouth ave | bear creek park | school speed limit 20 700 to 900 am 200 to 400 pm school holidays excepted | no stopping any time tow away zone,39.65886111111111,-105.04438888888888,9,9
dartmoth-stuart,11,dartmouth ave | no stopping any time tow away zone | passenger loading only all 7 am to 5 pm | bear creek park | school speed limit 20 700 to 900 am 200 to 400 pm school holidays excepted,39.65886111111111,-105.04438888888888,9,9
dartmoth-stuart,12,school speed limit 20 700 to 900 am 200 to 400 pm school holidays excepted | no stopping any time tow away zone | bear creek park | passenger loading only all 7 am to 5 pm | dartmouth ave,39.65886111111111,-105.04438888888888,9,9
dartmoth-stuart,13,dartmouth ave | passenger loading only all 7 am to 5 pm | school speed limit 20 700 to 900 am 200 to 400 pm school holidays excepted | bear creek park | no stopping any time tow away zone,39.65886111111111,-105.04438888888888,9,9
dartmoth-stuart,14,passenger loading only all 7 am to 5 pm | school speed limit 20 700 to 900 am 200 to 400 pm school holidays excepted | no stopping any time tow away zone | dartmouth ave | bear creek park,39.65886111111111,-105.04438888888888,9,9
dartmoth-stuart,15,school speed limit 20 700 to 900 am 200 to 400 pm school holidays excepted | dartmouth ave | no stopping any time tow away zone | bear creek park | passenger loading only all 7 am to 5 pm,39.65886111111111,-105.04438888888888,9,9
dartmoth-stuart,16,dartmouth ave | passenger loading only all 7 am to 5 pm | school speed limit 20 700 to 900 am 200 to 400 pm school holidays excepted | bear creek park | no stopping any time tow away zone,39.65886111111111,-105.04438888888888,9,9
dartmoth-stuart,17,no stopping any time tow away zone | dartmouth ave | passenger loading only all 7 am to 5 pm | bear creek park | school speed limit 20 700 to 900 am 200 to 400 pm school holidays excepted,39.65886111111111,-105.04438888888888,9,9
dartmoth-stuart,18,dartmouth ave | no stopping any time tow away zone | school speed limit 20 700 to 900 am 200 to 400 pm school holidays excepted | passenger loading only all 7 am to 5 pm | bear creek park,39.65886111111111,-105.04438888888888,9,9
dartmoth-stuart,19,passenger loading only all 7 am to 5 pm | school speed limit 20 700 to 900 am 200 to 400 pm school holidays excepted | bear creek park | no stopping any time tow away zone | dartmouth ave,39.65886111111111,-105.04438888888888,9,9
dartmoth-stuart,20,school speed limit 20 700 to 900 am 200 to 400 pm school holidays excepted | bear creek park | passenger loading only all 7 am to 5 pm | dartmouth ave | no stopping any time tow away zone,39.65886111111111,-105.04438888888888,9,9
dartmoth-stuart,21,passenger loading only all 7 am to 5 pm | school speed limit 20 700 to 900 am 200 to 400 pm school holidays excepted | bear creek park | no stopping any time tow away zone | dartmouth ave,39.65886111111111,-105.04438888888888,9,9
dartmoth-stuart,22,no stopping any time tow away zone | school speed limit 20 700 to 900 am 200 to 400 pm school holidays excepted | passenger loading only all 7 am to 5 pm | bear creek park | dartmouth ave,39.65886111111111,-105.04438888888888,9,9
dartmoth-stuart,23,school speed limit 20 700 to 900 am 200 to 400 pm school holidays excepted | passenger loading only all 7 am to 5 pm | dartmouth ave | no stopping any time tow away zone | bear creek park,39.65886111111111,-105.04438888888888,9,9
dartmoth-stuart,24,no stopping any time tow away zone | bear creek park | dartmouth ave | passenger loading only all 7 am to 5 pm | school speed limit 20 700 to 900 am 200 to 400 pm school holidays excepted,39.65886111111111,-105.04438888888888,9,9
dartmoth-stuart,25,bear creek park | school speed limit 20 700 to 900 am 200 to 400 pm school holidays excepted | passenger loading only all 7 am to 5 pm | no stopping any time tow away zone | dartmouth ave,39.65886111111111,-105.04438888888888,9,9
dartmoth-stuart,26,bear creek park | no stopping any time tow away zone | school speed limit 20 700 to 900 am 200 to 400 pm school holidays excepted | passenger loading only all 7 am to 5 pm | dartmouth ave,39.65886111111111,-105.04438888888888,9,9
dartmoth-stuart,27,no stopping any time tow away zone | school speed limit 20 700 to 900 am 200 to 400 pm school holidays excepted | passenger loading only all 7 am to 5 pm | bear creek park | dartmouth ave,39.65886111111111,-105.04438888888888,9,9
dartmoth-stuart,28,school speed limit 20 700 to 900 am 200 to 400 pm school holidays excepted | bear creek park | dartmouth ave | passenger loading only all 7 am to 5 pm | no stopping any time tow away zone,39.65886111111111,-105.04438888888888,9,9
dartmoth-stuart,29,no stopping any time tow away zone | school speed limit 20 700 to 900 am 200 to 400 pm school holidays excepted | dartmouth ave | passenger loading only all 7 am to 5 pm | bear creek park,39.65886111111111,-105.04438888888888,9,9
dartmoth-stuart,30,school speed limit 20 700 to 900 am 200 to 400 pm school holidays excepted | no stopping any time tow away zone | dartmouth ave | bear creek park | passenger loading only all 7 am to 5 pm,39.65886111111111,-105.04438888888888,9,9
dartmoth-stuart,31,passenger loading only all 7 am to 5 pm | bear creek park | no stopping any time tow away zone | school speed limit 20 700 to 900 am 200 to 400 pm school holidays excepted | dartmouth ave,39.65886111111111,-105.04438888888888,9,9
dartmoth-stuart,32,dartmouth ave | bear creek park | no stopping any time tow away zone | passenger loading only all 7 am to 5 pm | school speed limit 20 700 to 900 am 200 to 400 pm school holidays excepted,39.65886111111111,-105.04438888888888,9,9
dartmoth-stuart,33,bear creek park | school speed limit 20 700 to 900 am 200 to 400 pm school holidays excepted | no stopping any time tow away zone | passenger loading only all 7 am to 5 pm | dartmouth ave,39.65886111111111,-105.04438888888888,9,9
dartmoth-stuart,34,passenger loading only all 7 am to 5 pm | no stopping any time tow away zone | dartmouth ave | school speed limit 20 700 to 900 am 200 to 400 pm school holidays excepted | bear creek park,39.65886111111111,-105.04438888888888,9,9
dartmoth-stuart,35,school speed limit 20 700 to 900 am 200 to 400 pm school holidays excepted | no stopping any time tow away zone | dartmouth ave | passenger loading only all 7 am to 5 pm | bear creek park,39.65886111111111,-105.04438888888888,9,9
dartmoth-stuart,36,dartmouth ave | no stopping any time tow away zone | school speed limit 20 700 to 900 am 200 to 400 pm school holidays excepted | bear creek park | passenger loading only all 7 am to 5 pm,39.65886111111111,-105.04438888888888,9,9
dartmoth-stuart,37,dartmouth ave | school speed limit 20 700 to 900 am 200 to 400 pm school holidays excepted | bear creek park | passenger loading only all 7 am to 5 pm | no stopping any time tow away zone,39.65886111111111,-105.04438888888888,9,9
dartmoth-stuart,38,dartmouth ave | school speed limit 20 700 to 900 am 200 to 400 pm school holidays excepted | bear creek park | no stopping any time tow away zone | passenger loading only all 7 am to 5 pm,39.65886111111111,-105.04438888888888,9,9
dartmoth-stuart,39,dartmouth ave | no stopping any time tow away zone | passenger loading only all 7 am to 5 pm | bear creek park | school speed limit 20 700 to 900 am 200 to 400 pm school holidays excepted,39.65886111111111,-105.04438888888888,9,9
dartmoth-stuart,40,no stopping any time tow away zone | dartmouth ave | passenger loading only all 7 am to 5 pm | school speed limit 20 700 to 900 am 200 to 400 pm school holidays excepted | bear creek park,39.65886111111111,-105.04438888888888,9,9
dartmoth-stuart,41,passenger loading only all 7 am to 5 pm | no stopping any time tow away zone | school speed limit 20 700 to 900 am 200 to 400 pm school holidays excepted | dartmouth ave | bear creek park,39.65886111111111,-105.04438888888888,9,9
dartmoth-stuart,42,bear creek park | no stopping any time tow away zone | passenger loading only all 7 am to 5 pm | school speed limit 20 700 to 900 am 200 to 400 pm school holidays excepted | dartmouth ave,39.65886111111111,-105.04438888888888,9,9
dartmoth-stuart,43,dartmouth ave | bear creek park | no stopping any time tow away zone | school speed limit 20 700 to 900 am 200 to 400 pm school holidays excepted | passenger loading only all 7 am to 5 pm,39.65886111111111,-105.04438888888888,9,9
dartmoth-stuart,44,bear creek park | dartmouth ave | no stopping any time tow away zone | passenger loading only all 7 am to 5 pm | school speed limit 20 700 to 900 am 200 to 400 pm school holidays excepted,39.65886111111111,-105.04438888888888,9,9
dartmoth-stuart,45,no stopping any time tow away zone | bear creek park | passenger loading only all 7 am to 5 pm | school speed limit 20 700 to 900 am 200 to 400 pm school holidays excepted | dartmouth ave,39.65886111111111,-105.04438888888888,9,9
dartmoth-stuart,46,passenger loading only all 7 am to 5 pm | school speed limit 20 700 to 900 am 200 to 400 pm school holidays excepted | bear creek park | no stopping any time tow away zone | dartmouth ave,39.65886111111111,-105.04438888888888,9,9
dartmoth-stuart,47,dartmouth ave | bear creek park | school speed limit 20 700 to 900 am 200 to 400 pm school holidays excepted | no stopping any time tow away zone | passenger loading only all 7 am to 5 pm,39.65886111111111,-105.04438888888888,9,9
dartmoth-stuart,48,bear creek park | school speed limit 20 700 to 900 am 200 to 400 pm school holidays excepted | no stopping any time tow away zone | passenger loading only all 7 am to 5 pm | dartmouth ave,39.65886111111111,-105.04438888888888,9,9
dartmoth-stuart,49,bear creek park | dartmouth ave | no stopping any time tow away zone | school speed limit 20 700 to 900 am 200 to 400 pm school holidays excepted | passenger loading only all 7 am to 5 pm,39.65886111111111,-105.04438888888888,9,9
drycreek-broadway,0,broadway | unleaded 206 | dry creek | littleton village | dry creek,39.580638888888885,-104.98847222222226,19,20
drycreek-broadway,1,littleton village | broadway | we sell boxes | littleton village | dry creek,39.580638888888885,-104.98847222222226,19,20
drycreek-broadway,2,littleton village | courtesy acura | broadway | dry creek | the y ymca,39.580638888888885,-104.98847222222226,19,20
drycreek-broadway,3,littleton village | dry creek | dinocare | broadway | used cars,39.580638888888885,-104.98847222222226,19,20
drycreek-broadway,4,broadway | dry creek | stinker | used cars | littleton village,39.580638888888885,-104.98847222222226,19,20
drycreek-broadway,5,broadway | broadway | dry creek | unleaded 206 | littleton village,39.580638888888885,-104.98847222222226,19,20
drycreek-broadway,6,dry creek | dinocare | broadway | bradley | littleton village,39.580638888888885,-104.98847222222226,19,20
drycreek-broadway,7,broadway | littleton village | dry creek | dry creek | littleton village,39.580638888888885,-104.98847222222226,19,20
drycreek-broadway,8,unleaded 206 | dry creek | cubesmart self storage | broadway | littleton village,39.580638888888885,-104.98847222222226,19,20
drycreek-broadway,9,dry creek | littleton village | broadway | cubesmart self storage | bradley,39.580638888888885,-104.98847222222226,19,20
drycreek-broadway,10,dry creek | bradley | broadway | littleton village | littleton family ymca,39.580638888888885,-104.98847222222226,19,20
drycreek-broadway,11,broadway | the y ymca | dry creek | littleton village | a1 a2 a3 a4 a5 a6 a b,39.580638888888885,-104.98847222222226,19,20
drycreek-broadway,12,dry creek | broadway | a1 a2 a3 a4 a5 a6 a b | used cars | littleton village,39.580638888888885,-104.98847222222226,19,20
drycreek-broadway,13,dry creek | broadway | broadway | littleton village | courtesy acura,39.580638888888885,-104.98847222222226,19,20
drycreek-broadway,14,littleton village | stinker | littleton family ymca | dry creek | broadway,39.580638888888885,-104.98847222222226,19,20
drycreek-broadway,15,boardroom | boardroom | broadway | dry creek | littleton village,39.580638888888885,-104.98847222222226,19,20
drycreek-broadway,16,littleton village | dry creek | a acura | broadway | bradley,39.580638888888885,-104.98847222222226,19,20
drycreek-broadway,17,dry creek | boardroom | broadway | a acura | littleton village,39.580638888888885,-104.98847222222226,19,20
drycreek-broadway,18,boardroom | dry creek | broadway | littleton village | unleaded 206,39.580638888888885,-104.98847222222226,19,20
drycreek-broadway,19,sinclair | littleton village | broadway | dry creek | dry creek,39.580638888888885,-104.98847222222226,19,20
drycreek-broadway,20,littleton family ymca | broadway | broadway | littleton village | dry creek,39.580638888888885,-104.98847222222226,19,20
drycreek-broadway,21,broadway | littleton village | littleton family ymca | stinker | dry creek,39.580638888888885,-104.98847222222226,19,20
drycreek-broadway,22,broadway | stinker | dry creek | littleton family ymca | littleton village,39.580638888888885,-104.98847222222226,19,20
drycreek-broadway,23,littleton village | dinocare | broadway | broadway | dry creek,39.580638888888885,-104.98847222222226,19,20
drycreek-broadway,24,dry creek | littleton village | broadway | sinclair | cubesmart self storage,39.580638888888885,-104.98847222222226,19,20
drycreek-broadway,25,dry creek | sinclair | stinker | broadway | littleton village,39.580638888888885,-104.98847222222226,19,20
drycreek-broadway,26,littleton village | dry creek | broadway | boardroom | broadway,39.580638888888885,-104.98847222222226,19,20
drycreek-broadway,27,broadway | we sell boxes | littleton village | dry creek | cubesmart self storage,39.580638888888885,-104.98847222222226,19,20
drycreek-broadway,28,littleton village | used cars | broadway | littleton family ymca | dry creek,39.580638888888885,-104.98847222222226,19,20
drycreek-broadway,29,bradley | unleaded 206 | broadway | dry creek | littleton village,39.580638888888885,-104.98847222222226,19,20
drycreek-broadway,30,a1 a2 a3 a4 a5 a6 a b | dry creek | 11 w dry creek ct | broadway | littleton village,39.580638888888885,-104.98847222222226,19,20
drycreek-broadway,31,bradley | littleton village | broadway | sinclair | dry creek,39.580638888888885,-104.98847222222226,19,20
drycreek-broadway,32,littleton village | dry creek | littleton village | broadway | we sell boxes,39.580638888888885,-104.98847222222226,19,20
drycreek-broadway,33,dry creek | dry creek | littleton village | stinker | broadway,39.580638888888885,-104.98847222222226,19,20
drycreek-broadway,34,dry creek | littleton village | broadway | dinocare | dry creek,39.580638888888885,-104.98847222222226,19,20
drycreek-broadway,35,littleton family ymca | broadway | littleton village | service | dry creek,39.580638888888885,-104.98847222222226,19,20
drycreek-broadway,36,dinocare | broadway | dinocare | dry creek | littleton village,39.580638888888885,-104.98847222222226,19,20
drycreek-broadway,37,littleton village | dry creek | courtesy acura | broadway | used cars,39.580638888888885,-104.98847222222226,19,20
drycreek-broadway,38,broadway | littleton village | boardroom | broadway | dry creek,39.580638888888885,-104.98847222222226,19,20
drycreek-broadway,39,littleton village | bradley | dry creek | littleton family ymca | broadway,39.580638888888885,-104.98847222222226,19,20
drycreek-broadway,40,dry creek | broadway | littleton village | dry creek | 11 w dry creek ct,39.580638888888885,-104.98847222222226,19,20
drycreek-broadway,41,littleton village | dry creek | bradley | broadway | dry creek,39.580638888888885,-104.98847222222226,19,20
drycreek-broadway,42,broadway | bradley | dry creek | sinclair | littleton village,39.580638888888885,-104.98847222222226,19,20
drycreek-broadway,43,broadway | littleton family ymca | littleton village | littleton family ymca | dry creek,39.580638888888885,-104.98847222222226,19,20
drycreek-broadway,44,littleton village | dry creek | broadway | dry creek | the y ymca,39.580638888888885,-104.98847222222226,19,20
drycreek-broadway,45,broadway | dry creek | broadway | littleton village | bradley,39.580638888888885,-104.98847222222226,19,20
drycreek-broadway,46,broadway | littleton village | littleton family ymca | dry creek | dry creek,39.580638888888885,-104.98847222222226,19,20
drycreek-broadway,47,broadway | used cars | cubesmart self storage | dry creek | littleton village,39.580638888888885,-104.98847222222226,19,20
drycreek-broadway,48,service | dinocare | broadway | dry creek | littleton village,39.580638888888885,-104.98847222222226,19,20
drycreek-broadway,49,dinocare | the y ymca | littleton village | broadway | dry creek,39.580638888888885,-104.98847222222226,19,20
drycreek-university,0,stop | space for lease | adoptastreet | space for lease | yeild,39.58066666666668,-104.96036111111114,68,70
drycreek-university,1,dry creek walk ins welcome | adoptastreet | taku sushi | stop | yeild,39.58066666666668,-104.96036111111114,68,70
drycreek-university,2,yeild | adoptastreet | free smells | stop | adoptastreet,39.58066666666668,-104.96036111111114,68,70
drycreek-university,3,fit kitchen | stop | jj jimmy johns | adoptastreet | yeild,39.58066666666668,-104.96036111111114,68,70
drycreek-university,4,star tailor and cleaners | yeild | massage walk ins welcome | adoptastreet | stop,39.58066666666668,-104.96036111111114,68,70
drycreek-university,5,yeild | adoptastreet | stop | love the taste love the love | more than just a donut,39.58066666666668,-104.96036111111114,68,70
drycreek-university,6,yeild | european tailoring | stop | adoptastreet | liberty morgatge group,39.58066666666668,-104.96036111111114,68,70
drycreek-university,7,stop | supplement giant | yeild | house goods cleaning special | adoptastreet,39.58066666666668,-104.96036111111114,68,70
drycreek-university,8,stop | stop | yeild | no smoking | adoptastreet,39.58066666666668,-104.96036111111114,68,70
drycreek-university,9,yeild | hair and nail salon | blackjack pizza | adoptastreet | stop,39.58066666666668,-104.96036111111114,68,70
drycreek-university,10,stop | yeild | star tailor and cleaners | stay on track meal lean options open | adoptastreet,39.58066666666668,-104.96036111111114,68,70
drycreek-university,11,dollar tree | stop | hair and nail salon | yeild | adoptastreet,39.58066666666668,-104.96036111111114,68,70
drycreek-university,12,fit kitchen | supplement giant | stop | adoptastreet | yeild,39.58066666666668,-104.96036111111114,68,70
drycreek-university,13,stop | adoptastreet | yeild | dollar tree | happy spring happy hour daily,39.58066666666668,-104.96036111111114,68,70
drycreek-university,14,stop | adoptastreet | more than just a donut | university towne center | yeild,39.58066666666668,-104.96036111111114,68,70
drycreek-university,15,adoptastreet | gold rush we buy gold silver and diamonds | sushi open | stop | yeild,39.58066666666668,-104.96036111111114,68,70
drycreek-university,16,stop | blackjack pizza | pro vision eyecare | yeild | adoptastreet,39.58066666666668,-104.96036111111114,68,70
drycreek-university,17,adoptastreet | stop | yeild | stay on track meal lean options open | yeild,39.58066666666668,-104.96036111111114,68,70
drycreek-university,18,yeild | adoptastreet | barber shop | cakeheads | stop,39.58066666666668,-104.96036111111114,68,70
drycreek-university,19,stop | adoptastreet | nails and spa | house goods cleaning special | yeild,39.58066666666668,-104.96036111111114,68,70
drycreek-university,20,yeild | adoptastreet | 36 pm margaritas open | stop | brow lash skincare,39.58066666666668,-104.96036111111114,68,70
drycreek-university,21,yeild | sunday | adoptastreet | 36 pm margaritas open | stop,39.58066666666668,-104.96036111111114,68,70
drycreek-university,22,stop | yeild | adoptastreet | boys lacrosse playoffs | hair and nail salon,39.58066666666668,-104.96036111111114,68,70
drycreek-university,23,yeild | barber shop | stop | cloud bar smokes and vapes | adoptastreet,39.58066666666668,-104.96036111111114,68,70
drycreek-university,24,little georges mexican restauraunt | adoptastreet | stop | cloud bar smokes and vapes | yeild,39.58066666666668,-104.96036111111114,68,70
drycreek-university,25,stop | adoptastreet | yeild | in essence nails and hair | white lotus tattoo,39.58066666666668,-104.96036111111114,68,70
drycreek-university,26,udom thai | adoptastreet | stop | yeild | nails and spa,39.58066666666668,-104.96036111111114,68,70
drycreek-university,27,sunday | barber shop | yeild | stop | adoptastreet,39.58066666666668,-104.96036111111114,68,70
drycreek-university,28,j b building company | stop | liquor store | adoptastreet | yeild,39.58066666666668,-104.96036111111114,68,70
drycreek-university,29,provision eye care eddy najar od | adoptastreet | stop | yeild | sushi open,39.58066666666668,-104.96036111111114,68,70
drycreek-university,30,stop | yeild | adoptastreet | in essence nails and hair | space for lease,39.58066666666668,-104.96036111111114,68,70
drycreek-university,31,free smells | mochinut | yeild | adoptastreet | stop,39.58066666666668,-104.96036111111114,68,70
drycreek-university,32,planet fitness | yeild | adoptastreet | stop | blackjack pizza,39.58066666666668,-104.96036111111114,68,70
drycreek-university,33,adoptastreet | live music roberts | yeild | university towne center | stop,39.58066666666668,-104.96036111111114,68,70
drycreek-university,34,adoptastreet | come on in were open | stop | burger king | yeild,39.58066666666668,-104.96036111111114,68,70
drycreek-university,35,yeild | dollar tree | adoptastreet | stop | nails full service for men and women,39.58066666666668,-104.96036111111114,68,70
drycreek-university,36,adoptastreet | stop | 36 pm margaritas open | yeild | european tailoring,39.58066666666668,-104.96036111111114,68,70
drycreek-university,37,sushi open | stop | common sense lending | yeild | adoptastreet,39.58066666666668,-104.96036111111114,68,70
drycreek-university,38,stop | dollar tree | tailor wedding dress | yeild | adoptastreet,39.58066666666668,-104.96036111111114,68,70
drycreek-university,39,fit kitchen | adoptastreet | stop | yeild | boys lacrosse playoffs,39.58066666666668,-104.96036111111114,68,70
drycreek-university,40,more than just a donut | stop | love the taste love the love | yeild | adoptastreet,39.58066666666668,-104.96036111111114,68,70
drycreek-university,41,adoptastreet | yeild | adoptastreet | stop | star and sitara beauty salon,39.58066666666668,-104.96036111111114,68,70
drycreek-university,42,adoptastreet | more than just a donut | stop | nails full service for men and women | yeild,39.58066666666668,-104.96036111111114,68,70
drycreek-university,43,rolling smoke bbq | tailor wedding dress | stop | adoptastreet | yeild,39.58066666666668,-104.96036111111114,68,70
drycreek-university,44,adoptastreet | stop | hexing garden chinese restauraunt | yeild | j b building company,39.58066666666668,-104.96036111111114,68,70
drycreek-university,45,adoptastreet | chineese resturant | free smells | yeild | stop,39.58066666666668,-104.96036111111114,68,70
drycreek-university,46,stop | adoptastreet | sushi open | yeild | love the taste love the love,39.58066666666668,-104.96036111111114,68,70
drycreek-university,47,yeild | hexing garden chinese restauraunt | adoptastreet | liquor store | stop,39.58066666666668,-104.96036111111114,68,70
drycreek-university,48,adoptastreet | stop | provision eye care eddy najar od | yeild | dollar tree,39.58066666666668,-104.96036111111114,68,70
drycreek-university,49,supplement giant | adoptastreet | liberty morgatge group | stop | yeild,39.58066666666668,-104.96036111111114,68,70
easter-havana,0,trucks entering and exiting | speed limit 35 | easter | do not enter | havana,39.58780555555555,-104.86680555555556,18,19
easter-havana,1,easter | do not enter | trucks entering and exiting | speed limit 35 | havana,39.58780555555555,-104.86680555555556,18,19
easter-havana,2,do not enter | speed limit 35 | trucks entering and exiting | easter | havana,39.58780555555555,-104.86680555555556,18,19
easter-havana,3,speed limit 35 | havana | trucks entering and exiting | do not enter | easter,39.58780555555555,-104.86680555555556,18,19
easter-havana,4,easter | speed limit 35 | trucks entering and exiting | havana | do not enter,39.58780555555555,-104.86680555555556,18,19
easter-havana,5,trucks entering and exiting | easter | havana | do not enter | speed limit 35,39.58780555555555,-104.86680555555556,18,19
easter-havana,6,easter | havana | trucks entering and exiting | speed limit 35 | do not enter,39.58780555555555,-104.86680555555556,18,19
easter-havana,7,easter | havana | trucks entering and exiting | do not enter | speed limit 35,39.58780555555555,-104.86680555555556,18,19
easter-havana,8,easter | do not enter | trucks entering and exiting | speed limit 35 | havana,39.58780555555555,-104.86680555555556,18,19
easter-havana,9,trucks entering and exiting | do not enter | speed limit 35 | havana | easter,39.58780555555555,-104.86680555555556,18,19
easter-havana,10,havana | trucks entering and exiting | do not enter | speed limit 35 | easter,39.58780555555555,-104.86680555555556,18,19
easter-havana,11,easter | do not enter | havana | trucks entering and exiting | speed limit 35,39.58780555555555,-104.86680555555556,18,19
easter-havana,12,speed limit 35 | do not enter | easter | trucks entering and exiting | havana,39.58780555555555,-104.86680555555556,18,19
easter-havana,13,havana | easter | speed limit 35 | trucks entering and exiting | do not enter,39.58780555555555,-104.86680555555556,18,19
easter-havana,14,easter | trucks entering and exiting | do not enter | speed limit 35 | havana,39.58780555555555,-104.86680555555556,18,19
easter-havana,15,easter | speed limit 35 | havana | trucks entering and exiting | do not enter,39.58780555555555,-104.86680555555556,18,19
easter-havana,16,speed limit 35 | trucks entering and exiting | do not enter | havana | easter,39.58780555555555,-104.86680555555556,18,19
easter-havana,17,speed limit 35 | havana | easter | do not enter | trucks entering and exiting,39.58780555555555,-104.86680555555556,18,19
easter-havana,18,easter | trucks entering and exiting | speed limit 35 | do not enter | havana,39.58780555555555,-104.86680555555556,18,19
easter-havana,19,speed limit 35 | havana | do not enter | trucks entering and exiting | easter,39.58780555555555,-104.86680555555556,18,19
easter-havana,20,easter | speed limit 35 | havana | trucks entering and exiting | do not enter,39.58780555555555,-104.86680555555556,18,19
easter-havana,21,havana | speed limit 35 | easter | do not enter | trucks entering and exiting,39.58780555555555,-104.86680555555556,18,19
easter-havana,22,easter | havana | speed limit 35 | do not enter | trucks entering and exiting,39.58780555555555,-104.86680555555556,18,19
easter-havana,23,speed limit 35 | do not enter | easter | trucks entering and exiting | havana,39.58780555555555,-104.86680555555556,18,19
easter-havana,24,havana | do not enter | easter | speed limit 35 | trucks entering and exiting,39.58780555555555,-104.86680555555556,18,19
easter-havana,25,trucks entering and exiting | havana | do not enter | easter | speed limit 35,39.58780555555555,-104.86680555555556,18,19
easter-havana,26,havana | speed limit 35 | do not enter | easter | trucks entering and exiting,39.58780555555555,-104.86680555555556,18,19
easter-havana,27,speed limit 35 | trucks entering and exiting | do not enter | havana | easter,39.58780555555555,-104.86680555555556,18,19
easter-havana,28,speed limit 35 | havana | easter | trucks entering and exiting | do not enter,39.58780555555555,-104.86680555555556,18,19
easter-havana,29,trucks entering and exiting | havana | easter | speed limit 35 | do not enter,39.58780555555555,-104.86680555555556,18,19
easter-havana,30,easter | trucks entering and exiting | havana | do not enter | speed limit 35,39.58780555555555,-104.86680555555556,18,19
easter-havana,31,do not enter | speed limit 35 | trucks entering and exiting | havana | easter,39.58780555555555,-104.86680555555556,18,19
easter-havana,32,trucks entering and exiting | easter | speed limit 35 | havana | do not enter,39.58780555555555,-104.86680555555556,18,19
easter-havana,33,do not enter | easter | havana | trucks entering and exiting | speed limit 35,39.58780555555555,-104.86680555555556,18,19
easter-havana,34,do not enter | speed limit 35 | trucks entering and exiting | easter | havana,39.58780555555555,-104.86680555555556,18,19
easter-havana,35,havana | trucks entering and exiting | speed limit 35 | easter | do not enter,39.58780555555555,-104.86680555555556,18,19
easter-havana,36,speed limit 35 | do not enter | easter | havana | trucks entering and exiting,39.58780555555555,-104.86680555555556,18,19
easter-havana,37,trucks entering and exiting | do not enter | easter | havana | speed limit 35,39.58780555555555,-104.86680555555556,18,19
easter-havana,38,trucks entering and exiting | do not enter | havana | easter | speed limit 35,39.58780555555555,-104.86680555555556,18,19
easter-havana,39,havana | trucks entering and exiting | speed limit 35 | do not enter | easter,39.58780555555555,-104.86680555555556,18,19
easter-havana,40,do not enter | havana | speed limit 35 | trucks entering and exiting | easter,39.58780555555555,-104.86680555555556,18,19
easter-havana,41,speed limit 35 | do not enter | easter | trucks entering and exiting | havana,39.58780555555555,-104.86680555555556,18,19
easter-havana,42,trucks entering and exiting | havana | speed limit 35 | easter | do not enter,39.58780555555555,-104.86680555555556,18,19
easter-havana,43,speed limit 35 | havana | easter | do not enter | trucks entering and exiting,39.58780555555555,-104.86680555555556,18,19
easter-havana,44,easter | havana | trucks entering and exiting | do not enter | speed limit 35,39.58780555555555,-104.86680555555556,18,19
easter-havana,45,do not enter | havana | speed limit 35 | easter | trucks entering and exiting,39.58780555555555,-104.86680555555556,18,19
easter-havana,46,havana | do not enter | trucks entering and exiting | easter | speed limit 35,39.58780555555555,-104.86680555555556,18,19
easter-havana,47,do not enter | trucks entering and exiting | easter | havana | speed limit 35,39.58780555555555,-104.86680555555556,18,19
easter-havana,48,easter | do not enter | trucks entering and exiting | havana | speed limit 35,39.58780555555555,-104.86680555555556,18,19
easter-havana,49,easter | trucks entering and exiting | speed limit 35 | havana | do not enter,39.58780555555555,-104.86680555555556,18,19
ellsworth-steele,0,steel st | stop here on red | only | ellsworth ave | turning vehicals to,39.71627777777778,-104.94988888888888,36,40
ellsworth-steele,1,turning vehicals to | only | stop here on red | steel st | ellsworth ave,39.71627777777778,-104.94988888888888,36,40
ellsworth-steele,2,ellsworth ave | steel st | turning vehicals to | only | stop here on red,39.71627777777778,-104.94988888888888,36,40
ellsworth-steele,3,ellsworth ave | turning vehicals to | stop here on red | steel st | only,39.71627777777778,-104.94988888888888,36,40
ellsworth-steele,4,stop here on red | steel st | ellsworth ave | turning vehicals to | only,39.71627777777778,-104.94988888888888,36,40
ellsworth-steele,5,steel st | only | ellsworth ave | stop here on red | turning vehicals to,39.71627777777778,-104.94988888888888,36,40
ellsworth-steele,6,only | stop here on red | steel st | ellsworth ave | turning vehicals to,39.71627777777778,-104.94988888888888,36,40
ellsworth-steele,7,only | steel st | ellsworth ave | stop here on red | turning vehicals to,39.71627777777778,-104.94988888888888,36,40
ellsworth-steele,8,turning vehicals to | stop here on red | ellsworth ave | steel st | only,39.71627777777778,-104.94988888888888,36,40
ellsworth-steele,9,turning vehicals to | steel st | stop here on red | only | ellsworth ave,39.71627777777778,-104.94988888888888,36,40
ellsworth-steele,10,stop here on red | only | turning vehicals to | ellsworth ave | steel st,39.71627777777778,-104.94988888888888,36,40
ellsworth-steele,11,steel st | turning vehicals to | stop here on red | ellsworth ave | only,39.71627777777778,-104.94988888888888,36,40
ellsworth-steele,12,steel st | stop here on red | only | turning vehicals to | ellsworth ave,39.71627777777778,-104.94988888888888,36,40
ellsworth-steele,13,ellsworth ave | only | turning vehicals to | stop here on red | steel st,39.71627777777778,-104.94988888888888,36,40
ellsworth-steele,14,ellsworth ave | steel st | turning vehicals to | only | stop here on red,39.71627777777778,-104.94988888888888,36,40
ellsworth-steele,15,steel st | stop here on red | ellsworth ave | only | turning vehicals to,39.71627777777778,-104.94988888888888,36,40
ellsworth-steele,16,steel st | turning vehicals to | ellsworth ave | stop here on red | only,39.71627777777778,-104.94988888888888,36,40
ellsworth-steele,17,steel st | only | stop here on red | turning vehicals to | ellsworth ave,39.71627777777778,-104.94988888888888,36,40
ellsworth-steele,18,steel st | turning vehicals to | only | stop here on red | ellsworth ave,39.71627777777778,-104.94988888888888,36,40
ellsworth-steele,19,only | stop here on red | steel st | ellsworth ave | turning vehicals to,39.71627777777778,-104.94988888888888,36,40
ellsworth-steele,20,turning vehicals to | only | steel st | stop here on red | ellsworth ave,39.71627777777778,-104.94988888888888,36,40
ellsworth-steele,21,ellsworth ave | stop here on red | only | steel st | turning vehicals to,39.71627777777778,-104.94988888888888,36,40
ellsworth-steele,22,turning vehicals to | stop here on red | only | ellsworth ave | steel st,39.71627777777778,-104.94988888888888,36,40
ellsworth-steele,23,turning vehicals to | stop here on red | steel st | ellsworth ave | only,39.71627777777778,-104.94988888888888,36,40
ellsworth-steele,24,only | turning vehicals to | stop here on red | steel st | ellsworth ave,39.71627777777778,-104.94988888888888,36,40
ellsworth-steele,25,turning vehicals to | only | steel st | stop here on red | ellsworth ave,39.71627777777778,-104.94988888888888,36,40
ellsworth-steele,26,only | ellsworth ave | steel st | turning vehicals to | stop here on red,39.71627777777778,-104.94988888888888,36,40
ellsworth-steele,27,steel st | turning vehicals to | ellsworth ave | only | stop here on red,39.71627777777778,-104.94988888888888,36,40
ellsworth-steele,28,ellsworth ave | steel st | only | turning vehicals to | stop here on red,39.71627777777778,-104.94988888888888,36,40
ellsworth-steele,29,only | steel st | ellsworth ave | stop here on red | turning vehicals to,39.71627777777778,-104.94988888888888,36,40
ellsworth-steele,30,stop here on red | only | steel st | turning vehicals to | ellsworth ave,39.71627777777778,-104.94988888888888,36,40
ellsworth-steele,31,steel st | only | turning vehicals to | ellsworth ave | stop here on red,39.71627777777778,-104.94988888888888,36,40
ellsworth-steele,32,steel st | only | stop here on red | ellsworth ave | turning vehicals to,39.71627777777778,-104.94988888888888,36,40
ellsworth-steele,33,turning vehicals to | ellsworth ave | steel st | stop here on red | only,39.71627777777778,-104.94988888888888,36,40
ellsworth-steele,34,steel st | stop here on red | ellsworth ave | turning vehicals to | only,39.71627777777778,-104.94988888888888,36,40
ellsworth-steele,35,turning vehicals to | steel st | only | ellsworth ave | stop here on red,39.71627777777778,-104.94988888888888,36,40
ellsworth-steele,36,turning vehicals to | ellsworth ave | steel st | stop here on red | only,39.71627777777778,-104.94988888888888,36,40
ellsworth-steele,37,turning vehicals to | stop here on red | steel st | ellsworth ave | only,39.71627777777778,-104.94988888888888,36,40
ellsworth-steele,38,only | stop here on red | steel st | ellsworth ave | turning vehicals to,39.71627777777778,-104.94988888888888,36,40
ellsworth-steele,39,steel st | stop here on red | only | turning vehicals to | ellsworth ave,39.71627777777778,-104.94988888888888,36,40
ellsworth-steele,40,turning vehicals to | only | stop here on red | steel st | ellsworth ave,39.71627777777778,-104.94988888888888,36,40
ellsworth-steele,41,turning vehicals to | ellsworth ave | steel st | only | stop here on red,39.71627777777778,-104.94988888888888,36,40
ellsworth-steele,42,stop here on red | only | steel st | turning vehicals to | ellsworth ave,39.71627777777778,-104.94988888888888,36,40
ellsworth-steele,43,ellsworth ave | only | steel st | turning vehicals to | stop here on red,39.71627777777778,-104.94988888888888,36,40
ellsworth-steele,44,steel st | only | ellsworth ave | turning vehicals to | stop here on red,39.71627777777778,-104.94988888888888,36,40
ellsworth-steele,45,turning vehicals to | stop here on red | ellsworth ave | only | steel st,39.71627777777778,-104.94988888888888,36,40
ellsworth-steele,46,turning vehicals to | ellsworth ave | stop here on red | only | steel st,39.71627777777778,-104.94988888888888,36,40
ellsworth-steele,47,stop here on red | turning vehicals to | steel st | ellsworth ave | only,39.71627777777778,-104.94988888888888,36,40
ellsworth-steele,48,steel st | only | ellsworth ave | turning vehicals to | stop here on red,39.71627777777778,-104.94988888888888,36,40
ellsworth-steele,49,turning vehicals to | stop here on red | ellsworth ave | steel st | only,39.71627777777778,-104.94988888888888,36,40
evans-federal,0,top line | philips 66 | right lane ends | evans | federal,39.67866666666667,-105.02505555555555,21,21
evans-federal,1,right lane ends | federal | dinocare | tmobile | evans,39.67866666666667,-105.02505555555555,21,21
evans-federal,2,evans | federal | fred loya insurance | sinclair | right lane ends,39.67866666666667,-105.02505555555555,21,21
evans-federal,3,hunt brothers pizza | subway | right lane ends | evans | federal,39.67866666666667,-105.02505555555555,21,21
evans-federal,4,federal | right lane ends | evans | subway | hunt brothers pizza,39.67866666666667,-105.02505555555555,21,21
evans-federal,5,chase | federal | nails supplies | evans | right lane ends,39.67866666666667,-105.02505555555555,21,21
evans-federal,6,philips 66 | right lane ends | federal | wing stop | evans,39.67866666666667,-105.02505555555555,21,21
evans-federal,7,federal | right lane ends | whole child | wing stop | evans,39.67866666666667,-105.02505555555555,21,21
evans-federal,8,right lane ends | tmobile | atm | evans | federal,39.67866666666667,-105.02505555555555,21,21
evans-federal,9,federal | chase | dinocare | evans | right lane ends,39.67866666666667,-105.02505555555555,21,21
evans-federal,10,wendys | federal | evans | burger king | right lane ends,39.67866666666667,-105.02505555555555,21,21
evans-federal,11,evans | federal | right lane ends | federal | evans,39.67866666666667,-105.02505555555555,21,21
evans-federal,12,federal | evans | evans | top line | right lane ends,39.67866666666667,-105.02505555555555,21,21
evans-federal,13,right lane ends | federal | wendys | evans | tmobile,39.67866666666667,-105.02505555555555,21,21
evans-federal,14,compass academy | evans | federal | wendys | right lane ends,39.67866666666667,-105.02505555555555,21,21
evans-federal,15,subway | right lane ends | tmobile | evans | federal,39.67866666666667,-105.02505555555555,21,21
evans-federal,16,federal | right lane ends | hunt brothers pizza | right lane ends | evans,39.67866666666667,-105.02505555555555,21,21
evans-federal,17,top line | federal | atm | evans | right lane ends,39.67866666666667,-105.02505555555555,21,21
evans-federal,18,metro by tmoblie | dinocare | evans | federal | right lane ends,39.67866666666667,-105.02505555555555,21,21
evans-federal,19,evans | federal | chase | evans | right lane ends,39.67866666666667,-105.02505555555555,21,21
evans-federal,20,tmobile | right lane ends | evans | federal | top line,39.67866666666667,-105.02505555555555,21,21
evans-federal,21,federal | dinocare | evans | right lane ends | right lane ends,39.67866666666667,-105.02505555555555,21,21
evans-federal,22,evans | right lane ends | subway | philips 66 | federal,39.67866666666667,-105.02505555555555,21,21
evans-federal,23,evans | right lane ends | tmobile | federal | burger king,39.67866666666667,-105.02505555555555,21,21
evans-federal,24,fred loya insurance | evans | federal | right lane ends | metro by tmoblie,39.67866666666667,-105.02505555555555,21,21
evans-federal,25,dinocare | right lane ends | federal | dinocare | evans,39.67866666666667,-105.02505555555555,21,21
evans-federal,26,evans | right lane ends | federal | hunt brothers pizza | sinclair,39.67866666666667,-105.02505555555555,21,21
evans-federal,27,evans | right lane ends | right lane ends | federal | wendys,39.67866666666667,-105.02505555555555,21,21
evans-federal,28,evans | wing stop | federal | right lane ends | evans,39.67866666666667,-105.02505555555555,21,21
evans-federal,29,federal | right lane ends | evans | right lane ends | chase,39.67866666666667,-105.02505555555555,21,21
evans-federal,30,federal | tmobile | evans | hunt brothers pizza | right lane ends,39.67866666666667,-105.02505555555555,21,21
evans-federal,31,sinclair | right lane ends | subway | evans | federal,39.67866666666667,-105.02505555555555,21,21
evans-federal,32,federal | right lane ends | tmobile | evans | right lane ends,39.67866666666667,-105.02505555555555,21,21
evans-federal,33,right lane ends | federal | federal | sinclair | evans,39.67866666666667,-105.02505555555555,21,21
evans-federal,34,federal | right lane ends | evans | compass academy | sinclair,39.67866666666667,-105.02505555555555,21,21
evans-federal,35,right lane ends | dinocare | whole child | evans | federal,39.67866666666667,-105.02505555555555,21,21
evans-federal,36,compass academy | right lane ends | right lane ends | federal | evans,39.67866666666667,-105.02505555555555,21,21
evans-federal,37,metro by tmoblie | federal | evans | federal | right lane ends,39.67866666666667,-105.02505555555555,21,21
evans-federal,38,evans | right lane ends | sinclair | nails supplies | federal,39.67866666666667,-105.02505555555555,21,21
evans-federal,39,metro by tmoblie | federal | wing stop | evans | right lane ends,39.67866666666667,-105.02505555555555,21,21
evans-federal,40,tmobile | federal | evans | right lane ends | top line,39.67866666666667,-105.02505555555555,21,21
evans-federal,41,evans | evans | federal | burger king | right lane ends,39.67866666666667,-105.02505555555555,21,21
evans-federal,42,fred loya insurance | federal | right lane ends | evans | atlantic dental,39.67866666666667,-105.02505555555555,21,21
evans-federal,43,right lane ends | evans | atm | subway | federal,39.67866666666667,-105.02505555555555,21,21
evans-federal,44,federal | right lane ends | evans | wing stop | metro by tmoblie,39.67866666666667,-105.02505555555555,21,21
evans-federal,45,burger king | federal | philips 66 | evans | right lane ends,39.67866666666667,-105.02505555555555,21,21
evans-federal,46,evans | federal | federal | federal | right lane ends,39.67866666666667,-105.02505555555555,21,21
evans-federal,47,right lane ends | evans | atlantic dental | federal | right lane ends,39.67866666666667,-105.02505555555555,21,21
evans-federal,48,federal | evans | evans | top line | right lane ends,39.67866666666667,-105.02505555555555,21,21
evans-federal,49,metro by tmoblie | right lane ends | evans | top line | federal,39.67866666666667,-105.02505555555555,21,21
evans-sheridan,0,super 99 cents | tune up oil change and brakes | tune up oil change and brakes | harvey nutrition | bear valley,39.67916666666667,-105.05325,21,21
evans-sheridan,1,free vaccinations | el gallito restaurant | harvey nutrition | fancy cuts | el gallito restaurant,39.67916666666667,-105.05325,21,21
evans-sheridan,2,fancy cuts | tune up oil change and brakes | in out car wash | el gallito restaurant | com nha kitchan and bar,39.67916666666667,-105.05325,21,21
evans-sheridan,3,taqueria gallito mexican food | tires used new | free vaccinations | in out car wash | el gallito restaurant,39.67916666666667,-105.05325,21,21
evans-sheridan,4,insurance | el lucero restaurant | in out car wash | green tree massage | bear valley,39.67916666666667,-105.05325,21,21
evans-sheridan,5,panaderia oasis | blue lotus | broncos tire shop | chiropractor dr peter and c so | green tree massage,39.67916666666667,-105.05325,21,21
evans-sheridan,6,el lucero restaurant | exdo | super 99 cents | fancy cuts | super 99 cents,39.67916666666667,-105.05325,21,21
evans-sheridan,7,tune up oil change and brakes | fancy cuts | in out car wash | broncos tire shop | fancy cuts,39.67916666666667,-105.05325,21,21
evans-sheridan,8,blue lotus | fancy cuts | com nha kitchan and bar | taqueria gallito mexican food | dentistry surgery boarding,39.67916666666667,-105.05325,21,21
evans-sheridan,9,dentistry surgery boarding | harvey nutrition | green tree massage | uptown nutrition | super 99 cents,39.67916666666667,-105.05325,21,21
evans-sheridan,10,panaderia oasis | harvey nutrition | com nha kitchan and bar | tires used new | super 99 cents,39.67916666666667,-105.05325,21,21
evans-sheridan,11,taqueria gallito mexican food | el lucero restaurant | exdo | harvey nutrition | exdo,39.67916666666667,-105.05325,21,21
evans-sheridan,12,el lucero restaurant | harvey nutrition | tune up oil change and brakes | broncos tire shop | insurance,39.67916666666667,-105.05325,21,21
evans-sheridan,13,free vaccinations | bear valley | free vaccinations | insurance | com nha kitchan and bar,39.67916666666667,-105.05325,21,21
evans-sheridan,14,fancy cuts | fancy cuts | chiropractor dr peter and c so | exdo | uptown nutrition,39.67916666666667,-105.05325,21,21
evans-sheridan,15,el lucero restaurant | insurance | broncos tire shop | tune up oil change and brakes | chiropractor dr peter and c so,39.67916666666667,-105.05325,21,21
evans-sheridan,16,com nha kitchan and bar | harvey nutrition | broncos tire shop | insurance | super 99 cents,39.67916666666667,-105.05325,21,21
evans-sheridan,17,tires used new | chiropractor dr peter and c so | insurance | el lucero restaurant | exdo,39.67916666666667,-105.05325,21,21
evans-sheridan,18,chiropractor dr peter and c so | tires used new | insurance | exdo | free vaccinations,39.67916666666667,-105.05325,21,21
evans-sheridan,19,broncos tire shop | uptown nutrition | blue lotus | panaderia oasis | exdo,39.67916666666667,-105.05325,21,21
evans-sheridan,20,tires used new | tires used new | exdo | uptown nutrition | insurance,39.67916666666667,-105.05325,21,21
evans-sheridan,21,fancy cuts | tires used new | tires used new | exdo | taqueria gallito mexican food,39.67916666666667,-105.05325,21,21
evans-sheridan,22,super 99 cents | uptown nutrition | insurance | harvey nutrition | in out car wash,39.67916666666667,-105.05325,21,21
evans-sheridan,23,green tree massage | exdo | el gallito restaurant | el gallito restaurant | chiropractor dr peter and c so,39.67916666666667,-105.05325,21,21
evans-sheridan,24,el gallito restaurant | free vaccinations | taqueria gallito mexican food | insurance | super 99 cents,39.67916666666667,-105.05325,21,21
evans-sheridan,25,broncos tire shop | com nha kitchan and bar | el lucero restaurant | el gallito restaurant | harvey nutrition,39.67916666666667,-105.05325,21,21
evans-sheridan,26,uptown nutrition | fancy cuts | in out car wash | harvey nutrition | harvey nutrition,39.67916666666667,-105.05325,21,21
evans-sheridan,27,bear valley | harvey nutrition | tune up oil change and brakes | el gallito restaurant | blue lotus,39.67916666666667,-105.05325,21,21
evans-sheridan,28,broncos tire shop | fancy cuts | tires used new | exdo | fancy cuts,39.67916666666667,-105.05325,21,21
evans-sheridan,29,el lucero restaurant | insurance | chiropractor dr peter and c so | uptown nutrition | chiropractor dr peter and c so,39.67916666666667,-105.05325,21,21
evans-sheridan,30,el lucero restaurant | harvey nutrition | super 99 cents | el gallito restaurant | broncos tire shop,39.67916666666667,-105.05325,21,21
evans-sheridan,31,harvey nutrition | panaderia oasis | exdo | blue lotus | panaderia oasis,39.67916666666667,-105.05325,21,21
evans-sheridan,32,bear valley | insurance | super 99 cents | free vaccinations | taqueria gallito mexican food,39.67916666666667,-105.05325,21,21
evans-sheridan,33,chiropractor dr peter and c so | super 99 cents | super 99 cents | uptown nutrition | el lucero restaurant,39.67916666666667,-105.05325,21,21
evans-sheridan,34,exdo | super 99 cents | fancy cuts | exdo | super 99 cents,39.67916666666667,-105.05325,21,21
evans-sheridan,35,green tree massage | bear valley | bear valley | dentistry surgery boarding | panaderia oasis,39.67916666666667,-105.05325,21,21
evans-sheridan,36,super 99 cents | broncos tire shop | tires used new | fancy cuts | taqueria gallito mexican food,39.67916666666667,-105.05325,21,21
evans-sheridan,37,fancy cuts | uptown nutrition | exdo | super 99 cents | uptown nutrition,39.67916666666667,-105.05325,21,21
evans-sheridan,38,com nha kitchan and bar | tires used new | blue lotus | com nha kitchan and bar | com nha kitchan and bar,39.67916666666667,-105.05325,21,21
evans-sheridan,39,broncos tire shop | taqueria gallito mexican food | com nha kitchan and bar | harvey nutrition | broncos tire shop,39.67916666666667,-105.05325,21,21
evans-sheridan,40,el gallito restaurant | broncos tire shop | blue lotus | free vaccinations | taqueria gallito mexican food,39.67916666666667,-105.05325,21,21
evans-sheridan,41,green tree massage | panaderia oasis | panaderia oasis | exdo | in out car wash,39.67916666666667,-105.05325,21,21
evans-sheridan,42,taqueria gallito mexican food | uptown nutrition | bear valley | fancy cuts | el gallito restaurant,39.67916666666667,-105.05325,21,21
evans-sheridan,43,tune up oil change and brakes | green tree massage | uptown nutrition | taqueria gallito mexican food | green tree massage,39.67916666666667,-105.05325,21,21
evans-sheridan,44,uptown nutrition | green tree massage | com nha kitchan and bar | uptown nutrition | broncos tire shop,39.67916666666667,-105.05325,21,21
evans-sheridan,45,free vaccinations | el gallito restaurant | bear valley | uptown nutrition | el lucero restaurant,39.67916666666667,-105.05325,21,21
evans-sheridan,46,chiropractor dr peter and c so | fancy cuts | in out car wash | uptown nutrition | exdo,39.67916666666667,-105.05325,21,21
evans-sheridan,47,el gallito restaurant | dentistry surgery boarding | exdo | super 99 cents | tires used new,39.67916666666667,-105.05325,21,21
evans-sheridan,48,broncos tire shop | fancy cuts | exdo | insurance | super 99 cents,39.67916666666667,-105.05325,21,21
evans-sheridan,49,taqueria gallito mexican food | bear valley | super 99 cents | super 99 cents | chiropractor dr peter and c so,39.67916666666667,-105.05325,21,21
fairmontcemetary-quebec,0,quebec st | quebec st | quebec st | lawrence fence | lawrence fence,39.70688888888889,-104.90347222222222,3,3
fairmontcemetary-quebec,1,lawrence fence | lawrence fence | lawrence fence | the ride | lawrence fence,39.70688888888889,-104.90347222222222,3,3
fairmontcemetary-quebec,2,quebec st | lawrence fence | quebec st | the ride | the ride,39.70688888888889,-104.90347222222222,3,3
fairmontcemetary-quebec,3,the ride | the ride | lawrence fence | the ride | lawrence fence,39.70688888888889,-104.90347222222222,3,3
fairmontcemetary-quebec,4,lawrence fence | quebec st | lawrence fence | lawrence fence | quebec st,39.70688888888889,-104.90347222222222,3,3
fairmontcemetary-quebec,5,lawrence fence | lawrence fence | lawrence fence | lawrence fence | the ride,39.70688888888889,-104.90347222222222,3,3
fairmontcemetary-quebec,6,quebec st | lawrence fence | quebec st | the ride | quebec st,39.70688888888889,-104.90347222222222,3,3
fairmontcemetary-quebec,7,lawrence fence | quebec st | quebec st | quebec st | lawrence fence,39.70688888888889,-104.90347222222222,3,3
fairmontcemetary-quebec,8,quebec st | quebec st | the ride | quebec st | the ride,39.70688888888889,-104.90347222222222,3,3
fairmontcemetary-quebec,9,quebec st | lawrence fence | quebec st | quebec st | quebec st,39.70688888888889,-104.90347222222222,3,3
fairmontcemetary-quebec,10,lawrence fence | the ride | quebec st | the ride | the ride,39.70688888888889,-104.90347222222222,3,3
fairmontcemetary-quebec,11,quebec st | lawrence fence | lawrence fence | the ride | the ride,39.70688888888889,-104.90347222222222,3,3
fairmontcemetary-quebec,12,lawrence fence | the ride | quebec st | lawrence fence | the ride,39.70688888888889,-104.90347222222222,3,3
fairmontcemetary-quebec,13,quebec st | quebec st | the ride | lawrence fence | the ride,39.70688888888889,-104.90347222222222,3,3
fairmontcemetary-quebec,14,lawrence fence | quebec st | lawrence fence | lawrence fence | the ride,39.70688888888889,-104.90347222222222,3,3
fairmontcemetary-quebec,15,the ride | lawrence fence | lawrence fence | lawrence fence | lawrence fence,39.70688888888889,-104.90347222222222,3,3
fairmontcemetary-quebec,16,lawrence fence | the ride | quebec st | the ride | the ride,39.70688888888889,-104.90347222222222,3,3
fairmontcemetary-quebec,17,lawrence fence | quebec st | lawrence fence | quebec st | lawrence fence,39.70688888888889,-104.90347222222222,3,3
fairmontcemetary-quebec,18,the ride | lawrence fence | quebec st | the ride | quebec st,39.70688888888889,-104.90347222222222,3,3
fairmontcemetary-quebec,19,the ride | lawrence fence | the ride | the ride | the ride,39.70688888888889,-104.90347222222222,3,3
fairmontcemetary-quebec,20,quebec st | the ride | lawrence fence | the ride | the ride,39.70688888888889,-104.90347222222222,3,3
fairmontcemetary-quebec,21,lawrence fence | lawrence fence | quebec st | quebec st | the ride,39.70688888888889,-104.90347222222222,3,3
fairmontcemetary-quebec,22,lawrence fence | the ride | quebec st | lawrence fence | quebec st,39.70688888888889,-104.90347222222222,3,3
fairmontcemetary-quebec,23,the ride | lawrence fence | the ride | the ride | the ride,39.70688888888889,-104.90347222222222,3,3
fairmontcemetary-quebec,24,quebec st | the ride | the ride | quebec st | quebec st,39.70688888888889,-104.90347222222222,3,3
fairmontcemetary-quebec,25,the ride | lawrence fence | the ride | the ride | quebec st,39.70688888888889,-104.90347222222222,3,3
fairmontcemetary-quebec,26,quebec st | quebec st | the ride | quebec st | quebec st,39.70688888888889,-104.90347222222222,3,3
fairmontcemetary-quebec,27,the ride | quebec st | quebec st | lawrence fence | lawrence fence,39.70688888888889,-104.90347222222222,3,3
fairmontcemetary-quebec,28,quebec st | the ride | the ride | quebec st | quebec st,39.70688888888889,-104.90347222222222,3,3
fairmontcemetary-quebec,29,lawrence fence | the ride | lawrence fence | lawrence fence | the ride,39.70688888888889,-104.90347222222222,3,3
fairmontcemetary-quebec,30,the ride | lawrence fence | the ride | lawrence fence | quebec st,39.70688888888889,-104.90347222222222,3,3
fairmontcemetary-quebec,31,quebec st | quebec st | quebec st | lawrence fence | lawrence fence,39.70688888888889,-104.90347222222222,3,3
fairmontcemetary-quebec,32,quebec st | quebec st | quebec st | lawrence fence | quebec st,39.70688888888889,-104.90347222222222,3,3
fairmontcemetary-quebec,33,lawrence fence | lawrence fence | lawrence fence | quebec st | the ride,39.70688888888889,-104.90347222222222,3,3
fairmontcemetary-quebec,34,the ride | quebec st | lawrence fence | quebec st | quebec st,39.70688888888889,-104.90347222222222,3,3
fairmontcemetary-quebec,35,lawrence fence | lawrence fence | the ride | lawrence fence | lawrence fence,39.70688888888889,-104.90347222222222,3,3
fairmontcemetary-quebec,36,the ride | lawrence fence | lawrence fence | quebec st | lawrence fence,39.70688888888889,-104.90347222222222,3,3
fairmontcemetary-quebec,37,lawrence fence | the ride | quebec st | quebec st | the ride,39.70688888888889,-104.90347222222222,3,3
fairmontcemetary-quebec,38,quebec st | lawrence fence | quebec st | quebec st | the ride,39.70688888888889,-104.90347222222222,3,3
fairmontcemetary-quebec,39,the ride | quebec st | lawrence fence | the ride | the ride,39.70688888888889,-104.90347222222222,3,3
fairmontcemetary-quebec,40,quebec st | the ride | quebec st | lawrence fence | quebec st,39.70688888888889,-104.90347222222222,3,3
fairmontcemetary-quebec,41,quebec st | the ride | the ride | quebec st | quebec st,39.70688888888889,-104.90347222222222,3,3
fairmontcemetary-quebec,42,quebec st | lawrence fence | lawrence fence | lawrence fence | lawrence fence,39.70688888888889,-104.90347222222222,3,3
fairmontcemetary-quebec,43,lawrence fence | lawrence fence | the ride | lawrence fence | the ride,39.70688888888889,-104.90347222222222,3,3
fairmontcemetary-quebec,44,quebec st | quebec st | the ride | quebec st | the ride,39.70688888888889,-104.90347222222222,3,3
fairmontcemetary-quebec,45,lawrence fence | quebec st | quebec st | lawrence fence | the ride,39.70688888888889,-104.90347222222222,3,3
fairmontcemetary-quebec,46,quebec st | quebec st | lawrence fence | quebec st | lawrence fence,39.70688888888889,-104.90347222222222,3,3
fairmontcemetary-quebec,47,quebec st | lawrence fence | lawrence fence | quebec st | the ride,39.70688888888889,-104.90347222222222,3,3
fairmontcemetary-quebec,48,lawrence fence | the ride | quebec st | the ride | the ride,39.70688888888889,-104.90347222222222,3,3
fairmontcemetary-quebec,49,quebec st | the ride | lawrence fence | quebec st | the ride,39.70688888888889,-104.90347222222222,3,3
florida-federal,0,federal | right lane must turn right | road work ahead | vpower | florida,39.68949999999999,-105.02502777777777,19,20
florida-federal,1,federal | florida | road work ahead | vpower | right lane must turn right,39.68949999999999,-105.02502777777777,19,20
florida-federal,2,florida | vpower | federal | right lane must turn right | road work ahead,39.68949999999999,-105.02502777777777,19,20
florida-federal,3,road work ahead | vpower | right lane must turn right | florida | federal,39.68949999999999,-105.02502777777777,19,20
florida-federal,4,right lane must turn right | vpower | florida | federal | road work ahead,39.68949999999999,-105.02502777777777,19,20
florida-federal,5,federal | right lane must turn right | road work ahead | vpower | florida,39.68949999999999,-105.02502777777777,19,20
florida-federal,6,right lane must turn right | florida | road work ahead | vpower | federal,39.68949999999999,-105.02502777777777,19,20
florida-federal,7,florida | vpower | federal | right lane must turn right | road work ahead,39.68949999999999,-105.02502777777777,19,20
florida-federal,8,right lane must turn right | vpower | federal | road work ahead | florida,39.68949999999999,-105.02502777777777,19,20
florida-federal,9,right lane must turn right | federal | florida | road work ahead | vpower,39.68949999999999,-105.02502777777777,19,20
florida-federal,10,right lane must turn right | vpower | federal | florida | road work ahead,39.68949999999999,-105.02502777777777,19,20
florida-federal,11,vpower | federal | road work ahead | right lane must turn right | florida,39.68949999999999,-105.02502777777777,19,20
florida-federal,12,vpower | road work ahead | florida | right lane must turn right | federal,39.68949999999999,-105.02502777777777,19,20
florida-federal,13,right lane must turn right | road work ahead | federal | florida | vpower,39.68949999999999,-105.02502777777777,19,20
florida-federal,14,right lane must turn right | florida | road work ahead | vpower | federal,39.68949999999999,-105.02502777777777,19,20
florida-federal,15,florida | right lane must turn right | road work ahead | vpower | federal,39.68949999999999,-105.02502777777777,19,20
florida-federal,16,road work ahead | right lane must turn right | federal | vpower | florida,39.68949999999999,-105.02502777777777,19,20
florida-federal,17,road work ahead | right lane must turn right | florida | vpower | federal,39.68949999999999,-105.02502777777777,19,20
florida-federal,18,right lane must turn right | road work ahead | florida | federal | vpower,39.68949999999999,-105.02502777777777,19,20
florida-federal,19,road work ahead | right lane must turn right | federal | florida | vpower,39.68949999999999,-105.02502777777777,19,20
florida-federal,20,road work ahead | vpower | florida | federal | right lane must turn right,39.68949999999999,-105.02502777777777,19,20
florida-federal,21,florida | right lane must turn right | vpower | road work ahead | federal,39.68949999999999,-105.02502777777777,19,20
florida-federal,22,road work ahead | federal | vpower | florida | right lane must turn right,39.68949999999999,-105.02502777777777,19,20
florida-federal,23,florida | vpower | federal | right lane must turn right | road work ahead,39.68949999999999,-105.02502777777777,19,20
florida-federal,24,vpower | federal | right lane must turn right | florida | road work ahead,39.68949999999999,-105.02502777777777,19,20
florida-federal,25,vpower | federal | road work ahead | florida | right lane must turn right,39.68949999999999,-105.02502777777777,19,20
florida-federal,26,federal | right lane must turn right | road work ahead | florida | vpower,39.68949999999999,-105.02502777777777,19,20
florida-federal,27,road work ahead | right lane must turn right | florida | vpower | federal,39.68949999999999,-105.02502777777777,19,20
florida-federal,28,federal | right lane must turn right | road work ahead | florida | vpower,39.68949999999999,-105.02502777777777,19,20
florida-federal,29,right lane must turn right | vpower | florida | road work ahead | federal,39.68949999999999,-105.02502777777777,19,20
florida-federal,30,right lane must turn right | florida | federal | road work ahead | vpower,39.68949999999999,-105.02502777777777,19,20
florida-federal,31,florida | right lane must turn right | vpower | federal | road work ahead,39.68949999999999,-105.02502777777777,19,20
florida-federal,32,vpower | road work ahead | florida | federal | right lane must turn right,39.68949999999999,-105.02502777777777,19,20
florida-federal,33,florida | right lane must turn right | vpower | federal | road work ahead,39.68949999999999,-105.02502777777777,19,20
florida-federal,34,federal | florida | road work ahead | right lane must turn right | vpower,39.68949999999999,-105.02502777777777,19,20
florida-federal,35,florida | vpower | road work ahead | right lane must turn right | federal,39.68949999999999,-105.02502777777777,19,20
florida-federal,36,vpower | right lane must turn right | federal | florida | road work ahead,39.68949999999999,-105.02502777777777,19,20
florida-federal,37,federal | right lane must turn right | florida | vpower | road work ahead,39.68949999999999,-105.02502777777777,19,20
florida-federal,38,right lane must turn right | vpower | florida | road work ahead | federal,39.68949999999999,-105.02502777777777,19,20
florida-federal,39,right lane must turn right | road work ahead | vpower | florida | federal,39.68949999999999,-105.02502777777777,19,20
florida-federal,40,federal | florida | vpower | road work ahead | right lane must turn right,39.68949999999999,-105.02502777777777,19,20
florida-federal,41,federal | road work ahead | right lane must turn right | vpower | florida,39.68949999999999,-105.02502777777777,19,20
florida-federal,42,vpower | road work ahead | federal | right lane must turn right | florida,39.68949999999999,-105.02502777777777,19,20
florida-federal,43,federal | florida | right lane must turn right | vpower | road work ahead,39.68949999999999,-105.02502777777777,19,20
florida-federal,44,vpower | right lane must turn right | road work ahead | florida | federal,39.68949999999999,-105.02502777777777,19,20
florida-federal,45,florida | road work ahead | vpower | federal | right lane must turn right,39.68949999999999,-105.02502777777777,19,20
florida-federal,46,road work ahead | florida | federal | vpower | right lane must turn right,39.68949999999999,-105.02502777777777,19,20
florida-federal,47,vpower | florida | right lane must turn right | federal | road work ahead,39.68949999999999,-105.02502777777777,19,20
florida-federal,48,federal | road work ahead | right lane must turn right | florida | vpower,39.68949999999999,-105.02502777777777,19,20
florida-federal,49,vpower | federal | florida | road work ahead | right lane must turn right,39.68949999999999,-105.02502777777777,19,20
gill-utica,0,street sweeping p this side 3rd friday april thru nov 8am 5pm tow away zone | stop | street sweeping p this side 3rd friday april thru nov 8am 5pm tow away zone | no trash | hemp,39.70688888888889,-104.90347222222225,11,11
gill-utica,1,street sweeping p this side 3 hurs ay april thru nov 8 am 5 pm tow away zone | street sweeping p this side 3rd thursday april thru nov 8am 5pm tow away zone | hemp | stop | street sweeping p this side wenesday april thru nov 8am 5pm tow away zone,39.70688888888889,-104.90347222222225,11,11
gill-utica,2,city and county of denver | street sweeping p this side 3rd friday april thru nov 8am 5pm tow away zone | street sweeping p this side wenesday april thru nov 8am 5pm tow away zone | dip | street sweeping p this side 3rd thursday april thru nov 8am 5pm tow away zone,39.70688888888889,-104.90347222222225,11,11
gill-utica,3,stop | street sweeping p this side 3rd friday april thru nov 8am 5pm tow away zone | street sweeping p this side 3 hurs ay april thru nov 8 am 5 pm tow away zone | city and county of denver | street sweeping p this side 3rd thursday april thru nov 8am 5pm tow away zone,39.70688888888889,-104.90347222222225,11,11
gill-utica,4,street sweeping p this side 3rd friday april thru nov 8am 5pm tow away zone | hemp | street sweeping p this side wenesday april thru nov 8am 5pm tow away zone | no trash | dip,39.70688888888889,-104.90347222222225,11,11
gill-utica,5,street sweeping tuesday april thru nov 8 am 5pm | city and county of denver | street sweeping p this side wenesday april thru nov 8am 5pm tow away zone | for sale rober l | hemp,39.70688888888889,-104.90347222222225,11,11
gill-utica,6,for sale rober l | street sweeping p this side wenesday april thru nov 8am 5pm tow away zone | street sweeping p this side 3rd thursday april thru nov 8am 5pm tow away zone | street sweeping tuesday april thru nov 8 am 5pm | for sale rober l,39.70688888888889,-104.90347222222225,11,11
gill-utica,7,street sweeping p this side wenesday april thru nov 8am 5pm tow away zone | street sweeping tuesday april thru nov 8 am 5pm | for sale rober l | no trash | hemp,39.70688888888889,-104.90347222222225,11,11
gill-utica,8,stop | street sweeping p this side wenesday april thru nov 8am 5pm tow away zone | street sweeping tuesday april thru nov 8 am 5pm | street sweeping tuesday april thru nov 8 am 5pm | street sweeping p this side 3rd thursday april thru nov 8am 5pm tow away zone,39.70688888888889,-104.90347222222225,11,11
gill-utica,9,no trash | city and county of denver | city and county of denver | street sweeping p this side 3rd friday april thru nov 8am 5pm tow away zone | street sweeping p this side 3rd friday april thru nov 8am 5pm tow away zone,39.70688888888889,-104.90347222222225,11,11
gill-utica,10,street sweeping p this side 3 hurs ay april thru nov 8 am 5 pm tow away zone | for sale rober l | street sweeping p this side 3 hurs ay april thru nov 8 am 5 pm tow away zone | street sweeping tuesday april thru nov 8 am 5pm | stop,39.70688888888889,-104.90347222222225,11,11
gill-utica,11,dip | for sale rober l | city and county of denver | street sweeping p this side wenesday april thru nov 8am 5pm tow away zone | street sweeping p this side 3rd thursday april thru nov 8am 5pm tow away zone,39.70688888888889,-104.90347222222225,11,11
gill-utica,12,street sweeping p this side wenesday april thru nov 8am 5pm tow away zone | no trash | city and county of denver | no trash | stop,39.70688888888889,-104.90347222222225,11,11
gill-utica,13,street sweeping p this side 3rd thursday april thru nov 8am 5pm tow away zone | street sweeping tuesday april thru nov 8 am 5pm | street sweeping p this side wenesday april thru nov 8am 5pm tow away zone | street sweeping p this side 3rd thursday april thru nov 8am 5pm tow away zone | street sweeping tuesday april thru nov 8 am 5pm,39.70688888888889,-104.90347222222225,11,11
gill-utica,14,street sweeping tuesday april thru nov 8 am 5pm | stop | street sweeping p this side 3rd thursday april thru nov 8am 5pm tow away zone | street sweeping p this side 3 hurs ay april thru nov 8 am 5 pm tow away zone | city and county of denver,39.70688888888889,-104.90347222222225,11,11
gill-utica,15,dip | city and county of denver | street sweeping p this side 3rd thursday april thru nov 8am 5pm tow away zone | for sale rober l | no trash,39.70688888888889,-104.90347222222225,11,11
gill-utica,16,street sweeping p this side wenesday april thru nov 8am 5pm tow away zone | city and county of denver | street sweeping p this side 3rd thursday april thru nov 8am 5pm tow away zone | no trash | street sweeping p this side 3rd thursday april thru nov 8am 5pm tow away zone,39.70688888888889,-104.90347222222225,11,11
gill-utica,17,street sweeping p this side 3rd friday april thru nov 8am 5pm tow away zone | stop | street sweeping p this side 3rd friday april thru nov 8am 5pm tow away zone | no trash | street sweeping p this side wenesday april thru nov 8am 5pm tow away zone,39.70688888888889,-104.90347222222225,11,11
gill-utica,18,street sweeping tuesday april thru nov 8 am 5pm | street sweeping p this side 3rd friday april thru nov 8am 5pm tow away zone | street sweeping tuesday april thru nov 8 am 5pm | street sweeping p this side 3rd friday april thru nov 8am 5pm tow away zone | hemp,39.70688888888889,-104.90347222222225,11,11
gill-utica,19,street sweeping tuesday april thru nov 8 am 5pm | street sweeping p this side 3rd friday april thru nov 8am 5pm tow away zone | street sweeping p this side 3rd friday april thru nov 8am 5pm tow away zone | street sweeping tuesday april thru nov 8 am 5pm | no trash,39.70688888888889,-104.90347222222225,11,11
gill-utica,20,city and county of denver | for sale rober l | city and county of denver | for sale rober l | street sweeping p this side wenesday april thru nov 8am 5pm tow away zone,39.70688888888889,-104.90347222222225,11,11
gill-utica,21,for sale rober l | street sweeping p this side 3 hurs ay april thru nov 8 am 5 pm tow away zone | stop | stop | street sweeping p this side 3rd thursday april thru nov 8am 5pm tow away zone,39.70688888888889,-104.90347222222225,11,11
gill-utica,22,street sweeping tuesday april thru nov 8 am 5pm | street sweeping p this side 3rd thursday april thru nov 8am 5pm tow away zone | street sweeping p this side 3rd friday april thru nov 8am 5pm tow away zone | no trash | stop,39.70688888888889,-104.90347222222225,11,11
gill-utica,23,street sweeping p this side 3rd friday april thru nov 8am 5pm tow away zone | no trash | for sale rober l | street sweeping p this side 3rd thursday april thru nov 8am 5pm tow away zone | city and county of denver,39.70688888888889,-104.90347222222225,11,11
gill-utica,24,street sweeping p this side 3 hurs ay april thru nov 8 am 5 pm tow away zone | street sweeping p this side wenesday april thru nov 8am 5pm tow away zone | street sweeping p this side 3rd friday april thru nov 8am 5pm tow away zone | stop | for sale rober l,39.70688888888889,-104.90347222222225,11,11
gill-utica,25,street sweeping p this side 3rd friday april thru nov 8am 5pm tow away zone | street sweeping p this side wenesday april thru nov 8am 5pm tow away zone | hemp | street sweeping p this side 3rd thursday april thru nov 8am 5pm tow away zone | hemp,39.70688888888889,-104.90347222222225,11,11
gill-utica,26,dip | no trash | city and county of denver | street sweeping p this side 3 hurs ay april thru nov 8 am 5 pm tow away zone | hemp,39.70688888888889,-104.90347222222225,11,11
gill-utica,27,street sweeping p this side 3rd friday april thru nov 8am 5pm tow away zone | no trash | street sweeping p this side wenesday april thru nov 8am 5pm tow away zone | no trash | no trash,39.70688888888889,-104.90347222222225,11,11
gill-utica,28,street sweeping tuesday april thru nov 8 am 5pm | no trash | stop | for sale rober l | city and county of denver,39.70688888888889,-104.90347222222225,11,11
gill-utica,29,for sale rober l | street sweeping p this side 3rd thursday april thru nov 8am 5pm tow away zone | hemp | street sweeping tuesday april thru nov 8 am 5pm | no trash,39.70688888888889,-104.90347222222225,11,11
gill-utica,30,city and county of denver | city and county of denver | street sweeping p this side 3rd thursday april thru nov 8am 5pm tow away zone | city and county of denver | stop,39.70688888888889,-104.90347222222225,11,11
gill-utica,31,stop | street sweeping p this side 3rd thursday april thru nov 8am 5pm tow away zone | city and county of denver | dip | for sale rober l,39.70688888888889,-104.90347222222225,11,11
gill-utica,32,street sweeping p this side wenesday april thru nov 8am 5pm tow away zone | street sweeping p this side wenesday april thru nov 8am 5pm tow away zone | for sale rober l | stop | street sweeping p this side 3 hurs ay april thru nov 8 am 5 pm tow away zone,39.70688888888889,-104.90347222222225,11,11
gill-utica,33,street sweeping p this side 3rd thursday april thru nov 8am 5pm tow away zone | street sweeping p this side 3rd thursday april thru nov 8am 5pm tow away zone | street sweeping p this side wenesday april thru nov 8am 5pm tow away zone | stop | for sale rober l,39.70688888888889,-104.90347222222225,11,11
gill-utica,34,street sweeping p this side 3 hurs ay april thru nov 8 am 5 pm tow away zone | dip | street sweeping p this side 3 hurs ay april thru nov 8 am 5 pm tow away zone | for sale rober l | street sweeping p this side 3rd thursday april thru nov 8am 5pm tow away zone,39.70688888888889,-104.90347222222225,11,11
gill-utica,35,dip | no trash | for sale rober l | for sale rober l | city and county of denver,39.70688888888889,-104.90347222222225,11,11
gill-utica,36,for sale rober l | for sale rober l | city and county of denver | dip | dip,39.70688888888889,-104.90347222222225,11,11
gill-utica,37,stop | hemp | hemp | street sweeping p this side 3 hurs ay april thru nov 8 am 5 pm tow away zone | hemp,39.70688888888889,-104.90347222222225,11,11
gill-utica,38,street sweeping p this side wenesday april thru nov 8am 5pm tow away zone | stop | street sweeping p this side 3rd thursday april thru nov 8am 5pm tow away zone | street sweeping p this side 3rd thursday april thru nov 8am 5pm tow away zone | street sweeping tuesday april thru nov 8 am 5pm,39.70688888888889,-104.90347222222225,11,11
gill-utica,39,dip | for sale rober l | street sweeping p this side 3rd friday april thru nov 8am 5pm tow away zone | street sweeping p this side 3 hurs ay april thru nov 8 am 5 pm tow away zone | street sweeping p this side 3rd thursday april thru nov 8am 5pm tow away zone,39.70688888888889,-104.90347222222225,11,11
gill-utica,40,street sweeping p this side wenesday april thru nov 8am 5pm tow away zone | stop | city and county of denver | street sweeping p this side wenesday april thru nov 8am 5pm tow away zone | street sweeping tuesday april thru nov 8 am 5pm,39.70688888888889,-104.90347222222225,11,11
gill-utica,41,street sweeping p this side 3rd thursday april thru nov 8am 5pm tow away zone | dip | for sale rober l | city and county of denver | hemp,39.70688888888889,-104.90347222222225,11,11
gill-utica,42,street sweeping p this side 3 hurs ay april thru nov 8 am 5 pm tow away zone | street sweeping p this side wenesday april thru nov 8am 5pm tow away zone | city and county of denver | stop | street sweeping p this side wenesday april thru nov 8am 5pm tow away zone,39.70688888888889,-104.90347222222225,11,11
gill-utica,43,street sweeping p this side 3 hurs ay april thru nov 8 am 5 pm tow away zone | city and county of denver | street sweeping p this side wenesday april thru nov 8am 5pm tow away zone | city and county of denver | hemp,39.70688888888889,-104.90347222222225,11,11
gill-utica,44,no trash | street sweeping tuesday april thru nov 8 am 5pm | stop | street sweeping p this side 3rd friday april thru nov 8am 5pm tow away zone | for sale rober l,39.70688888888889,-104.90347222222225,11,11
gill-utica,45,street sweeping p this side 3 hurs ay april thru nov 8 am 5 pm tow away zone | stop | street sweeping p this side 3 hurs ay april thru nov 8 am 5 pm tow away zone | street sweeping p this side 3rd thursday april thru nov 8am 5pm tow away zone | street sweeping p this side 3 hurs ay april thru nov 8 am 5 pm tow away zone,39.70688888888889,-104.90347222222225,11,11
gill-utica,46,no trash | hemp | hemp | street sweeping tuesday april thru nov 8 am 5pm | street sweeping tuesday april thru nov 8 am 5pm,39.70688888888889,-104.90347222222225,11,11
gill-utica,47,no trash | hemp | street sweeping p this side 3rd friday april thru nov 8am 5pm tow away zone | for sale rober l | city and county of denver,39.70688888888889,-104.90347222222225,11,11
gill-utica,48,street sweeping p this side 3 hurs ay april thru nov 8 am 5 pm tow away zone | street sweeping p this side 3rd thursday april thru nov 8am 5pm tow away zone | street sweeping tuesday april thru nov 8 am 5pm | street sweeping p this side 3 hurs ay april thru nov 8 am 5 pm tow away zone | hemp,39.70688888888889,-104.90347222222225,11,11
gill-utica,49,for sale rober l | street sweeping p this side 3rd friday april thru nov 8am 5pm tow away zone | street sweeping p this side 3rd thursday april thru nov 8am 5pm tow away zone | no trash | for sale rober l,39.70688888888889,-104.90347222222225,11,11
girton-wadsworth,0,natural grocers | girton ave | common spirit emergency and urgent care | girton ave | girton ave,39.65580555555555,-105.08127777777777,3,6
girton-wadsworth,1,girton ave | girton ave | girton ave | girton ave | girton ave,39.65580555555555,-105.08127777777777,3,6
girton-wadsworth,2,common spirit emergency and urgent care | girton ave | girton ave | common spirit emergency and urgent care | natural grocers,39.65580555555555,-105.08127777777777,3,6
girton-wadsworth,3,common spirit emergency and urgent care | girton ave | girton ave | girton ave | natural grocers,39.65580555555555,-105.08127777777777,3,6
girton-wadsworth,4,girton ave | natural grocers | girton ave | girton ave | girton ave,39.65580555555555,-105.08127777777777,3,6
girton-wadsworth,5,natural grocers | natural grocers | girton ave | girton ave | girton ave,39.65580555555555,-105.08127777777777,3,6
girton-wadsworth,6,girton ave | girton ave | girton ave | natural grocers | girton ave,39.65580555555555,-105.08127777777777,3,6
girton-wadsworth,7,girton ave | girton ave | common spirit emergency and urgent care | girton ave | common spirit emergency and urgent care,39.65580555555555,-105.08127777777777,3,6
girton-wadsworth,8,girton ave | girton ave | common spirit emergency and urgent care | girton ave | natural grocers,39.65580555555555,-105.08127777777777,3,6
girton-wadsworth,9,girton ave | girton ave | common spirit emergency and urgent care | girton ave | girton ave,39.65580555555555,-105.08127777777777,3,6
girton-wadsworth,10,girton ave | common spirit emergency and urgent care | girton ave | girton ave | natural grocers,39.65580555555555,-105.08127777777777,3,6
girton-wadsworth,11,girton ave | girton ave | natural grocers | girton ave | girton ave,39.65580555555555,-105.08127777777777,3,6
girton-wadsworth,12,girton ave | natural grocers | natural grocers | natural grocers | girton ave,39.65580555555555,-105.08127777777777,3,6
girton-wadsworth,13,common spirit emergency and urgent care | natural grocers | girton ave | girton ave | girton ave,39.65580555555555,-105.08127777777777,3,6
girton-wadsworth,14,natural grocers | common spirit emergency and urgent care | girton ave | common spirit emergency and urgent care | girton ave,39.65580555555555,-105.08127777777777,3,6
girton-wadsworth,15,common spirit emergency and urgent care | natural grocers | girton ave | girton ave | girton ave,39.65580555555555,-105.08127777777777,3,6
girton-wadsworth,16,common spirit emergency and urgent care | girton ave | girton ave | girton ave | common spirit emergency and urgent care,39.65580555555555,-105.08127777777777,3,6
girton-wadsworth,17,common spirit emergency and urgent care | girton ave | girton ave | natural grocers | girton ave,39.65580555555555,-105.08127777777777,3,6
girton-wadsworth,18,natural grocers | girton ave | girton ave | common spirit emergency and urgent care | natural grocers,39.65580555555555,-105.08127777777777,3,6
girton-wadsworth,19,natural grocers | natural grocers | girton ave | common spirit emergency and urgent care | girton ave,39.65580555555555,-105.08127777777777,3,6
girton-wadsworth,20,girton ave | girton ave | girton ave | girton ave | girton ave,39.65580555555555,-105.08127777777777,3,6
girton-wadsworth,21,girton ave | girton ave | common spirit emergency and urgent care | common spirit emergency and urgent care | girton ave,39.65580555555555,-105.08127777777777,3,6
girton-wadsworth,22,girton ave | girton ave | girton ave | girton ave | girton ave,39.65580555555555,-105.08127777777777,3,6
girton-wadsworth,23,girton ave | girton ave | natural grocers | girton ave | common spirit emergency and urgent care,39.65580555555555,-105.08127777777777,3,6
girton-wadsworth,24,girton ave | natural grocers | girton ave | common spirit emergency and urgent care | girton ave,39.65580555555555,-105.08127777777777,3,6
girton-wadsworth,25,girton ave | girton ave | girton ave | common spirit emergency and urgent care | common spirit emergency and urgent care,39.65580555555555,-105.08127777777777,3,6
girton-wadsworth,26,common spirit emergency and urgent care | girton ave | common spirit emergency and urgent care | girton ave | girton ave,39.65580555555555,-105.08127777777777,3,6
girton-wadsworth,27,girton ave | natural grocers | natural grocers | girton ave | common spirit emergency and urgent care,39.65580555555555,-105.08127777777777,3,6
girton-wadsworth,28,common spirit emergency and urgent care | girton ave | common spirit emergency and urgent care | common spirit emergency and urgent care | girton ave,39.65580555555555,-105.08127777777777,3,6
girton-wadsworth,29,girton ave | girton ave | natural grocers | common spirit emergency and urgent care | common spirit emergency and urgent care,39.65580555555555,-105.08127777777777,3,6
girton-wadsworth,30,common spirit emergency and urgent care | girton ave | girton ave | natural grocers | girton ave,39.65580555555555,-105.08127777777777,3,6
girton-wadsworth,31,girton ave | girton ave | natural grocers | natural grocers | girton ave,39.65580555555555,-105.08127777777777,3,6
girton-wadsworth,32,common spirit emergency and urgent care | natural grocers | girton ave | girton ave | girton ave,39.65580555555555,-105.08127777777777,3,6
girton-wadsworth,33,natural grocers | girton ave | natural grocers | girton ave | girton ave,39.65580555555555,-105.08127777777777,3,6
girton-wadsworth,34,girton ave | girton ave | girton ave | natural grocers | girton ave,39.65580555555555,-105.08127777777777,3,6
girton-wadsworth,35,girton ave | girton ave | girton ave | natural grocers | common spirit emergency and urgent care,39.65580555555555,-105.08127777777777,3,6
girton-wadsworth,36,girton ave | natural grocers | natural grocers | girton ave | girton ave,39.65580555555555,-105.08127777777777,3,6
girton-wadsworth,37,girton ave | common spirit emergency and urgent care | girton ave | girton ave | natural grocers,39.65580555555555,-105.08127777777777,3,6
girton-wadsworth,38,girton ave | girton ave | girton ave | common spirit emergency and urgent care | natural grocers,39.65580555555555,-105.08127777777777,3,6
girton-wadsworth,39,girton ave | natural grocers | natural grocers | girton ave | girton ave,39.65580555555555,-105.08127777777777,3,6
girton-wadsworth,40,girton ave | girton ave | girton ave | common spirit emergency and urgent care | common spirit emergency and urgent care,39.65580555555555,-105.08127777777777,3,6
girton-wadsworth,41,common spirit emergency and urgent care | girton ave | girton ave | natural grocers | common spirit emergency and urgent care,39.65580555555555,-105.08127777777777,3,6
girton-wadsworth,42,girton ave | common spirit emergency and urgent care | natural grocers | girton ave | natural grocers,39.65580555555555,-105.08127777777777,3,6
girton-wadsworth,43,girton ave | natural grocers | girton ave | girton ave | girton ave,39.65580555555555,-105.08127777777777,3,6
girton-wadsworth,44,girton ave | common spirit emergency and urgent care | common spirit emergency and urgent care | girton ave | girton ave,39.65580555555555,-105.08127777777777,3,6
girton-wadsworth,45,girton ave | girton ave | girton ave | girton ave | girton ave,39.65580555555555,-105.08127777777777,3,6
girton-wadsworth,46,common spirit emergency and urgent care | girton ave | girton ave | common spirit emergency and urgent care | girton ave,39.65580555555555,-105.08127777777777,3,6
girton-wadsworth,47,common spirit emergency and urgent care | common spirit emergency and urgent care | natural grocers | girton ave | girton ave,39.65580555555555,-105.08127777777777,3,6
girton-wadsworth,48,common spirit emergency and urgent care | girton ave | natural grocers | girton ave | girton ave,39.65580555555555,-105.08127777777777,3,6
girton-wadsworth,49,girton ave | natural grocers | girton ave | common spirit emergency and urgent care | girton ave,39.65580555555555,-105.08127777777777,3,6
jewell-federal,0,tires wheels alignment | breakfast lunch dinner | aob massage | big o tires | mcdonalds,39.68230555555555,-105.02508333333331,16,16
jewell-federal,1,mcdonalds | viva taxes more | cigarettes conveniance store | cigarettes conveniance store | big o tires,39.68230555555555,-105.02508333333331,16,16
jewell-federal,2,mcdonalds | commercial and residential contractors | comfort dental | big o tires | large 3toppings for 799,39.68230555555555,-105.02508333333331,16,16
jewell-federal,3,big o tires | cigarettes conveniance store | breakfast lunch dinner | viva taxes more | ponchos,39.68230555555555,-105.02508333333331,16,16
jewell-federal,4,aob massage | ponchos | coin laundrylavanderia | coin laundrylavanderia | dominos,39.68230555555555,-105.02508333333331,16,16
jewell-federal,5,commercial and residential contractors | coin laundrylavanderia | ponchos | estlistas latinas | comfort dental,39.68230555555555,-105.02508333333331,16,16
jewell-federal,6,breakfast lunch dinner | estlistas latinas | large 3toppings for 799 | dominos | bud licking boldness,39.68230555555555,-105.02508333333331,16,16
jewell-federal,7,comfort dental | dominos | comfort dental | dominos | denver ink,39.68230555555555,-105.02508333333331,16,16
jewell-federal,8,comfort dental | mcdonalds | commercial and residential contractors | denver ink | comfort dental,39.68230555555555,-105.02508333333331,16,16
jewell-federal,9,breakfast lunch dinner | dominos | comfort dental | estlistas latinas | dominos,39.68230555555555,-105.02508333333331,16,16
jewell-federal,10,bud licking boldness | cigarettes conveniance store | denver ink | big o tires | breakfast lunch dinner,39.68230555555555,-105.02508333333331,16,16
jewell-federal,11,big o tires | tires wheels alignment | mcdonalds | tires wheels alignment | ponchos,39.68230555555555,-105.02508333333331,16,16
jewell-federal,12,estlistas latinas | tires wheels alignment | estlistas latinas | large 3toppings for 799 | breakfast lunch dinner,39.68230555555555,-105.02508333333331,16,16
jewell-federal,13,mcdonalds | viva taxes more | tires wheels alignment | tires wheels alignment | mcdonalds,39.68230555555555,-105.02508333333331,16,16
jewell-federal,14,breakfast lunch dinner | tires wheels alignment | big o tires | aob massage | bud licking boldness,39.68230555555555,-105.02508333333331,16,16
jewell-federal,15,aob massage | coin laundrylavanderia | tires wheels alignment | tires wheels alignment | big o tires,39.68230555555555,-105.02508333333331,16,16
jewell-federal,16,commercial and residential contractors | ponchos | bud licking boldness | estlistas latinas | breakfast lunch dinner,39.68230555555555,-105.02508333333331,16,16
jewell-federal,17,comfort dental | big o tires | mcdonalds | bud licking boldness | large 3toppings for 799,39.68230555555555,-105.02508333333331,16,16
jewell-federal,18,bud licking boldness | aob massage | viva taxes more | estlistas latinas | comfort dental,39.68230555555555,-105.02508333333331,16,16
jewell-federal,19,comfort dental | tires wheels alignment | commercial and residential contractors | dominos | big o tires,39.68230555555555,-105.02508333333331,16,16
jewell-federal,20,breakfast lunch dinner | commercial and residential contractors | mcdonalds | tires wheels alignment | commercial and residential contractors,39.68230555555555,-105.02508333333331,16,16
jewell-federal,21,estlistas latinas | tires wheels alignment | big o tires | comfort dental | estlistas latinas,39.68230555555555,-105.02508333333331,16,16
jewell-federal,22,aob massage | mcdonalds | coin laundrylavanderia | commercial and residential contractors | comfort dental,39.68230555555555,-105.02508333333331,16,16
jewell-federal,23,viva taxes more | breakfast lunch dinner | large 3toppings for 799 | comfort dental | large 3toppings for 799,39.68230555555555,-105.02508333333331,16,16
jewell-federal,24,denver ink | comfort dental | viva taxes more | coin laundrylavanderia | tires wheels alignment,39.68230555555555,-105.02508333333331,16,16
jewell-federal,25,coin laundrylavanderia | commercial and residential contractors | big o tires | ponchos | comfort dental,39.68230555555555,-105.02508333333331,16,16
jewell-federal,26,dominos | breakfast lunch dinner | viva taxes more | mcdonalds | aob massage,39.68230555555555,-105.02508333333331,16,16
jewell-federal,27,comfort dental | tires wheels alignment | denver ink | ponchos | viva taxes more,39.68230555555555,-105.02508333333331,16,16
jewell-federal,28,large 3toppings for 799 | breakfast lunch dinner | bud licking boldness | aob massage | bud licking boldness,39.68230555555555,-105.02508333333331,16,16
jewell-federal,29,cigarettes conveniance store | comfort dental | commercial and residential contractors | estlistas latinas | coin laundrylavanderia,39.68230555555555,-105.02508333333331,16,16
jewell-federal,30,bud licking boldness | dominos | coin laundrylavanderia | cigarettes conveniance store | coin laundrylavanderia,39.68230555555555,-105.02508333333331,16,16
jewell-federal,31,denver ink | denver ink | estlistas latinas | viva taxes more | commercial and residential contractors,39.68230555555555,-105.02508333333331,16,16
jewell-federal,32,denver ink | commercial and residential contractors | dominos | commercial and residential contractors | mcdonalds,39.68230555555555,-105.02508333333331,16,16
jewell-federal,33,commercial and residential contractors | cigarettes conveniance store | coin laundrylavanderia | bud licking boldness | viva taxes more,39.68230555555555,-105.02508333333331,16,16
jewell-federal,34,breakfast lunch dinner | bud licking boldness | cigarettes conveniance store | viva taxes more | comfort dental,39.68230555555555,-105.02508333333331,16,16
jewell-federal,35,breakfast lunch dinner | bud licking boldness | commercial and residential contractors | viva taxes more | ponchos,39.68230555555555,-105.02508333333331,16,16
jewell-federal,36,ponchos | ponchos | cigarettes conveniance store | big o tires | big o tires,39.68230555555555,-105.02508333333331,16,16
jewell-federal,37,commercial and residential contractors | mcdonalds | commercial and residential contractors | breakfast lunch dinner | estlistas latinas,39.68230555555555,-105.02508333333331,16,16
jewell-federal,38,dominos | estlistas latinas | tires wheels alignment | denver ink | bud licking boldness,39.68230555555555,-105.02508333333331,16,16
jewell-federal,39,comfort dental | big o tires | coin laundrylavanderia | coin laundrylavanderia | denver ink,39.68230555555555,-105.02508333333331,16,16
jewell-federal,40,estlistas latinas | breakfast lunch dinner | mcdonalds | bud licking boldness | big o tires,39.68230555555555,-105.02508333333331,16,16
jewell-federal,41,aob massage | bud licking boldness | dominos | estlistas latinas | ponchos,39.68230555555555,-105.02508333333331,16,16
jewell-federal,42,big o tires | ponchos | commercial and residential contractors | viva taxes more | comfort dental,39.68230555555555,-105.02508333333331,16,16
jewell-federal,43,mcdonalds | large 3toppings for 799 | mcdonalds | tires wheels alignment | tires wheels alignment,39.68230555555555,-105.02508333333331,16,16
jewell-federal,44,mcdonalds | tires wheels alignment | denver ink | ponchos | mcdonalds,39.68230555555555,-105.02508333333331,16,16
jewell-federal,45,viva taxes more | coin laundrylavanderia | commercial and residential contractors | commercial and residential contractors | aob massage,39.68230555555555,-105.02508333333331,16,16
jewell-federal,46,comfort dental | bud licking boldness | comfort dental | dominos | estlistas latinas,39.68230555555555,-105.02508333333331,16,16
jewell-federal,47,large 3toppings for 799 | aob massage | large 3toppings for 799 | aob massage | bud licking boldness,39.68230555555555,-105.02508333333331,16,16
jewell-federal,48,mcdonalds | dominos | ponchos | denver ink | commercial and residential contractors,39.68230555555555,-105.02508333333331,16,16
jewell-federal,49,coin laundrylavanderia | estlistas latinas | bud licking boldness | breakfast lunch dinner | commercial and residential contractors,39.68230555555555,-105.02508333333331,16,16
jewell-garrison,0,right lane only | city of lakewood adopt a gulch no motorized vehicles | ahead | yield here to | unlawful to cross into immediate path of vehicle,39.68216666666665,-105.10025000000003,61,70
jewell-garrison,1,unlawful to cross into immediate path of vehicle | city of lakewood adopt a gulch no motorized vehicles | ahead | right lane only | yield here to,39.68216666666665,-105.10025000000003,61,70
jewell-garrison,2,city of lakewood adopt a gulch no motorized vehicles | right lane only | yield here to | ahead | unlawful to cross into immediate path of vehicle,39.68216666666665,-105.10025000000003,61,70
jewell-garrison,3,unlawful to cross into immediate path of vehicle | city of lakewood adopt a gulch no motorized vehicles | right lane only | ahead | yield here to,39.68216666666665,-105.10025000000003,61,70
jewell-garrison,4,unlawful to cross into immediate path of vehicle | city of lakewood adopt a gulch no motorized vehicles | ahead | yield here to | right lane only,39.68216666666665,-105.10025000000003,61,70
jewell-garrison,5,city of lakewood adopt a gulch no motorized vehicles | yield here to | right lane only | ahead | unlawful to cross into immediate path of vehicle,39.68216666666665,-105.10025000000003,61,70
jewell-garrison,6,right lane only | unlawful to cross into immediate path of vehicle | city of lakewood adopt a gulch no motorized vehicles | ahead | yield here to,39.68216666666665,-105.10025000000003,61,70
jewell-garrison,7,yield here to | unlawful to cross into immediate path of vehicle | ahead | right lane only | city of lakewood adopt a gulch no motorized vehicles,39.68216666666665,-105.10025000000003,61,70
jewell-garrison,8,right lane only | unlawful to cross into immediate path of vehicle | ahead | city of lakewood adopt a gulch no motorized vehicles | yield here to,39.68216666666665,-105.10025000000003,61,70
jewell-garrison,9,right lane only | unlawful to cross into immediate path of vehicle | ahead | yield here to | city of lakewood adopt a gulch no motorized vehicles,39.68216666666665,-105.10025000000003,61,70
jewell-garrison,10,right lane only | unlawful to cross into immediate path of vehicle | city of lakewood adopt a gulch no motorized vehicles | ahead | yield here to,39.68216666666665,-105.10025000000003,61,70
jewell-garrison,11,ahead | yield here to | unlawful to cross into immediate path of vehicle | right lane only | city of lakewood adopt a gulch no motorized vehicles,39.68216666666665,-105.10025000000003,61,70
jewell-garrison,12,ahead | unlawful to cross into immediate path of vehicle | yield here to | city of lakewood adopt a gulch no motorized vehicles | right lane only,39.68216666666665,-105.10025000000003,61,70
jewell-garrison,13,ahead | unlawful to cross into immediate path of vehicle | right lane only | city of lakewood adopt a gulch no motorized vehicles | yield here to,39.68216666666665,-105.10025000000003,61,70
jewell-garrison,14,city of lakewood adopt a gulch no motorized vehicles | unlawful to cross into immediate path of vehicle | yield here to | right lane only | ahead,39.68216666666665,-105.10025000000003,61,70
jewell-garrison,15,ahead | yield here to | unlawful to cross into immediate path of vehicle | right lane only | city of lakewood adopt a gulch no motorized vehicles,39.68216666666665,-105.10025000000003,61,70
jewell-garrison,16,ahead | city of lakewood adopt a gulch no motorized vehicles | right lane only | unlawful to cross into immediate path of vehicle | yield here to,39.68216666666665,-105.10025000000003,61,70
jewell-garrison,17,ahead | unlawful to cross into immediate path of vehicle | city of lakewood adopt a gulch no motorized vehicles | yield here to | right lane only,39.68216666666665,-105.10025000000003,61,70
jewell-garrison,18,unlawful to cross into immediate path of vehicle | right lane only | ahead | yield here to | city of lakewood adopt a gulch no motorized vehicles,39.68216666666665,-105.10025000000003,61,70
jewell-garrison,19,ahead | right lane only | unlawful to cross into immediate path of vehicle | yield here to | city of lakewood adopt a gulch no motorized vehicles,39.68216666666665,-105.10025000000003,61,70
jewell-garrison,20,unlawful to cross into immediate path of vehicle | ahead | city of lakewood adopt a gulch no motorized vehicles | yield here to | right lane only,39.68216666666665,-105.10025000000003,61,70
jewell-garrison,21,ahead | unlawful to cross into immediate path of vehicle | city of lakewood adopt a gulch no motorized vehicles | yield here to | right lane only,39.68216666666665,-105.10025000000003,61,70
jewell-garrison,22,unlawful to cross into immediate path of vehicle | yield here to | city of lakewood adopt a gulch no motorized vehicles | ahead | right lane only,39.68216666666665,-105.10025000000003,61,70
jewell-garrison,23,unlawful to cross into immediate path of vehicle | city of lakewood adopt a gulch no motorized vehicles | ahead | yield here to | right lane only,39.68216666666665,-105.10025000000003,61,70
jewell-garrison,24,unlawful to cross into immediate path of vehicle | ahead | city of lakewood adopt a gulch no motorized vehicles | yield here to | right lane only,39.68216666666665,-105.10025000000003,61,70
jewell-garrison,25,ahead | yield here to | right lane only | city of lakewood adopt a gulch no motorized vehicles | unlawful to cross into immediate path of vehicle,39.68216666666665,-105.10025000000003,61,70
jewell-garrison,26,right lane only | ahead | yield here to | unlawful to cross into immediate path of vehicle | city of lakewood adopt a gulch no motorized vehicles,39.68216666666665,-105.10025000000003,61,70
jewell-garrison,27,yield here to | right lane only | unlawful to cross into immediate path of vehicle | city of lakewood adopt a gulch no motorized vehicles | ahead,39.68216666666665,-105.10025000000003,61,70
jewell-garrison,28,unlawful to cross into immediate path of vehicle | ahead | city of lakewood adopt a gulch no motorized vehicles | right lane only | yield here to,39.68216666666665,-105.10025000000003,61,70
jewell-garrison,29,ahead | unlawful to cross into immediate path of vehicle | yield here to | city of lakewood adopt a gulch no motorized vehicles | right lane only,39.68216666666665,-105.10025000000003,61,70
jewell-garrison,30,yield here to | ahead | city of lakewood adopt a gulch no motorized vehicles | right lane only | unlawful to cross into immediate path of vehicle,39.68216666666665,-105.10025000000003,61,70
jewell-garrison,31,yield here to | right lane only | ahead | city of lakewood adopt a gulch no motorized vehicles | unlawful to cross into immediate path of vehicle,39.68216666666665,-105.10025000000003,61,70
jewell-garrison,32,city of lakewood adopt a gulch no motorized vehicles | unlawful to cross into immediate path of vehicle | ahead | right lane only | yield here to,39.68216666666665,-105.10025000000003,61,70
jewell-garrison,33,yield here to | right lane only | city of lakewood adopt a gulch no motorized vehicles | ahead | unlawful to cross into immediate path of vehicle,39.68216666666665,-105.10025000000003,61,70
jewell-garrison,34,yield here to | right lane only | unlawful to cross into immediate path of vehicle | ahead | city of lakewood adopt a gulch no motorized vehicles,39.68216666666665,-105.10025000000003,61,70
jewell-garrison,35,unlawful to cross into immediate path of vehicle | city of lakewood adopt a gulch no motorized vehicles | yield here to | ahead | right lane only,39.68216666666665,-105.10025000000003,61,70
jewell-garrison,36,unlawful to cross into immediate path of vehicle | right lane only | ahead | city of lakewood adopt a gulch no motorized vehicles | yield here to,39.68216666666665,-105.10025000000003,61,70
jewell-garrison,37,yield here to | unlawful to cross into immediate path of vehicle | city of lakewood adopt a gulch no motorized vehicles | right lane only | ahead,39.68216666666665,-105.10025000000003,61,70
jewell-garrison,38,right lane only | unlawful to cross into immediate path of vehicle | yield here to | city of lakewood adopt a gulch no motorized vehicles | ahead,39.68216666666665,-105.10025000000003,61,70
jewell-garrison,39,yield here to | ahead | city of lakewood adopt a gulch no motorized vehicles | right lane only | unlawful to cross into immediate path of vehicle,39.68216666666665,-105.10025000000003,61,70
jewell-garrison,40,yield here to | ahead | unlawful to cross into immediate path of vehicle | right lane only | city of lakewood adopt a gulch no motorized vehicles,39.68216666666665,-105.10025000000003,61,70
jewell-garrison,41,ahead | unlawful to cross into immediate path of vehicle | yield here to | right lane only | city of lakewood adopt a gulch no motorized vehicles,39.68216666666665,-105.10025000000003,61,70
jewell-garrison,42,unlawful to cross into immediate path of vehicle | city of lakewood adopt a gulch no motorized vehicles | right lane only | yield here to | ahead,39.68216666666665,-105.10025000000003,61,70
jewell-garrison,43,city of lakewood adopt a gulch no motorized vehicles | yield here to | right lane only | unlawful to cross into immediate path of vehicle | ahead,39.68216666666665,-105.10025000000003,61,70
jewell-garrison,44,city of lakewood adopt a gulch no motorized vehicles | yield here to | right lane only | ahead | unlawful to cross into immediate path of vehicle,39.68216666666665,-105.10025000000003,61,70
jewell-garrison,45,right lane only | yield here to | ahead | city of lakewood adopt a gulch no motorized vehicles | unlawful to cross into immediate path of vehicle,39.68216666666665,-105.10025000000003,61,70
jewell-garrison,46,city of lakewood adopt a gulch no motorized vehicles | right lane only | unlawful to cross into immediate path of vehicle | ahead | yield here to,39.68216666666665,-105.10025000000003,61,70
jewell-garrison,47,unlawful to cross into immediate path of vehicle | yield here to | ahead | city of lakewood adopt a gulch no motorized vehicles | right lane only,39.68216666666665,-105.10025000000003,61,70
jewell-garrison,48,ahead | unlawful to cross into immediate path of vehicle | right lane only | yield here to | city of lakewood adopt a gulch no motorized vehicles,39.68216666666665,-105.10025000000003,61,70
jewell-garrison,49,right lane only | yield here to | city of lakewood adopt a gulch no motorized vehicles | unlawful to cross into immediate path of vehicle | ahead,39.68216666666665,-105.10025000000003,61,70
jordan-hess,0,public notice | right lane must turn right | horse creek | hess | jordan,39.492916666666666,-104.79383333333335,15,15
jordan-hess,1,jordan | public notice | horse creek | right lane must turn right | hess,39.492916666666666,-104.79383333333335,15,15
jordan-hess,2,jordan | public notice | horse creek | right lane must turn right | hess,39.492916666666666,-104.79383333333335,15,15
jordan-hess,3,right lane must turn right | jordan | hess | horse creek | public notice,39.492916666666666,-104.79383333333335,15,15
jordan-hess,4,jordan | public notice | hess | horse creek | right lane must turn right,39.492916666666666,-104.79383333333335,15,15
jordan-hess,5,horse creek | right lane must turn right | jordan | hess | public notice,39.492916666666666,-104.79383333333335,15,15
jordan-hess,6,public notice | jordan | right lane must turn right | hess | horse creek,39.492916666666666,-104.79383333333335,15,15
jordan-hess,7,hess | public notice | right lane must turn right | horse creek | jordan,39.492916666666666,-104.79383333333335,15,15
jordan-hess,8,jordan | hess | horse creek | public notice | right lane must turn right,39.492916666666666,-104.79383333333335,15,15
jordan-hess,9,right lane must turn right | horse creek | public notice | hess | jordan,39.492916666666666,-104.79383333333335,15,15
jordan-hess,10,public notice | jordan | hess | horse creek | right lane must turn right,39.492916666666666,-104.79383333333335,15,15
jordan-hess,11,public notice | right lane must turn right | horse creek | hess | jordan,39.492916666666666,-104.79383333333335,15,15
jordan-hess,12,right lane must turn right | jordan | public notice | hess | horse creek,39.492916666666666,-104.79383333333335,15,15
jordan-hess,13,public notice | hess | horse creek | jordan | right lane must turn right,39.492916666666666,-104.79383333333335,15,15
jordan-hess,14,jordan | hess | horse creek | right lane must turn right | public notice,39.492916666666666,-104.79383333333335,15,15
jordan-hess,15,hess | right lane must turn right | public notice | horse creek | jordan,39.492916666666666,-104.79383333333335,15,15
jordan-hess,16,right lane must turn right | horse creek | hess | jordan | public notice,39.492916666666666,-104.79383333333335,15,15
jordan-hess,17,jordan | horse creek | public notice | hess | right lane must turn right,39.492916666666666,-104.79383333333335,15,15
jordan-hess,18,public notice | horse creek | right lane must turn right | jordan | hess,39.492916666666666,-104.79383333333335,15,15
jordan-hess,19,right lane must turn right | public notice | hess | jordan | horse creek,39.492916666666666,-104.79383333333335,15,15
jordan-hess,20,public notice | hess | horse creek | jordan | right lane must turn right,39.492916666666666,-104.79383333333335,15,15
jordan-hess,21,hess | right lane must turn right | jordan | horse creek | public notice,39.492916666666666,-104.79383333333335,15,15
jordan-hess,22,hess | jordan | right lane must turn right | public notice | horse creek,39.492916666666666,-104.79383333333335,15,15
jordan-hess,23,public notice | right lane must turn right | jordan | horse creek | hess,39.492916666666666,-104.79383333333335,15,15
jordan-hess,24,jordan | public notice | hess | horse creek | right lane must turn right,39.492916666666666,-104.79383333333335,15,15
jordan-hess,25,public notice | horse creek | right lane must turn right | hess | jordan,39.492916666666666,-104.79383333333335,15,15
jordan-hess,26,right lane must turn right | jordan | horse creek | public notice | hess,39.492916666666666,-104.79383333333335,15,15
jordan-hess,27,jordan | public notice | right lane must turn right | horse creek | hess,39.492916666666666,-104.79383333333335,15,15
jordan-hess,28,right lane must turn right | horse creek | public notice | hess | jordan,39.492916666666666,-104.79383333333335,15,15
jordan-hess,29,hess | public notice | horse creek | right lane must turn right | jordan,39.492916666666666,-104.79383333333335,15,15
jordan-hess,30,hess | right lane must turn right | public notice | horse creek | jordan,39.492916666666666,-104.79383333333335,15,15
jordan-hess,31,horse creek | public notice | hess | right lane must turn right | jordan,39.492916666666666,-104.79383333333335,15,15
jordan-hess,32,hess | public notice | horse creek | jordan | right lane must turn right,39.492916666666666,-104.79383333333335,15,15
jordan-hess,33,public notice | right lane must turn right | horse creek | jordan | hess,39.492916666666666,-104.79383333333335,15,15
jordan-hess,34,right lane must turn right | hess | horse creek | jordan | public notice,39.492916666666666,-104.79383333333335,15,15
jordan-hess,35,hess | horse creek | jordan | public notice | right lane must turn right,39.492916666666666,-104.79383333333335,15,15
jordan-hess,36,hess | jordan | public notice | horse creek | right lane must turn right,39.492916666666666,-104.79383333333335,15,15
jordan-hess,37,right lane must turn right | jordan | hess | horse creek | public notice,39.492916666666666,-104.79383333333335,15,15
jordan-hess,38,hess | jordan | public notice | right lane must turn right | horse creek,39.492916666666666,-104.79383333333335,15,15
jordan-hess,39,hess | jordan | horse creek | public notice | right lane must turn right,39.492916666666666,-104.79383333333335,15,15
jordan-hess,40,horse creek | hess | right lane must turn right | public notice | jordan,39.492916666666666,-104.79383333333335,15,15
jordan-hess,41,horse creek | hess | jordan | public notice | right lane must turn right,39.492916666666666,-104.79383333333335,15,15
jordan-hess,42,right lane must turn right | hess | public notice | horse creek | jordan,39.492916666666666,-104.79383333333335,15,15
jordan-hess,43,hess | right lane must turn right | jordan | public notice | horse creek,39.492916666666666,-104.79383333333335,15,15
jordan-hess,44,hess | public notice | horse creek | right lane must turn right | jordan,39.492916666666666,-104.79383333333335,15,15
jordan-hess,45,jordan | horse creek | hess | public notice | right lane must turn right,39.492916666666666,-104.79383333333335,15,15
jordan-hess,46,hess | jordan | public notice | horse creek | right lane must turn right,39.492916666666666,-104.79383333333335,15,15
jordan-hess,47,horse creek | hess | public notice | right lane must turn right | jordan,39.492916666666666,-104.79383333333335,15,15
jordan-hess,48,jordan | hess | right lane must turn right | public notice | horse creek,39.492916666666666,-104.79383333333335,15,15
jordan-hess,49,right lane must turn right | public notice | hess | horse creek | jordan,39.492916666666666,-104.79383333333335,15,15
kencaryl-simms,0,mountains | shaffer elementary school | heritage multi use methodist church | meadows plaza | hot tub outlet,39.5808888888889,-105.12908333333333,21,21
kencaryl-simms,1,asian chefs | baseball field | asian chefs | golf course | open space and park,39.5808888888889,-105.12908333333333,21,21
kencaryl-simms,2,chatfield senior high | maxson engineering | basler services | starbucks | atm,39.5808888888889,-105.12908333333333,21,21
kencaryl-simms,3,chatfield senior high | tennis courts | heritage multi use methodist church | starbucks | open space and park,39.5808888888889,-105.12908333333333,21,21
kencaryl-simms,4,open space and park | golf course | tennis courts | veterans monument | malloys bar and grill,39.5808888888889,-105.12908333333333,21,21
kencaryl-simms,5,heritage multi use methodist church | las dalias family mexican restaurant | mountains | las dalias family mexican restaurant | hot tub outlet,39.5808888888889,-105.12908333333333,21,21
kencaryl-simms,6,shaffer elementary school | heritage multi use methodist church | chatfield senior high | chatfield senior high | tennis courts,39.5808888888889,-105.12908333333333,21,21
kencaryl-simms,7,golf course | atm | open space and park | basler services | shaffer elementary school,39.5808888888889,-105.12908333333333,21,21
kencaryl-simms,8,las dalias family mexican restaurant | veterans monument | shaffer elementary school | chatfield senior high | chatfield senior high,39.5808888888889,-105.12908333333333,21,21
kencaryl-simms,9,hot tub outlet | golf course | malloys bar and grill | hot tub outlet | maxson engineering,39.5808888888889,-105.12908333333333,21,21
kencaryl-simms,10,hot tub outlet | golf course | veterans monument | basler services | maxson engineering,39.5808888888889,-105.12908333333333,21,21
kencaryl-simms,11,chatfield senior high | veterans monument | meadows plaza | chatfield eye care | usps,39.5808888888889,-105.12908333333333,21,21
kencaryl-simms,12,open space and park | shaffer elementary school | tu casa mexicana restaurant | veterans monument | baseball field,39.5808888888889,-105.12908333333333,21,21
kencaryl-simms,13,shaffer elementary school | veterans monument | asian chefs | las dalias family mexican restaurant | meadows plaza,39.5808888888889,-105.12908333333333,21,21
kencaryl-simms,14,basler services | chatfield senior high | chatfield eye care | asian chefs | open space and park,39.5808888888889,-105.12908333333333,21,21
kencaryl-simms,15,heritage multi use methodist church | hot tub outlet | atm | las dalias family mexican restaurant | shaffer elementary school,39.5808888888889,-105.12908333333333,21,21
kencaryl-simms,16,hot tub outlet | chatfield eye care | basler services | veterans monument | hot tub outlet,39.5808888888889,-105.12908333333333,21,21
kencaryl-simms,17,asian chefs | veterans monument | atm | veterans monument | golf course,39.5808888888889,-105.12908333333333,21,21
kencaryl-simms,18,asian chefs | chatfield senior high | usps | shaffer elementary school | las dalias family mexican restaurant,39.5808888888889,-105.12908333333333,21,21
kencaryl-simms,19,tennis courts | tennis courts | meadows plaza | starbucks | basler services,39.5808888888889,-105.12908333333333,21,21
kencaryl-simms,20,asian chefs | baseball field | heritage multi use methodist church | starbucks | open space and park,39.5808888888889,-105.12908333333333,21,21
kencaryl-simms,21,meadows plaza | basler services | shaffer elementary school | tennis courts | meadows plaza,39.5808888888889,-105.12908333333333,21,21
kencaryl-simms,22,usps | hot tub outlet | basler services | malloys bar and grill | tennis courts,39.5808888888889,-105.12908333333333,21,21
kencaryl-simms,23,starbucks | shaffer elementary school | heritage multi use methodist church | chatfield eye care | shaffer elementary school,39.5808888888889,-105.12908333333333,21,21
kencaryl-simms,24,tu casa mexicana restaurant | maxson engineering | chatfield senior high | chatfield senior high | baseball field,39.5808888888889,-105.12908333333333,21,21
kencaryl-simms,25,tu casa mexicana restaurant | shaffer elementary school | tu casa mexicana restaurant | hot tub outlet | heritage multi use methodist church,39.5808888888889,-105.12908333333333,21,21
kencaryl-simms,26,hot tub outlet | open space and park | hot tub outlet | tu casa mexicana restaurant | basler services,39.5808888888889,-105.12908333333333,21,21
kencaryl-simms,27,mountains | asian chefs | basler services | golf course | usps,39.5808888888889,-105.12908333333333,21,21
kencaryl-simms,28,atm | golf course | malloys bar and grill | starbucks | open space and park,39.5808888888889,-105.12908333333333,21,21
kencaryl-simms,29,open space and park | hot tub outlet | maxson engineering | veterans monument | golf course,39.5808888888889,-105.12908333333333,21,21
kencaryl-simms,30,atm | heritage multi use methodist church | usps | golf course | malloys bar and grill,39.5808888888889,-105.12908333333333,21,21
kencaryl-simms,31,atm | malloys bar and grill | meadows plaza | maxson engineering | golf course,39.5808888888889,-105.12908333333333,21,21
kencaryl-simms,32,atm | atm | golf course | baseball field | usps,39.5808888888889,-105.12908333333333,21,21
kencaryl-simms,33,atm | veterans monument | las dalias family mexican restaurant | veterans monument | shaffer elementary school,39.5808888888889,-105.12908333333333,21,21
kencaryl-simms,34,hot tub outlet | mountains | basler services | veterans monument | basler services,39.5808888888889,-105.12908333333333,21,21
kencaryl-simms,35,usps | tu casa mexicana restaurant | basler services | tennis courts | atm,39.5808888888889,-105.12908333333333,21,21
kencaryl-simms,36,asian chefs | maxson engineering | veterans monument | basler services | baseball field,39.5808888888889,-105.12908333333333,21,21
kencaryl-simms,37,mountains | heritage multi use methodist church | starbucks | meadows plaza | baseball field,39.5808888888889,-105.12908333333333,21,21
kencaryl-simms,38,usps | starbucks | shaffer elementary school | baseball field | hot tub outlet,39.5808888888889,-105.12908333333333,21,21
kencaryl-simms,39,baseball field | heritage multi use methodist church | meadows plaza | golf course | veterans monument,39.5808888888889,-105.12908333333333,21,21
kencaryl-simms,40,mountains | atm | golf course | maxson engineering | atm,39.5808888888889,-105.12908333333333,21,21
kencaryl-simms,41,maxson engineering | chatfield senior high | mountains | shaffer elementary school | basler services,39.5808888888889,-105.12908333333333,21,21
kencaryl-simms,42,golf course | tennis courts | starbucks | atm | mountains,39.5808888888889,-105.12908333333333,21,21
kencaryl-simms,43,hot tub outlet | usps | veterans monument | veterans monument | usps,39.5808888888889,-105.12908333333333,21,21
kencaryl-simms,44,tu casa mexicana restaurant | veterans monument | golf course | tu casa mexicana restaurant | golf course,39.5808888888889,-105.12908333333333,21,21
kencaryl-simms,45,maxson engineering | mountains | maxson engineering | las dalias family mexican restaurant | tu casa mexicana restaurant,39.5808888888889,-105.12908333333333,21,21
kencaryl-simms,46,chatfield senior high | usps | golf course | asian chefs | malloys bar and grill,39.5808888888889,-105.12908333333333,21,21
kencaryl-simms,47,tennis courts | shaffer elementary school | atm | starbucks | baseball field,39.5808888888889,-105.12908333333333,21,21
kencaryl-simms,48,usps | baseball field | malloys bar and grill | atm | hot tub outlet,39.5808888888889,-105.12908333333333,21,21
kencaryl-simms,49,shaffer elementary school | tennis courts | maxson engineering | chatfield senior high | golf course,39.5808888888889,-105.12908333333333,21,21
kencaryl-wadsworth,0,the ride | speed limit 40 | do not enter | s zephyr ct 7800 w | w ken caryl ave 7500 s,39.58069444444445,-105.0871111111111,35,41
kencaryl-wadsworth,1,do not enter | s zephyr ct 7800 w | the ride | speed limit 40 | w ken caryl ave 7500 s,39.58069444444445,-105.0871111111111,35,41
kencaryl-wadsworth,2,w ken caryl ave 7500 s | do not enter | speed limit 40 | s zephyr ct 7800 w | the ride,39.58069444444445,-105.0871111111111,35,41
kencaryl-wadsworth,3,w ken caryl ave 7500 s | the ride | speed limit 40 | s zephyr ct 7800 w | do not enter,39.58069444444445,-105.0871111111111,35,41
kencaryl-wadsworth,4,w ken caryl ave 7500 s | do not enter | the ride | speed limit 40 | s zephyr ct 7800 w,39.58069444444445,-105.0871111111111,35,41
kencaryl-wadsworth,5,w ken caryl ave 7500 s | do not enter | speed limit 40 | the ride | s zephyr ct 7800 w,39.58069444444445,-105.0871111111111,35,41
kencaryl-wadsworth,6,speed limit 40 | do not enter | the ride | w ken caryl ave 7500 s | s zephyr ct 7800 w,39.58069444444445,-105.0871111111111,35,41
kencaryl-wadsworth,7,the ride | s zephyr ct 7800 w | speed limit 40 | do not enter | w ken caryl ave 7500 s,39.58069444444445,-105.0871111111111,35,41
kencaryl-wadsworth,8,speed limit 40 | s zephyr ct 7800 w | do not enter | w ken caryl ave 7500 s | the ride,39.58069444444445,-105.0871111111111,35,41
kencaryl-wadsworth,9,s zephyr ct 7800 w | speed limit 40 | w ken caryl ave 7500 s | the ride | do not enter,39.58069444444445,-105.0871111111111,35,41
kencaryl-wadsworth,10,the ride | do not enter | speed limit 40 | w ken caryl ave 7500 s | s zephyr ct 7800 w,39.58069444444445,-105.0871111111111,35,41
kencaryl-wadsworth,11,w ken caryl ave 7500 s | do not enter | s zephyr ct 7800 w | speed limit 40 | the ride,39.58069444444445,-105.0871111111111,35,41
kencaryl-wadsworth,12,w ken caryl ave 7500 s | speed limit 40 | s zephyr ct 7800 w | the ride | do not enter,39.58069444444445,-105.0871111111111,35,41
kencaryl-wadsworth,13,the ride | s zephyr ct 7800 w | speed limit 40 | do not enter | w ken caryl ave 7500 s,39.58069444444445,-105.0871111111111,35,41
kencaryl-wadsworth,14,speed limit 40 | the ride | w ken caryl ave 7500 s | s zephyr ct 7800 w | do not enter,39.58069444444445,-105.0871111111111,35,41
kencaryl-wadsworth,15,the ride | s zephyr ct 7800 w | speed limit 40 | do not enter | w ken caryl ave 7500 s,39.58069444444445,-105.0871111111111,35,41
kencaryl-wadsworth,16,the ride | s zephyr ct 7800 w | do not enter | w ken caryl ave 7500 s | speed limit 40,39.58069444444445,-105.0871111111111,35,41
kencaryl-wadsworth,17,do not enter | s zephyr ct 7800 w | the ride | w ken caryl ave 7500 s | speed limit 40,39.58069444444445,-105.0871111111111,35,41
kencaryl-wadsworth,18,s zephyr ct 7800 w | w ken caryl ave 7500 s | do not enter | the ride | speed limit 40,39.58069444444445,-105.0871111111111,35,41
kencaryl-wadsworth,19,w ken caryl ave 7500 s | do not enter | speed limit 40 | s zephyr ct 7800 w | the ride,39.58069444444445,-105.0871111111111,35,41
kencaryl-wadsworth,20,do not enter | the ride | s zephyr ct 7800 w | w ken caryl ave 7500 s | speed limit 40,39.58069444444445,-105.0871111111111,35,41
kencaryl-wadsworth,21,speed limit 40 | do not enter | s zephyr ct 7800 w | the ride | w ken caryl ave 7500 s,39.58069444444445,-105.0871111111111,35,41
kencaryl-wadsworth,22,do not enter | speed limit 40 | w ken caryl ave 7500 s | s zephyr ct 7800 w | the ride,39.58069444444445,-105.0871111111111,35,41
kencaryl-wadsworth,23,the ride | w ken caryl ave 7500 s | s zephyr ct 7800 w | speed limit 40 | do not enter,39.58069444444445,-105.0871111111111,35,41
kencaryl-wadsworth,24,the ride | speed limit 40 | do not enter | s zephyr ct 7800 w | w ken caryl ave 7500 s,39.58069444444445,-105.0871111111111,35,41
kencaryl-wadsworth,25,w ken caryl ave 7500 s | do not enter | speed limit 40 | s zephyr ct 7800 w | the ride,39.58069444444445,-105.0871111111111,35,41
kencaryl-wadsworth,26,s zephyr ct 7800 w | speed limit 40 | do not enter | w ken caryl ave 7500 s | the ride,39.58069444444445,-105.0871111111111,35,41
kencaryl-wadsworth,27,speed limit 40 | s zephyr ct 7800 w | w ken caryl ave 7500 s | the ride | do not enter,39.58069444444445,-105.0871111111111,35,41
kencaryl-wadsworth,28,speed limit 40 | do not enter | s zephyr ct 7800 w | the ride | w ken caryl ave 7500 s,39.58069444444445,-105.0871111111111,35,41
kencaryl-wadsworth,29,do not enter | w ken caryl ave 7500 s | s zephyr ct 7800 w | speed limit 40 | the ride,39.58069444444445,-105.0871111111111,35,41
kencaryl-wadsworth,30,do not enter | s zephyr ct 7800 w | speed limit 40 | w ken caryl ave 7500 s | the ride,39.58069444444445,-105.0871111111111,35,41
kencaryl-wadsworth,31,do not enter | s zephyr ct 7800 w | w ken caryl ave 7500 s | speed limit 40 | the ride,39.58069444444445,-105.0871111111111,35,41
kencaryl-wadsworth,32,do not enter | the ride | w ken caryl ave 7500 s | speed limit 40 | s zephyr ct 7800 w,39.58069444444445,-105.0871111111111,35,41
kencaryl-wadsworth,33,the ride | s zephyr ct 7800 w | do not enter | w ken caryl ave 7500 s | speed limit 40,39.58069444444445,-105.0871111111111,35,41
kencaryl-wadsworth,34,the ride | s zephyr ct 7800 w | speed limit 40 | w ken caryl ave 7500 s | do not enter,39.58069444444445,-105.0871111111111,35,41
kencaryl-wadsworth,35,speed limit 40 | w ken caryl ave 7500 s | do not enter | the ride | s zephyr ct 7800 w,39.58069444444445,-105.0871111111111,35,41
kencaryl-wadsworth,36,speed limit 40 | do not enter | w ken caryl ave 7500 s | s zephyr ct 7800 w | the ride,39.58069444444445,-105.0871111111111,35,41
kencaryl-wadsworth,37,speed limit 40 | the ride | w ken caryl ave 7500 s | s zephyr ct 7800 w | do not enter,39.58069444444445,-105.0871111111111,35,41
kencaryl-wadsworth,38,speed limit 40 | do not enter | w ken caryl ave 7500 s | the ride | s zephyr ct 7800 w,39.58069444444445,-105.0871111111111,35,41
kencaryl-wadsworth,39,w ken caryl ave 7500 s | the ride | speed limit 40 | do not enter | s zephyr ct 7800 w,39.58069444444445,-105.0871111111111,35,41
kencaryl-wadsworth,40,the ride | w ken caryl ave 7500 s | s zephyr ct 7800 w | speed limit 40 | do not enter,39.58069444444445,-105.0871111111111,35,41
kencaryl-wadsworth,41,s zephyr ct 7800 w | do not enter | the ride | speed limit 40 | w ken caryl ave 7500 s,39.58069444444445,-105.0871111111111,35,41
kencaryl-wadsworth,42,s zephyr ct 7800 w | speed limit 40 | the ride | w ken caryl ave 7500 s | do not enter,39.58069444444445,-105.0871111111111,35,41
kencaryl-wadsworth,43,speed limit 40 | w ken caryl ave 7500 s | s zephyr ct 7800 w | the ride | do not enter,39.58069444444445,-105.0871111111111,35,41
kencaryl-wadsworth,44,do not enter | speed limit 40 | the ride | w ken caryl ave 7500 s | s zephyr ct 7800 w,39.58069444444445,-105.0871111111111,35,41
kencaryl-wadsworth,45,w ken caryl ave 7500 s | the ride | s zephyr ct 7800 w | do not enter | speed limit 40,39.58069444444445,-105.0871111111111,35,41
kencaryl-wadsworth,46,do not enter | speed limit 40 | the ride | w ken caryl ave 7500 s | s zephyr ct 7800 w,39.58069444444445,-105.0871111111111,35,41
kencaryl-wadsworth,47,s zephyr ct 7800 w | w ken caryl ave 7500 s | do not enter | the ride | speed limit 40,39.58069444444445,-105.0871111111111,35,41
kencaryl-wadsworth,48,the ride | s zephyr ct 7800 w | do not enter | speed limit 40 | w ken caryl ave 7500 s,39.58069444444445,-105.0871111111111,35,41
kencaryl-wadsworth,49,w ken caryl ave 7500 s | the ride | s zephyr ct 7800 w | speed limit 40 | do not enter,39.58069444444445,-105.0871111111111,35,41
kentucky-federal,0,federal | 7 eleven | sams corner store | hoongs kitchen | kentucky,39.700416666666676,-105.02511111111112,20,22
kentucky-federal,1,endurance plumbing | kentucky | fashion time | kentucky | federal,39.700416666666676,-105.02511111111112,20,22
kentucky-federal,2,kentucky | 7 eleven | federal | sams corner store | latin tax service,39.700416666666676,-105.02511111111112,20,22
kentucky-federal,3,kentucky | kentucky | lilys breakfast | federal | federal,39.700416666666676,-105.02511111111112,20,22
kentucky-federal,4,kentucky | 7 eleven | tacos salsas | federal | vegetarian foods,39.700416666666676,-105.02511111111112,20,22
kentucky-federal,5,federal | kentucky | insurance | tacos y salsas 3 | fred loya insurance,39.700416666666676,-105.02511111111112,20,22
kentucky-federal,6,kentucky | federal | tacos salsas | federal | lilys breakfast,39.700416666666676,-105.02511111111112,20,22
kentucky-federal,7,sams corner store | tacos salsas | kentucky | tacos y salsas 3 | federal,39.700416666666676,-105.02511111111112,20,22
kentucky-federal,8,noodle soup | heang plaza | tri ocean seafood market | kentucky | federal,39.700416666666676,-105.02511111111112,20,22
kentucky-federal,9,federal | kentucky | endurance plumbing | kentucky | lilys breakfast,39.700416666666676,-105.02511111111112,20,22
kentucky-federal,10,kentucky | endurance plumbing | kentucky | federal | tacos salsas,39.700416666666676,-105.02511111111112,20,22
kentucky-federal,11,pho duy | insurance | kentucky | hoongs kitchen | federal,39.700416666666676,-105.02511111111112,20,22
kentucky-federal,12,tacos salsas | endurance plumbing | latin tax service | federal | kentucky,39.700416666666676,-105.02511111111112,20,22
kentucky-federal,13,kentucky | tacos y salsas 3 | 7 eleven | federal | fashion time,39.700416666666676,-105.02511111111112,20,22
kentucky-federal,14,sams corner store | federal | federal | kentucky | heang plaza,39.700416666666676,-105.02511111111112,20,22
kentucky-federal,15,lilys breakfast | federal | kentucky | latin tax service | resturaunt,39.700416666666676,-105.02511111111112,20,22
kentucky-federal,16,7 eleven | federal | noodle soup | kentucky | vegetarian foods,39.700416666666676,-105.02511111111112,20,22
kentucky-federal,17,fashion time | insurance | noodle soup | federal | kentucky,39.700416666666676,-105.02511111111112,20,22
kentucky-federal,18,endurance plumbing | insurance | 7 eleven | federal | kentucky,39.700416666666676,-105.02511111111112,20,22
kentucky-federal,19,tacos salsas | kentucky | tri ocean seafood market | endurance plumbing | federal,39.700416666666676,-105.02511111111112,20,22
kentucky-federal,20,latin tax service | federal | federal | heang plaza | kentucky,39.700416666666676,-105.02511111111112,20,22
kentucky-federal,21,resturaunt | kentucky | noodle grill | pho duy | federal,39.700416666666676,-105.02511111111112,20,22
kentucky-federal,22,kentucky | kentucky | tacos y salsas 3 | federal | heang plaza,39.700416666666676,-105.02511111111112,20,22
kentucky-federal,23,federal | kentucky | tacos y salsas 3 | latin tax service | vegetarian foods,39.700416666666676,-105.02511111111112,20,22
kentucky-federal,24,pho duy | federal | tacos salsas | kentucky | kentucky,39.700416666666676,-105.02511111111112,20,22
kentucky-federal,25,vegetarian foods | tacos salsas | federal | kentucky | noodle grill,39.700416666666676,-105.02511111111112,20,22
kentucky-federal,26,vegetarian foods | lilys breakfast | kentucky | heang plaza | federal,39.700416666666676,-105.02511111111112,20,22
kentucky-federal,27,federal | kentucky | noodle soup | endurance plumbing | vegetarian foods,39.700416666666676,-105.02511111111112,20,22
kentucky-federal,28,pho duy | kentucky | heang plaza | federal | federal,39.700416666666676,-105.02511111111112,20,22
kentucky-federal,29,kentucky | resturaunt | pho duy | tacos salsas | federal,39.700416666666676,-105.02511111111112,20,22
kentucky-federal,30,kentucky | fashion time | federal | tacos salsas | vegetarian foods,39.700416666666676,-105.02511111111112,20,22
kentucky-federal,31,sams corner store | federal | kentucky | pho duy | kentucky,39.700416666666676,-105.02511111111112,20,22
kentucky-federal,32,sams corner store | kentucky | latin tax service | federal | federal,39.700416666666676,-105.02511111111112,20,22
kentucky-federal,33,kentucky | lilys breakfast | sams corner store | heang plaza | federal,39.700416666666676,-105.02511111111112,20,22
kentucky-federal,34,kentucky | resturaunt | noodle grill | federal | noodle soup,39.700416666666676,-105.02511111111112,20,22
kentucky-federal,35,federal | hoongs kitchen | federal | kentucky | vegetarian foods,39.700416666666676,-105.02511111111112,20,22
kentucky-federal,36,vegetarian foods | latin tax service | hoongs kitchen | kentucky | federal,39.700416666666676,-105.02511111111112,20,22
kentucky-federal,37,federal | noodle soup | kentucky | fred loya insurance | tri ocean seafood market,39.700416666666676,-105.02511111111112,20,22
kentucky-federal,38,federal | federal | heang plaza | kentucky | vegetarian foods,39.700416666666676,-105.02511111111112,20,22
kentucky-federal,39,kentucky | 7 eleven | federal | kentucky | heang plaza,39.700416666666676,-105.02511111111112,20,22
kentucky-federal,40,insurance | 7 eleven | fred loya insurance | federal | kentucky,39.700416666666676,-105.02511111111112,20,22
kentucky-federal,41,endurance plumbing | hoongs kitchen | federal | resturaunt | kentucky,39.700416666666676,-105.02511111111112,20,22
kentucky-federal,42,endurance plumbing | kentucky | lilys breakfast | federal | pho duy,39.700416666666676,-105.02511111111112,20,22
kentucky-federal,43,noodle soup | heang plaza | tacos y salsas 3 | kentucky | federal,39.700416666666676,-105.02511111111112,20,22
kentucky-federal,44,federal | 7 eleven | noodle soup | kentucky | tri ocean seafood market,39.700416666666676,-105.02511111111112,20,22
kentucky-federal,45,federal | endurance plumbing | pho duy | tacos salsas | kentucky,39.700416666666676,-105.02511111111112,20,22
kentucky-federal,46,fred loya insurance | federal | kentucky | noodle soup | sams corner store,39.700416666666676,-105.02511111111112,20,22
kentucky-federal,47,pho duy | federal | fashion time | kentucky | tri ocean seafood market,39.700416666666676,-105.02511111111112,20,22
kentucky-federal,48,fashion time | kentucky | federal | hoongs kitchen | insurance,39.700416666666676,-105.02511111111112,20,22
kentucky-federal,49,federal | noodle grill | 7 eleven | kentucky | insurance,39.700416666666676,-105.02511111111112,20,22
kentucky-logan,0,road closed to thru traffic | detour | kentucky ave | stop | s logan st,39.70027777777778,-104.98280555555559,7,7
kentucky-logan,1,stop | detour | road closed to thru traffic | kentucky ave | s logan st,39.70027777777778,-104.98280555555559,7,7
kentucky-logan,2,stop | kentucky ave | s logan st | detour | road closed to thru traffic,39.70027777777778,-104.98280555555559,7,7
kentucky-logan,3,s logan st | detour | road closed to thru traffic | kentucky ave | stop,39.70027777777778,-104.98280555555559,7,7
kentucky-logan,4,stop | detour | s logan st | road closed to thru traffic | kentucky ave,39.70027777777778,-104.98280555555559,7,7
kentucky-logan,5,s logan st | stop | kentucky ave | road closed to thru traffic | detour,39.70027777777778,-104.98280555555559,7,7
kentucky-logan,6,s logan st | kentucky ave | road closed to thru traffic | stop | detour,39.70027777777778,-104.98280555555559,7,7
kentucky-logan,7,s logan st | road closed to thru traffic | kentucky ave | detour | stop,39.70027777777778,-104.98280555555559,7,7
kentucky-logan,8,detour | s logan st | kentucky ave | stop | road closed to thru traffic,39.70027777777778,-104.98280555555559,7,7
kentucky-logan,9,stop | road closed to thru traffic | s logan st | kentucky ave | detour,39.70027777777778,-104.98280555555559,7,7
kentucky-logan,10,s logan st | kentucky ave | stop | detour | road closed to thru traffic,39.70027777777778,-104.98280555555559,7,7
kentucky-logan,11,detour | kentucky ave | s logan st | stop | road closed to thru traffic,39.70027777777778,-104.98280555555559,7,7
kentucky-logan,12,s logan st | stop | kentucky ave | road closed to thru traffic | detour,39.70027777777778,-104.98280555555559,7,7
kentucky-logan,13,kentucky ave | stop | road closed to thru traffic | detour | s logan st,39.70027777777778,-104.98280555555559,7,7
kentucky-logan,14,stop | detour | s logan st | road closed to thru traffic | kentucky ave,39.70027777777778,-104.98280555555559,7,7
kentucky-logan,15,road closed to thru traffic | s logan st | detour | stop | kentucky ave,39.70027777777778,-104.98280555555559,7,7
kentucky-logan,16,road closed to thru traffic | detour | stop | kentucky ave | s logan st,39.70027777777778,-104.98280555555559,7,7
kentucky-logan,17,detour | stop | kentucky ave | road closed to thru traffic | s logan st,39.70027777777778,-104.98280555555559,7,7
kentucky-logan,18,kentucky ave | road closed to thru traffic | detour | s logan st | stop,39.70027777777778,-104.98280555555559,7,7
kentucky-logan,19,stop | s logan st | kentucky ave | road closed to thru traffic | detour,39.70027777777778,-104.98280555555559,7,7
kentucky-logan,20,road closed to thru traffic | stop | detour | kentucky ave | s logan st,39.70027777777778,-104.98280555555559,7,7
kentucky-logan,21,kentucky ave | s logan st | detour | road closed to thru traffic | stop,39.70027777777778,-104.98280555555559,7,7
kentucky-logan,22,stop | s logan st | kentucky ave | road closed to thru traffic | detour,39.70027777777778,-104.98280555555559,7,7
kentucky-logan,23,kentucky ave | road closed to thru traffic | detour | s logan st | stop,39.70027777777778,-104.98280555555559,7,7
kentucky-logan,24,stop | detour | kentucky ave | road closed to thru traffic | s logan st,39.70027777777778,-104.98280555555559,7,7
kentucky-logan,25,road closed to thru traffic | stop | s logan st | detour | kentucky ave,39.70027777777778,-104.98280555555559,7,7
kentucky-logan,26,stop | kentucky ave | road closed to thru traffic | s logan st | detour,39.70027777777778,-104.98280555555559,7,7
kentucky-logan,27,detour | kentucky ave | stop | s logan st | road closed to thru traffic,39.70027777777778,-104.98280555555559,7,7
kentucky-logan,28,s logan st | road closed to thru traffic | kentucky ave | stop | detour,39.70027777777778,-104.98280555555559,7,7
kentucky-logan,29,kentucky ave | stop | s logan st | road closed to thru traffic | detour,39.70027777777778,-104.98280555555559,7,7
kentucky-logan,30,road closed to thru traffic | kentucky ave | detour | s logan st | stop,39.70027777777778,-104.98280555555559,7,7
kentucky-logan,31,s logan st | road closed to thru traffic | detour | kentucky ave | stop,39.70027777777778,-104.98280555555559,7,7
kentucky-logan,32,stop | s logan st | road closed to thru traffic | detour | kentucky ave,39.70027777777778,-104.98280555555559,7,7
kentucky-logan,33,road closed to thru traffic | stop | s logan st | detour | kentucky ave,39.70027777777778,-104.98280555555559,7,7
kentucky-logan,34,stop | kentucky ave | road closed to thru traffic | s logan st | detour,39.70027777777778,-104.98280555555559,7,7
kentucky-logan,35,detour | stop | kentucky ave | road closed to thru traffic | s logan st,39.70027777777778,-104.98280555555559,7,7
kentucky-logan,36,road closed to thru traffic | kentucky ave | s logan st | stop | detour,39.70027777777778,-104.98280555555559,7,7
kentucky-logan,37,kentucky ave | s logan st | detour | stop | road closed to thru traffic,39.70027777777778,-104.98280555555559,7,7
kentucky-logan,38,detour | road closed to thru traffic | kentucky ave | s logan st | stop,39.70027777777778,-104.98280555555559,7,7
kentucky-logan,39,stop | detour | road closed to thru traffic | kentucky ave | s logan st,39.70027777777778,-104.98280555555559,7,7
kentucky-logan,40,road closed to thru traffic | stop | s logan st | detour | kentucky ave,39.70027777777778,-104.98280555555559,7,7
kentucky-logan,41,s logan st | stop | road closed to thru traffic | kentucky ave | detour,39.70027777777778,-104.98280555555559,7,7
kentucky-logan,42,road closed to thru traffic | stop | detour | kentucky ave | s logan st,39.70027777777778,-104.98280555555559,7,7
kentucky-logan,43,kentucky ave | s logan st | detour | road closed to thru traffic | stop,39.70027777777778,-104.98280555555559,7,7
kentucky-logan,44,kentucky ave | detour | road closed to thru traffic | stop | s logan st,39.70027777777778,-104.98280555555559,7,7
kentucky-logan,45,road closed to thru traffic | kentucky ave | stop | detour | s logan st,39.70027777777778,-104.98280555555559,7,7
kentucky-logan,46,stop | road closed to thru traffic | s logan st | kentucky ave | detour,39.70027777777778,-104.98280555555559,7,7
kentucky-logan,47,s logan st | stop | road closed to thru traffic | detour | kentucky ave,39.70027777777778,-104.98280555555559,7,7
kentucky-logan,48,road closed to thru traffic | stop | s logan st | detour | kentucky ave,39.70027777777778,-104.98280555555559,7,7
kentucky-logan,49,detour | road closed to thru traffic | s logan st | kentucky ave | stop,39.70027777777778,-104.98280555555559,7,7
leetsdale-holly,0,deli bakery | leetsdale dr | leetsdale dr | holly st | pawtential pet salon,39.70730555555555,-104.92225,20,20
leetsdale-holly,1,mile hi cycles | mile hi cycles | drive up banking | holly st | leetsdale dr,39.70730555555555,-104.92225,20,20
leetsdale-holly,2,deli bakery | not your average joe | holly st | barber shop | leetsdale dr,39.70730555555555,-104.92225,20,20
leetsdale-holly,3,leetsdale dr | icelandic fitness | holly st | medical doctor attorney | deli bakery,39.70730555555555,-104.92225,20,20
leetsdale-holly,4,deli bakery | midwestone bank | holly st | leetsdale dr | leetsdale dr,39.70730555555555,-104.92225,20,20
leetsdale-holly,5,leetsdale dr | not your average joe | holly st | icelandic fitness | icelandic fitness,39.70730555555555,-104.92225,20,20
leetsdale-holly,6,not your average joe | holly st | french pastries | leetsdale dr | drive up banking,39.70730555555555,-104.92225,20,20
leetsdale-holly,7,leetsdale dr | holly st | pawtential pet salon | floral decor event design | newberry brothers,39.70730555555555,-104.92225,20,20
leetsdale-holly,8,midwestone bank | icelandic fitness | leetsdale dr | holly st | quickspex same day prescription eyeglasses,39.70730555555555,-104.92225,20,20
leetsdale-holly,9,24 hour atm | leetsdale dr | ramos law | not your average joe | holly st,39.70730555555555,-104.92225,20,20
leetsdale-holly,10,shoeluggage repair | drive up banking | leetsdale dr | ramos law | holly st,39.70730555555555,-104.92225,20,20
leetsdale-holly,11,holly st | holly st | leetsdale dr | leetsdale dr | medical doctor attorney,39.70730555555555,-104.92225,20,20
leetsdale-holly,12,holly st | holly nails | french pastries | midwestone bank | leetsdale dr,39.70730555555555,-104.92225,20,20
leetsdale-holly,13,pawtential pet salon | leetsdale dr | medical doctor attorney | holly st | holly nails,39.70730555555555,-104.92225,20,20
leetsdale-holly,14,holly st | ramos law | holly nails | medical doctor attorney | leetsdale dr,39.70730555555555,-104.92225,20,20
leetsdale-holly,15,medical doctor attorney | french pastries | midwestone bank | holly st | leetsdale dr,39.70730555555555,-104.92225,20,20
leetsdale-holly,16,mile hi cycles | pawtential pet salon | barber shop | holly st | leetsdale dr,39.70730555555555,-104.92225,20,20
leetsdale-holly,17,holly nails | leetsdale dr | holly st | shoeluggage repair | midwestone bank,39.70730555555555,-104.92225,20,20
leetsdale-holly,18,holly st | floral decor event design | mile hi cycles | pawtential pet salon | leetsdale dr,39.70730555555555,-104.92225,20,20
leetsdale-holly,19,midwestone bank | leetsdale dr | drive up banking | holly st | holly st,39.70730555555555,-104.92225,20,20
leetsdale-holly,20,shoeluggage repair | mile hi cycles | not your average joe | leetsdale dr | holly st,39.70730555555555,-104.92225,20,20
leetsdale-holly,21,leetsdale dr | drive up banking | mile hi cycles | holly st | leetsdale dr,39.70730555555555,-104.92225,20,20
leetsdale-holly,22,icelandic fitness | holly st | not your average joe | leetsdale dr | holly nails,39.70730555555555,-104.92225,20,20
leetsdale-holly,23,mile hi cycles | leetsdale dr | holly st | 24 hour atm | leetsdale dr,39.70730555555555,-104.92225,20,20
leetsdale-holly,24,floral decor event design | holly st | midwestone bank | mile hi cycles | leetsdale dr,39.70730555555555,-104.92225,20,20
leetsdale-holly,25,holly st | barber shop | midwestone bank | deli bakery | leetsdale dr,39.70730555555555,-104.92225,20,20
leetsdale-holly,26,icelandic fitness | holly st | icelandic fitness | floral decor event design | leetsdale dr,39.70730555555555,-104.92225,20,20
leetsdale-holly,27,mile hi cycles | holly st | leetsdale dr | quickspex same day prescription eyeglasses | barber shop,39.70730555555555,-104.92225,20,20
leetsdale-holly,28,holly st | drive up banking | mile hi cycles | icelandic fitness | leetsdale dr,39.70730555555555,-104.92225,20,20
leetsdale-holly,29,shoeluggage repair | leetsdale dr | holly st | holly st | leetsdale dr,39.70730555555555,-104.92225,20,20
leetsdale-holly,30,leetsdale dr | holly st | pawtential pet salon | school of rock | floral decor event design,39.70730555555555,-104.92225,20,20
leetsdale-holly,31,holly st | holly nails | leetsdale dr | holly st | ramos law,39.70730555555555,-104.92225,20,20
leetsdale-holly,32,holly st | midwestone bank | leetsdale dr | mile hi cycles | school of rock,39.70730555555555,-104.92225,20,20
leetsdale-holly,33,leetsdale dr | floral decor event design | drive up banking | quickspex same day prescription eyeglasses | holly st,39.70730555555555,-104.92225,20,20
leetsdale-holly,34,pawtential pet salon | drive up banking | leetsdale dr | holly st | floral decor event design,39.70730555555555,-104.92225,20,20
leetsdale-holly,35,ramos law | floral decor event design | holly st | quickspex same day prescription eyeglasses | leetsdale dr,39.70730555555555,-104.92225,20,20
leetsdale-holly,36,holly st | leetsdale dr | not your average joe | leetsdale dr | newberry brothers,39.70730555555555,-104.92225,20,20
leetsdale-holly,37,ramos law | holly st | drive up banking | leetsdale dr | drive up banking,39.70730555555555,-104.92225,20,20
leetsdale-holly,38,newberry brothers | holly st | quickspex same day prescription eyeglasses | 24 hour atm | leetsdale dr,39.70730555555555,-104.92225,20,20
leetsdale-holly,39,icelandic fitness | holly st | pawtential pet salon | newberry brothers | leetsdale dr,39.70730555555555,-104.92225,20,20
leetsdale-holly,40,leetsdale dr | midwestone bank | holly nails | school of rock | holly st,39.70730555555555,-104.92225,20,20
leetsdale-holly,41,leetsdale dr | holly nails | holly st | floral decor event design | icelandic fitness,39.70730555555555,-104.92225,20,20
leetsdale-holly,42,holly nails | quickspex same day prescription eyeglasses | holly st | leetsdale dr | 24 hour atm,39.70730555555555,-104.92225,20,20
leetsdale-holly,43,holly st | icelandic fitness | floral decor event design | leetsdale dr | barber shop,39.70730555555555,-104.92225,20,20
leetsdale-holly,44,holly st | floral decor event design | leetsdale dr | not your average joe | floral decor event design,39.70730555555555,-104.92225,20,20
leetsdale-holly,45,school of rock | holly st | holly nails | leetsdale dr | newberry brothers,39.70730555555555,-104.92225,20,20
leetsdale-holly,46,holly st | not your average joe | leetsdale dr | holly nails | midwestone bank,39.70730555555555,-104.92225,20,20
leetsdale-holly,47,barber shop | 24 hour atm | leetsdale dr | holly st | holly st,39.70730555555555,-104.92225,20,20
leetsdale-holly,48,french pastries | leetsdale dr | holly st | newberry brothers | icelandic fitness,39.70730555555555,-104.92225,20,20
leetsdale-holly,49,holly st | holly nails | leetsdale dr | leetsdale dr | midwestone bank,39.70730555555555,-104.92225,20,20
leetsdale-monaco,0,golden line auto llc | turning vehicles | monaco st pkwy | leetsdale dr | conoco,39.70291666666666,-104.91286111111113,20,20
leetsdale-monaco,1,turning vehicles | monaco st pkwy | leetsdale dr | pnc bank | floyds barbershop,39.70291666666666,-104.91286111111113,20,20
leetsdale-monaco,2,open | pnc bank | turning vehicles | monaco st pkwy | leetsdale dr,39.70291666666666,-104.91286111111113,20,20
leetsdale-monaco,3,turning vehicles | leetsdale dr | monaco st pkwy | monaco st pkwy | massage,39.70291666666666,-104.91286111111113,20,20
leetsdale-monaco,4,teriyaki | turning vehicles | open | monaco st pkwy | leetsdale dr,39.70291666666666,-104.91286111111113,20,20
leetsdale-monaco,5,teriyaki | leetsdale dr | turning vehicles | monaco st pkwy | vida nails,39.70291666666666,-104.91286111111113,20,20
leetsdale-monaco,6,we want your trades | turning vehicles | leetsdale dr | cremation | monaco st pkwy,39.70291666666666,-104.91286111111113,20,20
leetsdale-monaco,7,teriyaki | monaco st pkwy | turning vehicles | cremation | leetsdale dr,39.70291666666666,-104.91286111111113,20,20
leetsdale-monaco,8,turning vehicles | monaco st pkwy | leetsdale dr | conoco | leetsdale dr,39.70291666666666,-104.91286111111113,20,20
leetsdale-monaco,9,leetsdale dr | 1 trusted news | turning vehicles | teriyaki | monaco st pkwy,39.70291666666666,-104.91286111111113,20,20
leetsdale-monaco,10,turning vehicles | monaco st pkwy | monaco st pkwy | leetsdale dr | 1 trusted news,39.70291666666666,-104.91286111111113,20,20
leetsdale-monaco,11,leetsdale dr | monaco st pkwy | turning vehicles | massage | leetsdale dr,39.70291666666666,-104.91286111111113,20,20
leetsdale-monaco,12,turning vehicles | monaco st pkwy | mama africa caf | taxes envios | leetsdale dr,39.70291666666666,-104.91286111111113,20,20
leetsdale-monaco,13,leetsdale dr | massage | monaco st pkwy | monaco st pkwy | turning vehicles,39.70291666666666,-104.91286111111113,20,20
leetsdale-monaco,14,turning vehicles | monaco st pkwy | 1 trusted news | leetsdale dr | leetsdale dr,39.70291666666666,-104.91286111111113,20,20
leetsdale-monaco,15,turning vehicles | leetsdale dr | floyds barbershop | taxes envios | monaco st pkwy,39.70291666666666,-104.91286111111113,20,20
leetsdale-monaco,16,floyds barbershop | vida nails | monaco st pkwy | leetsdale dr | turning vehicles,39.70291666666666,-104.91286111111113,20,20
leetsdale-monaco,17,leetsdale dr | taxes envios | turning vehicles | monaco st pkwy | buy sell trade finance,39.70291666666666,-104.91286111111113,20,20
leetsdale-monaco,18,mama africa caf | turning vehicles | open | monaco st pkwy | leetsdale dr,39.70291666666666,-104.91286111111113,20,20
leetsdale-monaco,19,metro by t mobile | turning vehicles | monaco st pkwy | we want your trades | leetsdale dr,39.70291666666666,-104.91286111111113,20,20
leetsdale-monaco,20,vida nails | 1 trusted news | turning vehicles | monaco st pkwy | leetsdale dr,39.70291666666666,-104.91286111111113,20,20
leetsdale-monaco,21,monaco st pkwy | turning vehicles | theepochtimescom | 7 eleven | leetsdale dr,39.70291666666666,-104.91286111111113,20,20
leetsdale-monaco,22,monaco st pkwy | conoco | turning vehicles | teriyaki | leetsdale dr,39.70291666666666,-104.91286111111113,20,20
leetsdale-monaco,23,turning vehicles | leetsdale dr | buy sell trade finance | turning vehicles | monaco st pkwy,39.70291666666666,-104.91286111111113,20,20
leetsdale-monaco,24,leetsdale dr | monaco st pkwy | turning vehicles | we want your trades | monaco st pkwy,39.70291666666666,-104.91286111111113,20,20
leetsdale-monaco,25,turning vehicles | monaco st pkwy | leetsdale dr | monaco st pkwy | floyds barbershop,39.70291666666666,-104.91286111111113,20,20
leetsdale-monaco,26,conoco | monaco st pkwy | leetsdale dr | leetsdale dr | turning vehicles,39.70291666666666,-104.91286111111113,20,20
leetsdale-monaco,27,turning vehicles | leetsdale dr | taxes envios | cremation | monaco st pkwy,39.70291666666666,-104.91286111111113,20,20
leetsdale-monaco,28,taxes envios | monaco st pkwy | turning vehicles | open | leetsdale dr,39.70291666666666,-104.91286111111113,20,20
leetsdale-monaco,29,cremation | monaco st pkwy | 7 eleven | leetsdale dr | turning vehicles,39.70291666666666,-104.91286111111113,20,20
leetsdale-monaco,30,turning vehicles | leetsdale dr | metro by t mobile | monaco st pkwy | theepochtimescom,39.70291666666666,-104.91286111111113,20,20
leetsdale-monaco,31,we want your trades | leetsdale dr | monaco st pkwy | turning vehicles | massage,39.70291666666666,-104.91286111111113,20,20
leetsdale-monaco,32,monaco st pkwy | teriyaki | leetsdale dr | turning vehicles | we want your trades,39.70291666666666,-104.91286111111113,20,20
leetsdale-monaco,33,monaco st pkwy | buy sell trade finance | leetsdale dr | turning vehicles | leetsdale dr,39.70291666666666,-104.91286111111113,20,20
leetsdale-monaco,34,golden line auto llc | leetsdale dr | conoco | monaco st pkwy | turning vehicles,39.70291666666666,-104.91286111111113,20,20
leetsdale-monaco,35,leetsdale dr | turning vehicles | monaco st pkwy | we want your trades | 1 trusted news,39.70291666666666,-104.91286111111113,20,20
leetsdale-monaco,36,leetsdale dr | monaco st pkwy | massage | turning vehicles | theepochtimescom,39.70291666666666,-104.91286111111113,20,20
leetsdale-monaco,37,pnc bank | turning vehicles | buy sell trade finance | leetsdale dr | monaco st pkwy,39.70291666666666,-104.91286111111113,20,20
leetsdale-monaco,38,monaco st pkwy | turning vehicles | floyds barbershop | turning vehicles | leetsdale dr,39.70291666666666,-104.91286111111113,20,20
leetsdale-monaco,39,turning vehicles | mama africa caf | monaco st pkwy | leetsdale dr | vida nails,39.70291666666666,-104.91286111111113,20,20
leetsdale-monaco,40,golden line auto llc | monaco st pkwy | leetsdale dr | mama africa caf | turning vehicles,39.70291666666666,-104.91286111111113,20,20
leetsdale-monaco,41,pnc bank | pnc bank | leetsdale dr | monaco st pkwy | turning vehicles,39.70291666666666,-104.91286111111113,20,20
leetsdale-monaco,42,floyds barbershop | turning vehicles | leetsdale dr | 1 trusted news | monaco st pkwy,39.70291666666666,-104.91286111111113,20,20
leetsdale-monaco,43,pnc bank | leetsdale dr | open | monaco st pkwy | turning vehicles,39.70291666666666,-104.91286111111113,20,20
leetsdale-monaco,44,turning vehicles | monaco st pkwy | teriyaki | massage | leetsdale dr,39.70291666666666,-104.91286111111113,20,20
leetsdale-monaco,45,monaco st pkwy | monaco st pkwy | open | leetsdale dr | turning vehicles,39.70291666666666,-104.91286111111113,20,20
leetsdale-monaco,46,massage | leetsdale dr | monaco st pkwy | turning vehicles | golden line auto llc,39.70291666666666,-104.91286111111113,20,20
leetsdale-monaco,47,turning vehicles | monaco st pkwy | open | leetsdale dr | floyds barbershop,39.70291666666666,-104.91286111111113,20,20
leetsdale-monaco,48,leetsdale dr | 7 eleven | turning vehicles | conoco | monaco st pkwy,39.70291666666666,-104.91286111111113,20,20
leetsdale-monaco,49,turning vehicles | leetsdale dr | monaco st pkwy | metro by t mobile | metro by t mobile,39.70291666666666,-104.91286111111113,20,20
leetsdale-quebec,0,left on green arrow only | leetsdale dr | the hudson at high line | truck route | quebec st,39.698499999999996,-104.90352777777778,18,20
leetsdale-quebec,1,truck route | leetsdale dr | quebec st | the hudson at high line | left on green arrow only,39.698499999999996,-104.90352777777778,18,20
leetsdale-quebec,2,the hudson at high line | quebec st | truck route | left on green arrow only | leetsdale dr,39.698499999999996,-104.90352777777778,18,20
leetsdale-quebec,3,quebec st | leetsdale dr | truck route | left on green arrow only | the hudson at high line,39.698499999999996,-104.90352777777778,18,20
leetsdale-quebec,4,left on green arrow only | truck route | leetsdale dr | the hudson at high line | quebec st,39.698499999999996,-104.90352777777778,18,20
leetsdale-quebec,5,the hudson at high line | left on green arrow only | truck route | leetsdale dr | quebec st,39.698499999999996,-104.90352777777778,18,20
leetsdale-quebec,6,the hudson at high line | truck route | leetsdale dr | left on green arrow only | quebec st,39.698499999999996,-104.90352777777778,18,20
leetsdale-quebec,7,quebec st | left on green arrow only | leetsdale dr | truck route | the hudson at high line,39.698499999999996,-104.90352777777778,18,20
leetsdale-quebec,8,the hudson at high line | left on green arrow only | truck route | leetsdale dr | quebec st,39.698499999999996,-104.90352777777778,18,20
leetsdale-quebec,9,leetsdale dr | left on green arrow only | truck route | the hudson at high line | quebec st,39.698499999999996,-104.90352777777778,18,20
leetsdale-quebec,10,left on green arrow only | the hudson at high line | leetsdale dr | quebec st | truck route,39.698499999999996,-104.90352777777778,18,20
leetsdale-quebec,11,leetsdale dr | truck route | the hudson at high line | left on green arrow only | quebec st,39.698499999999996,-104.90352777777778,18,20
leetsdale-quebec,12,left on green arrow only | quebec st | truck route | leetsdale dr | the hudson at high line,39.698499999999996,-104.90352777777778,18,20
leetsdale-quebec,13,truck route | quebec st | leetsdale dr | the hudson at high line | left on green arrow only,39.698499999999996,-104.90352777777778,18,20
leetsdale-quebec,14,the hudson at high line | quebec st | truck route | leetsdale dr | left on green arrow only,39.698499999999996,-104.90352777777778,18,20
leetsdale-quebec,15,truck route | left on green arrow only | the hudson at high line | leetsdale dr | quebec st,39.698499999999996,-104.90352777777778,18,20
leetsdale-quebec,16,quebec st | leetsdale dr | left on green arrow only | the hudson at high line | truck route,39.698499999999996,-104.90352777777778,18,20
leetsdale-quebec,17,the hudson at high line | leetsdale dr | left on green arrow only | truck route | quebec st,39.698499999999996,-104.90352777777778,18,20
leetsdale-quebec,18,truck route | quebec st | leetsdale dr | left on green arrow only | the hudson at high line,39.698499999999996,-104.90352777777778,18,20
leetsdale-quebec,19,quebec st | leetsdale dr | left on green arrow only | the hudson at high line | truck route,39.698499999999996,-104.90352777777778,18,20
leetsdale-quebec,20,left on green arrow only | truck route | the hudson at high line | leetsdale dr | quebec st,39.698499999999996,-104.90352777777778,18,20
leetsdale-quebec,21,the hudson at high line | truck route | quebec st | leetsdale dr | left on green arrow only,39.698499999999996,-104.90352777777778,18,20
leetsdale-quebec,22,leetsdale dr | quebec st | the hudson at high line | left on green arrow only | truck route,39.698499999999996,-104.90352777777778,18,20
leetsdale-quebec,23,leetsdale dr | left on green arrow only | the hudson at high line | quebec st | truck route,39.698499999999996,-104.90352777777778,18,20
leetsdale-quebec,24,the hudson at high line | leetsdale dr | truck route | left on green arrow only | quebec st,39.698499999999996,-104.90352777777778,18,20
leetsdale-quebec,25,truck route | leetsdale dr | left on green arrow only | quebec st | the hudson at high line,39.698499999999996,-104.90352777777778,18,20
leetsdale-quebec,26,truck route | quebec st | leetsdale dr | the hudson at high line | left on green arrow only,39.698499999999996,-104.90352777777778,18,20
leetsdale-quebec,27,quebec st | left on green arrow only | truck route | the hudson at high line | leetsdale dr,39.698499999999996,-104.90352777777778,18,20
leetsdale-quebec,28,the hudson at high line | quebec st | truck route | leetsdale dr | left on green arrow only,39.698499999999996,-104.90352777777778,18,20
leetsdale-quebec,29,truck route | leetsdale dr | the hudson at high line | quebec st | left on green arrow only,39.698499999999996,-104.90352777777778,18,20
leetsdale-quebec,30,the hudson at high line | quebec st | leetsdale dr | left on green arrow only | truck route,39.698499999999996,-104.90352777777778,18,20
leetsdale-quebec,31,leetsdale dr | the hudson at high line | quebec st | left on green arrow only | truck route,39.698499999999996,-104.90352777777778,18,20
leetsdale-quebec,32,left on green arrow only | truck route | leetsdale dr | quebec st | the hudson at high line,39.698499999999996,-104.90352777777778,18,20
leetsdale-quebec,33,truck route | quebec st | leetsdale dr | left on green arrow only | the hudson at high line,39.698499999999996,-104.90352777777778,18,20
leetsdale-quebec,34,truck route | leetsdale dr | the hudson at high line | quebec st | left on green arrow only,39.698499999999996,-104.90352777777778,18,20
leetsdale-quebec,35,the hudson at high line | left on green arrow only | leetsdale dr | truck route | quebec st,39.698499999999996,-104.90352777777778,18,20
leetsdale-quebec,36,quebec st | left on green arrow only | truck route | leetsdale dr | the hudson at high line,39.698499999999996,-104.90352777777778,18,20
leetsdale-quebec,37,quebec st | the hudson at high line | left on green arrow only | truck route | leetsdale dr,39.698499999999996,-104.90352777777778,18,20
leetsdale-quebec,38,quebec st | the hudson at high line | truck route | leetsdale dr | left on green arrow only,39.698499999999996,-104.90352777777778,18,20
leetsdale-quebec,39,left on green arrow only | leetsdale dr | quebec st | truck route | the hudson at high line,39.698499999999996,-104.90352777777778,18,20
leetsdale-quebec,40,leetsdale dr | left on green arrow only | quebec st | the hudson at high line | truck route,39.698499999999996,-104.90352777777778,18,20
leetsdale-quebec,41,left on green arrow only | the hudson at high line | truck route | leetsdale dr | quebec st,39.698499999999996,-104.90352777777778,18,20
leetsdale-quebec,42,the hudson at high line | leetsdale dr | left on green arrow only | quebec st | truck route,39.698499999999996,-104.90352777777778,18,20
leetsdale-quebec,43,left on green arrow only | leetsdale dr | quebec st | truck route | the hudson at high line,39.698499999999996,-104.90352777777778,18,20
leetsdale-quebec,44,leetsdale dr | quebec st | left on green arrow only | the hudson at high line | truck route,39.698499999999996,-104.90352777777778,18,20
leetsdale-quebec,45,quebec st | truck route | leetsdale dr | the hudson at high line | left on green arrow only,39.698499999999996,-104.90352777777778,18,20
leetsdale-quebec,46,left on green arrow only | leetsdale dr | truck route | quebec st | the hudson at high line,39.698499999999996,-104.90352777777778,18,20
leetsdale-quebec,47,truck route | left on green arrow only | leetsdale dr | the hudson at high line | quebec st,39.698499999999996,-104.90352777777778,18,20
leetsdale-quebec,48,quebec st | the hudson at high line | left on green arrow only | truck route | leetsdale dr,39.698499999999996,-104.90352777777778,18,20
leetsdale-quebec,49,left on green arrow only | the hudson at high line | truck route | quebec st | leetsdale dr,39.698499999999996,-104.90352777777778,18,20
lehigh-parker,0,mama josie | cassa vartilla | pet place vet clinic | on the way masters | windsor meadow hills apartments,39.64730555555556,-104.8288888888889,21,21
lehigh-parker,1,east bank sc | no mow worries lawn care | monroes art studio | einstein bros | adventure cycling,39.64730555555556,-104.8288888888889,21,21
lehigh-parker,2,pet place vet clinic | furniture row | adventure cycling | danewood | bluesky auto sales,39.64730555555556,-104.8288888888889,21,21
lehigh-parker,3,grease monkey | no mow worries lawn care | denver mattress | twisted egg | bluesky auto sales,39.64730555555556,-104.8288888888889,21,21
lehigh-parker,4,twisted egg | east bank sc | twisted egg | on the way masters | adventure town childcare,39.64730555555556,-104.8288888888889,21,21
lehigh-parker,5,grease monkey | mama josie | einstein bros | e quincy ave | adventure cycling,39.64730555555556,-104.8288888888889,21,21
lehigh-parker,6,windsor meadow hills apartments | twisted egg | grease monkey | cassa vartilla | mama josie,39.64730555555556,-104.8288888888889,21,21
lehigh-parker,7,denver mattress | danewood | sagebrush elementary school | on the way masters | grease monkey,39.64730555555556,-104.8288888888889,21,21
lehigh-parker,8,windsor meadow hills apartments | cassa vartilla | nature box pet emporium | windsor meadow hills apartments | twisted egg,39.64730555555556,-104.8288888888889,21,21
lehigh-parker,9,no mow worries lawn care | pet place vet clinic | cassa vartilla | einstein bros | grease monkey,39.64730555555556,-104.8288888888889,21,21
lehigh-parker,10,grease monkey | monroes art studio | nature box pet emporium | mama josie | monroes art studio,39.64730555555556,-104.8288888888889,21,21
lehigh-parker,11,sagebrush elementary school | monroes art studio | nature box pet emporium | nature box pet emporium | e quincy ave,39.64730555555556,-104.8288888888889,21,21
lehigh-parker,12,bluesky auto sales | windsor meadow hills apartments | danewood | twisted egg | mama josie,39.64730555555556,-104.8288888888889,21,21
lehigh-parker,13,einstein bros | adventure town childcare | windsor meadow hills apartments | twisted egg | pet place vet clinic,39.64730555555556,-104.8288888888889,21,21
lehigh-parker,14,mama josie | grease monkey | nature box pet emporium | adventure town childcare | einstein bros,39.64730555555556,-104.8288888888889,21,21
lehigh-parker,15,bluesky auto sales | east bank sc | furniture row | monroes art studio | bluesky auto sales,39.64730555555556,-104.8288888888889,21,21
lehigh-parker,16,east bank sc | monroes art studio | nature box pet emporium | cassa vartilla | on the way masters,39.64730555555556,-104.8288888888889,21,21
lehigh-parker,17,no mow worries lawn care | nature box pet emporium | east bank sc | adventure town childcare | einstein bros,39.64730555555556,-104.8288888888889,21,21
lehigh-parker,18,adventure cycling | bluesky auto sales | adventure cycling | east bank sc | on the way masters,39.64730555555556,-104.8288888888889,21,21
lehigh-parker,19,windsor meadow hills apartments | grease monkey | windsor meadow hills apartments | nature box pet emporium | adventure cycling,39.64730555555556,-104.8288888888889,21,21
lehigh-parker,20,sagebrush elementary school | windsor meadow hills apartments | einstein bros | windsor meadow hills apartments | adventure town childcare,39.64730555555556,-104.8288888888889,21,21
lehigh-parker,21,pet place vet clinic | shop creek | monroes art studio | nature box pet emporium | east bank sc,39.64730555555556,-104.8288888888889,21,21
lehigh-parker,22,pet place vet clinic | furniture row | sagebrush elementary school | adventure cycling | windsor meadow hills apartments,39.64730555555556,-104.8288888888889,21,21
lehigh-parker,23,pet place vet clinic | nature box pet emporium | danewood | twisted egg | mama josie,39.64730555555556,-104.8288888888889,21,21
lehigh-parker,24,bluesky auto sales | furniture row | cassa vartilla | denver mattress | twisted egg,39.64730555555556,-104.8288888888889,21,21
lehigh-parker,25,pet place vet clinic | pet place vet clinic | furniture row | einstein bros | mama josie,39.64730555555556,-104.8288888888889,21,21
lehigh-parker,26,adventure cycling | einstein bros | danewood | nature box pet emporium | pet place vet clinic,39.64730555555556,-104.8288888888889,21,21
lehigh-parker,27,twisted egg | east bank sc | sagebrush elementary school | no mow worries lawn care | einstein bros,39.64730555555556,-104.8288888888889,21,21
lehigh-parker,28,windsor meadow hills apartments | danewood | nature box pet emporium | on the way masters | windsor meadow hills apartments,39.64730555555556,-104.8288888888889,21,21
lehigh-parker,29,einstein bros | e quincy ave | monroes art studio | pet place vet clinic | adventure cycling,39.64730555555556,-104.8288888888889,21,21
lehigh-parker,30,monroes art studio | cassa vartilla | bluesky auto sales | shop creek | pet place vet clinic,39.64730555555556,-104.8288888888889,21,21
lehigh-parker,31,cassa vartilla | monroes art studio | windsor meadow hills apartments | bluesky auto sales | on the way masters,39.64730555555556,-104.8288888888889,21,21
lehigh-parker,32,windsor meadow hills apartments | danewood | e quincy ave | furniture row | cassa vartilla,39.64730555555556,-104.8288888888889,21,21
lehigh-parker,33,e quincy ave | einstein bros | twisted egg | pet place vet clinic | sagebrush elementary school,39.64730555555556,-104.8288888888889,21,21
lehigh-parker,34,bluesky auto sales | nature box pet emporium | nature box pet emporium | cassa vartilla | shop creek,39.64730555555556,-104.8288888888889,21,21
lehigh-parker,35,e quincy ave | monroes art studio | shop creek | no mow worries lawn care | sagebrush elementary school,39.64730555555556,-104.8288888888889,21,21
lehigh-parker,36,denver mattress | on the way masters | danewood | sagebrush elementary school | cassa vartilla,39.64730555555556,-104.8288888888889,21,21
lehigh-parker,37,shop creek | on the way masters | denver mattress | furniture row | e quincy ave,39.64730555555556,-104.8288888888889,21,21
lehigh-parker,38,on the way masters | pet place vet clinic | adventure town childcare | furniture row | sagebrush elementary school,39.64730555555556,-104.8288888888889,21,21
lehigh-parker,39,shop creek | danewood | pet place vet clinic | twisted egg | nature box pet emporium,39.64730555555556,-104.8288888888889,21,21
lehigh-parker,40,einstein bros | east bank sc | shop creek | monroes art studio | mama josie,39.64730555555556,-104.8288888888889,21,21
lehigh-parker,41,denver mattress | denver mattress | windsor meadow hills apartments | danewood | pet place vet clinic,39.64730555555556,-104.8288888888889,21,21
lehigh-parker,42,east bank sc | sagebrush elementary school | mama josie | east bank sc | adventure cycling,39.64730555555556,-104.8288888888889,21,21
lehigh-parker,43,pet place vet clinic | sagebrush elementary school | mama josie | shop creek | danewood,39.64730555555556,-104.8288888888889,21,21
lehigh-parker,44,denver mattress | monroes art studio | furniture row | twisted egg | on the way masters,39.64730555555556,-104.8288888888889,21,21
lehigh-parker,45,on the way masters | grease monkey | denver mattress | adventure town childcare | grease monkey,39.64730555555556,-104.8288888888889,21,21
lehigh-parker,46,east bank sc | nature box pet emporium | shop creek | sagebrush elementary school | e quincy ave,39.64730555555556,-104.8288888888889,21,21
lehigh-parker,47,mama josie | furniture row | bluesky auto sales | east bank sc | shop creek,39.64730555555556,-104.8288888888889,21,21
lehigh-parker,48,danewood | grease monkey | danewood | einstein bros | adventure town childcare,39.64730555555556,-104.8288888888889,21,21
lehigh-parker,49,einstein bros | east bank sc | einstein bros | pet place vet clinic | shop creek,39.64730555555556,-104.8288888888889,21,21
littleton-delaware,0,sprouts | lucky u motel | black eyes pea | good fellas | alvarados mexican food,39.613277777777775,-104.99316666666668,21,21
littleton-delaware,1,alvarados mexican food | dickerson family market | farmers market | exptic birds of denver | exptic birds of denver,39.613277777777775,-104.99316666666668,21,21
littleton-delaware,2,black eyes pea | lucky u motel | clayton elementary | black eyes pea | alvarados mexican food,39.613277777777775,-104.99316666666668,21,21
littleton-delaware,3,best wax and lash | highway | best wax and lash | lucky u motel | subway,39.613277777777775,-104.99316666666668,21,21
littleton-delaware,4,crown auto | pnc bank | crown auto | best wax and lash | five guys,39.613277777777775,-104.99316666666668,21,21
littleton-delaware,5,alvarados mexican food | crown auto | sprouts | alvarados mexican food | pnc bank,39.613277777777775,-104.99316666666668,21,21
littleton-delaware,6,starbucks | black eyes pea | good fellas | exptic birds of denver | dickerson family market,39.613277777777775,-104.99316666666668,21,21
littleton-delaware,7,clayton elementary | clayton elementary | alvarados mexican food | lucky u motel | dickerson family market,39.613277777777775,-104.99316666666668,21,21
littleton-delaware,8,clayton elementary | dickerson family market | good fellas | banisters flowers | subway,39.613277777777775,-104.99316666666668,21,21
littleton-delaware,9,pnc bank | quincy cleaners | quincy cleaners | highway | farmers market,39.613277777777775,-104.99316666666668,21,21
littleton-delaware,10,clayton elementary | best wax and lash | black eyes pea | best wax and lash | dickerson family market,39.613277777777775,-104.99316666666668,21,21
littleton-delaware,11,better cars | clayton elementary | tacobelle | good fellas | farmers market,39.613277777777775,-104.99316666666668,21,21
littleton-delaware,12,starbucks | good fellas | clayton elementary | clayton elementary | tacobelle,39.613277777777775,-104.99316666666668,21,21
littleton-delaware,13,sprouts | farmers market | black eyes pea | pnc bank | crown auto,39.613277777777775,-104.99316666666668,21,21
littleton-delaware,14,crown auto | quincy cleaners | crown auto | highway | exptic birds of denver,39.613277777777775,-104.99316666666668,21,21
littleton-delaware,15,best wax and lash | highway | crown auto | better cars | clayton elementary,39.613277777777775,-104.99316666666668,21,21
littleton-delaware,16,dickerson family market | tacobelle | pnc bank | dickerson family market | farmers market,39.613277777777775,-104.99316666666668,21,21
littleton-delaware,17,highway | starbucks | exptic birds of denver | exptic birds of denver | alvarados mexican food,39.613277777777775,-104.99316666666668,21,21
littleton-delaware,18,quincy cleaners | pnc bank | williams jewlerys | highway | exptic birds of denver,39.613277777777775,-104.99316666666668,21,21
littleton-delaware,19,dickerson family market | best wax and lash | subway | highway | subway,39.613277777777775,-104.99316666666668,21,21
littleton-delaware,20,highway | highway | exptic birds of denver | five guys | crown auto,39.613277777777775,-104.99316666666668,21,21
littleton-delaware,21,highway | starbucks | quincy cleaners | farmers market | starbucks,39.613277777777775,-104.99316666666668,21,21
littleton-delaware,22,quincy cleaners | black eyes pea | quincy cleaners | good fellas | farmers market,39.613277777777775,-104.99316666666668,21,21
littleton-delaware,23,five guys | starbucks | five guys | better cars | clayton elementary,39.613277777777775,-104.99316666666668,21,21
littleton-delaware,24,best wax and lash | good fellas | farmers market | williams jewlerys | starbucks,39.613277777777775,-104.99316666666668,21,21
littleton-delaware,25,black eyes pea | better cars | banisters flowers | crown auto | dickerson family market,39.613277777777775,-104.99316666666668,21,21
littleton-delaware,26,banisters flowers | williams jewlerys | tacobelle | pnc bank | pnc bank,39.613277777777775,-104.99316666666668,21,21
littleton-delaware,27,better cars | tacobelle | lucky u motel | lucky u motel | quincy cleaners,39.613277777777775,-104.99316666666668,21,21
littleton-delaware,28,williams jewlerys | banisters flowers | better cars | farmers market | subway,39.613277777777775,-104.99316666666668,21,21
littleton-delaware,29,good fellas | best wax and lash | crown auto | banisters flowers | pnc bank,39.613277777777775,-104.99316666666668,21,21
littleton-delaware,30,quincy cleaners | highway | quincy cleaners | lucky u motel | exptic birds of denver,39.613277777777775,-104.99316666666668,21,21
littleton-delaware,31,good fellas | pnc bank | tacobelle | good fellas | five guys,39.613277777777775,-104.99316666666668,21,21
littleton-delaware,32,farmers market | best wax and lash | highway | better cars | sprouts,39.613277777777775,-104.99316666666668,21,21
littleton-delaware,33,sprouts | highway | five guys | clayton elementary | better cars,39.613277777777775,-104.99316666666668,21,21
littleton-delaware,34,exptic birds of denver | banisters flowers | pnc bank | williams jewlerys | starbucks,39.613277777777775,-104.99316666666668,21,21
littleton-delaware,35,lucky u motel | clayton elementary | clayton elementary | five guys | tacobelle,39.613277777777775,-104.99316666666668,21,21
littleton-delaware,36,quincy cleaners | alvarados mexican food | banisters flowers | subway | highway,39.613277777777775,-104.99316666666668,21,21
littleton-delaware,37,clayton elementary | farmers market | good fellas | williams jewlerys | best wax and lash,39.613277777777775,-104.99316666666668,21,21
littleton-delaware,38,exptic birds of denver | clayton elementary | williams jewlerys | subway | black eyes pea,39.613277777777775,-104.99316666666668,21,21
littleton-delaware,39,alvarados mexican food | pnc bank | black eyes pea | good fellas | subway,39.613277777777775,-104.99316666666668,21,21
littleton-delaware,40,sprouts | better cars | williams jewlerys | pnc bank | starbucks,39.613277777777775,-104.99316666666668,21,21
littleton-delaware,41,quincy cleaners | pnc bank | lucky u motel | clayton elementary | good fellas,39.613277777777775,-104.99316666666668,21,21
littleton-delaware,42,five guys | pnc bank | banisters flowers | quincy cleaners | tacobelle,39.613277777777775,-104.99316666666668,21,21
littleton-delaware,43,highway | good fellas | banisters flowers | better cars | banisters flowers,39.613277777777775,-104.99316666666668,21,21
littleton-delaware,44,good fellas | quincy cleaners | good fellas | tacobelle | pnc bank,39.613277777777775,-104.99316666666668,21,21
littleton-delaware,45,exptic birds of denver | quincy cleaners | clayton elementary | crown auto | quincy cleaners,39.613277777777775,-104.99316666666668,21,21
littleton-delaware,46,exptic birds of denver | five guys | exptic birds of denver | clayton elementary | starbucks,39.613277777777775,-104.99316666666668,21,21
littleton-delaware,47,starbucks | clayton elementary | better cars | tacobelle | pnc bank,39.613277777777775,-104.99316666666668,21,21
littleton-delaware,48,quincy cleaners | highway | tacobelle | pnc bank | pnc bank,39.613277777777775,-104.99316666666668,21,21
littleton-delaware,49,crown auto | better cars | tacobelle | five guys | tacobelle,39.613277777777775,-104.99316666666668,21,21
littleton-windemere,0,north school | bemis public library | arapahoe county court | gyros town | littleton immigrant resource center,39.61325,-105.00686111111108,21,21
littleton-windemere,1,gyros town | vent salon | bacon social house | littleton brewing company | charging station,39.61325,-105.00686111111108,21,21
littleton-windemere,2,los compitas | vent salon | littleton immigrant resource center | north school | charging station,39.61325,-105.00686111111108,21,21
littleton-windemere,3,bemis public library | littleton brewing company | mommas kitchen | bacon social house | arapahoe county court,39.61325,-105.00686111111108,21,21
littleton-windemere,4,mommas kitchen | cherry cricket | bacon social house | bacon social house | silverlight ballroom,39.61325,-105.00686111111108,21,21
littleton-windemere,5,littleton brewing company | depot art gallery | arapahoe county court | charging station | north school,39.61325,-105.00686111111108,21,21
littleton-windemere,6,harmony spa | bemis public library | mommas kitchen | littleton bible chapel | harmony spa,39.61325,-105.00686111111108,21,21
littleton-windemere,7,harmony spa | vent salon | vent salon | romanos pizzarra | gyros town,39.61325,-105.00686111111108,21,21
littleton-windemere,8,depot art gallery | vent salon | life center littleton | bacon social house | tellabs,39.61325,-105.00686111111108,21,21
littleton-windemere,9,arapahoe county court | littleton museum | littleton museum | north school | arapahoe county court,39.61325,-105.00686111111108,21,21
littleton-windemere,10,depot art gallery | silverlight ballroom | gyros town | littleton bible chapel | bacon social house,39.61325,-105.00686111111108,21,21
littleton-windemere,11,littleton museum | bacon social house | mommas kitchen | los compitas | littleton bible chapel,39.61325,-105.00686111111108,21,21
littleton-windemere,12,silverlight ballroom | mommas kitchen | romanos pizzarra | los compitas | north school,39.61325,-105.00686111111108,21,21
littleton-windemere,13,bacon social house | bacon social house | north school | harmony spa | bemis public library,39.61325,-105.00686111111108,21,21
littleton-windemere,14,littleton bible chapel | north school | vent salon | arapahoe county court | gyros town,39.61325,-105.00686111111108,21,21
littleton-windemere,15,north school | silverlight ballroom | bemis public library | littleton museum | silverlight ballroom,39.61325,-105.00686111111108,21,21
littleton-windemere,16,amen cleaning | vent salon | life center littleton | littleton bible chapel | romanos pizzarra,39.61325,-105.00686111111108,21,21
littleton-windemere,17,amen cleaning | gyros town | bemis public library | littleton museum | tellabs,39.61325,-105.00686111111108,21,21
littleton-windemere,18,charging station | amen cleaning | littleton brewing company | littleton brewing company | gyros town,39.61325,-105.00686111111108,21,21
littleton-windemere,19,mommas kitchen | littleton bible chapel | tellabs | romanos pizzarra | los compitas,39.61325,-105.00686111111108,21,21
littleton-windemere,20,vent salon | tellabs | amen cleaning | silverlight ballroom | bemis public library,39.61325,-105.00686111111108,21,21
littleton-windemere,21,littleton bible chapel | littleton immigrant resource center | romanos pizzarra | depot art gallery | vent salon,39.61325,-105.00686111111108,21,21
littleton-windemere,22,bemis public library | north school | littleton museum | littleton bible chapel | amen cleaning,39.61325,-105.00686111111108,21,21
littleton-windemere,23,bemis public library | north school | silverlight ballroom | littleton immigrant resource center | arapahoe county court,39.61325,-105.00686111111108,21,21
littleton-windemere,24,depot art gallery | north school | life center littleton | charging station | depot art gallery,39.61325,-105.00686111111108,21,21
littleton-windemere,25,los compitas | bacon social house | cherry cricket | depot art gallery | amen cleaning,39.61325,-105.00686111111108,21,21
littleton-windemere,26,depot art gallery | tellabs | harmony spa | littleton immigrant resource center | littleton immigrant resource center,39.61325,-105.00686111111108,21,21
littleton-windemere,27,north school | gyros town | depot art gallery | romanos pizzarra | vent salon,39.61325,-105.00686111111108,21,21
littleton-windemere,28,life center littleton | gyros town | los compitas | life center littleton | cherry cricket,39.61325,-105.00686111111108,21,21
littleton-windemere,29,gyros town | silverlight ballroom | depot art gallery | bacon social house | romanos pizzarra,39.61325,-105.00686111111108,21,21
littleton-windemere,30,depot art gallery | depot art gallery | littleton immigrant resource center | arapahoe county court | depot art gallery,39.61325,-105.00686111111108,21,21
littleton-windemere,31,bacon social house | life center littleton | bemis public library | depot art gallery | los compitas,39.61325,-105.00686111111108,21,21
littleton-windemere,32,arapahoe county court | littleton immigrant resource center | life center littleton | littleton museum | arapahoe county court,39.61325,-105.00686111111108,21,21
littleton-windemere,33,bacon social house | charging station | littleton bible chapel | depot art gallery | tellabs,39.61325,-105.00686111111108,21,21
littleton-windemere,34,silverlight ballroom | arapahoe county court | bemis public library | amen cleaning | north school,39.61325,-105.00686111111108,21,21
littleton-windemere,35,life center littleton | romanos pizzarra | bemis public library | vent salon | los compitas,39.61325,-105.00686111111108,21,21
littleton-windemere,36,littleton brewing company | los compitas | romanos pizzarra | littleton bible chapel | bemis public library,39.61325,-105.00686111111108,21,21
littleton-windemere,37,cherry cricket | amen cleaning | littleton bible chapel | tellabs | mommas kitchen,39.61325,-105.00686111111108,21,21
littleton-windemere,38,bemis public library | silverlight ballroom | bacon social house | arapahoe county court | los compitas,39.61325,-105.00686111111108,21,21
littleton-windemere,39,silverlight ballroom | north school | bacon social house | vent salon | littleton brewing company,39.61325,-105.00686111111108,21,21
littleton-windemere,40,silverlight ballroom | littleton museum | tellabs | amen cleaning | harmony spa,39.61325,-105.00686111111108,21,21
littleton-windemere,41,bacon social house | harmony spa | cherry cricket | littleton bible chapel | littleton museum,39.61325,-105.00686111111108,21,21
littleton-windemere,42,romanos pizzarra | littleton museum | charging station | tellabs | bemis public library,39.61325,-105.00686111111108,21,21
littleton-windemere,43,bacon social house | vent salon | cherry cricket | north school | amen cleaning,39.61325,-105.00686111111108,21,21
littleton-windemere,44,bacon social house | bemis public library | gyros town | vent salon | romanos pizzarra,39.61325,-105.00686111111108,21,21
littleton-windemere,45,romanos pizzarra | depot art gallery | littleton museum | amen cleaning | cherry cricket,39.61325,-105.00686111111108,21,21
littleton-windemere,46,north school | life center littleton | littleton bible chapel | los compitas | mommas kitchen,39.61325,-105.00686111111108,21,21
littleton-windemere,47,north school | arapahoe county court | romanos pizzarra | harmony spa | tellabs,39.61325,-105.00686111111108,21,21
littleton-windemere,48,tellabs | north school | romanos pizzarra | mommas kitchen | gyros town,39.61325,-105.00686111111108,21,21
littleton-windemere,49,littleton museum | vent salon | life center littleton | arapahoe county court | mommas kitchen,39.61325,-105.00686111111108,21,21
lowry-quebec,0,dreamlab | torchys | dreamlab | torchys | chase,39.717083333333335,-104.90369444444444,6,7
lowry-quebec,1,torchys | torchys | torchys | torchys tacos now opening at 8am | dreamlab,39.717083333333335,-104.90369444444444,6,7
lowry-quebec,2,chewys | torchys tacos now opening at 8am | chewys | torchys | chase,39.717083333333335,-104.90369444444444,6,7
lowry-quebec,3,target | torchys tacos now opening at 8am | dreamlab | torchys tacos now opening at 8am | torchys,39.717083333333335,-104.90369444444444,6,7
lowry-quebec,4,chase | target | chase | torchys tacos now opening at 8am | torchys,39.717083333333335,-104.90369444444444,6,7
lowry-quebec,5,target | torchys | torchys | chase | dreamlab,39.717083333333335,-104.90369444444444,6,7
lowry-quebec,6,torchys | torchys tacos now opening at 8am | torchys tacos now opening at 8am | chase | torchys,39.717083333333335,-104.90369444444444,6,7
lowry-quebec,7,target | torchys | target | chewys | chewys,39.717083333333335,-104.90369444444444,6,7
lowry-quebec,8,chewys | dreamlab | target | dreamlab | torchys,39.717083333333335,-104.90369444444444,6,7
lowry-quebec,9,chase | torchys | torchys tacos now opening at 8am | dreamlab | chase,39.717083333333335,-104.90369444444444,6,7
lowry-quebec,10,dreamlab | chewys | torchys | torchys tacos now opening at 8am | dreamlab,39.717083333333335,-104.90369444444444,6,7
lowry-quebec,11,torchys tacos now opening at 8am | torchys | target | chase | torchys,39.717083333333335,-104.90369444444444,6,7
lowry-quebec,12,chewys | dreamlab | target | chase | chase,39.717083333333335,-104.90369444444444,6,7
lowry-quebec,13,chewys | torchys tacos now opening at 8am | target | torchys tacos now opening at 8am | chewys,39.717083333333335,-104.90369444444444,6,7
lowry-quebec,14,chewys | torchys | torchys | chewys | torchys tacos now opening at 8am,39.717083333333335,-104.90369444444444,6,7
lowry-quebec,15,torchys tacos now opening at 8am | chewys | torchys | torchys tacos now opening at 8am | torchys tacos now opening at 8am,39.717083333333335,-104.90369444444444,6,7
lowry-quebec,16,target | chase | target | dreamlab | chewys,39.717083333333335,-104.90369444444444,6,7
lowry-quebec,17,torchys | torchys | torchys | chewys | chewys,39.717083333333335,-104.90369444444444,6,7
lowry-quebec,18,torchys tacos now opening at 8am | dreamlab | torchys | torchys | dreamlab,39.717083333333335,-104.90369444444444,6,7
lowry-quebec,19,torchys | target | torchys | torchys | chase,39.717083333333335,-104.90369444444444,6,7
lowry-quebec,20,torchys | dreamlab | torchys tacos now opening at 8am | target | target,39.717083333333335,-104.90369444444444,6,7
lowry-quebec,21,torchys | target | chewys | chase | chewys,39.717083333333335,-104.90369444444444,6,7
lowry-quebec,22,chewys | torchys tacos now opening at 8am | dreamlab | chase | chase,39.717083333333335,-104.90369444444444,6,7
lowry-quebec,23,chewys | torchys | torchys | torchys tacos now opening at 8am | target,39.717083333333335,-104.90369444444444,6,7
lowry-quebec,24,chase | dreamlab | torchys tacos now opening at 8am | chewys | torchys tacos now opening at 8am,39.717083333333335,-104.90369444444444,6,7
lowry-quebec,25,torchys | chase | torchys tacos now opening at 8am | dreamlab | torchys tacos now opening at 8am,39.717083333333335,-104.90369444444444,6,7
lowry-quebec,26,torchys | chase | torchys | chewys | target,39.717083333333335,-104.90369444444444,6,7
lowry-quebec,27,chewys | target | target | torchys tacos now opening at 8am | torchys,39.717083333333335,-104.90369444444444,6,7
lowry-quebec,28,dreamlab | dreamlab | torchys | chewys | chase,39.717083333333335,-104.90369444444444,6,7
lowry-quebec,29,torchys | torchys tacos now opening at 8am | torchys | chase | target,39.717083333333335,-104.90369444444444,6,7
lowry-quebec,30,torchys | torchys | chewys | dreamlab | torchys,39.717083333333335,-104.90369444444444,6,7
lowry-quebec,31,dreamlab | torchys | torchys | dreamlab | chewys,39.717083333333335,-104.90369444444444,6,7
lowry-quebec,32,dreamlab | torchys | torchys | chase | torchys,39.717083333333335,-104.90369444444444,6,7
lowry-quebec,33,chewys | dreamlab | target | torchys tacos now opening at 8am | chase,39.717083333333335,-104.90369444444444,6,7
lowry-quebec,34,torchys | torchys | torchys tacos now opening at 8am | chewys | torchys tacos now opening at 8am,39.717083333333335,-104.90369444444444,6,7
lowry-quebec,35,chewys | dreamlab | target | chase | chewys,39.717083333333335,-104.90369444444444,6,7
lowry-quebec,36,dreamlab | chewys | torchys | dreamlab | dreamlab,39.717083333333335,-104.90369444444444,6,7
lowry-quebec,37,target | target | torchys tacos now opening at 8am | chewys | torchys,39.717083333333335,-104.90369444444444,6,7
lowry-quebec,38,chewys | chewys | torchys tacos now opening at 8am | dreamlab | torchys,39.717083333333335,-104.90369444444444,6,7
lowry-quebec,39,dreamlab | torchys | chase | torchys | torchys,39.717083333333335,-104.90369444444444,6,7
lowry-quebec,40,chewys | torchys | target | chewys | chewys,39.717083333333335,-104.90369444444444,6,7
lowry-quebec,41,torchys tacos now opening at 8am | chase | torchys tacos now opening at 8am | chewys | torchys,39.717083333333335,-104.90369444444444,6,7
lowry-quebec,42,chase | torchys | target | torchys tacos now opening at 8am | torchys,39.717083333333335,-104.90369444444444,6,7
lowry-quebec,43,chase | dreamlab | torchys tacos now opening at 8am | chewys | chewys,39.717083333333335,-104.90369444444444,6,7
lowry-quebec,44,torchys | chewys | dreamlab | torchys | dreamlab,39.717083333333335,-104.90369444444444,6,7
lowry-quebec,45,torchys | chewys | dreamlab | chase | chase,39.717083333333335,-104.90369444444444,6,7
lowry-quebec,46,torchys tacos now opening at 8am | torchys | chewys | torchys | torchys,39.717083333333335,-104.90369444444444,6,7
lowry-quebec,47,target | torchys | chase | torchys tacos now opening at 8am | torchys,39.717083333333335,-104.90369444444444,6,7
lowry-quebec,48,torchys tacos now opening at 8am | chewys | torchys | torchys | target,39.717083333333335,-104.90369444444444,6,7
lowry-quebec,49,chase | chewys | chase | chase | dreamlab,39.717083333333335,-104.90369444444444,6,7
main-curtice,0,5280 crystals | mcdonalds | pro auto care | view house | nationwide market service,39.61372222222222,-105.0184166666667,21,21
main-curtice,1,pro auto care | melting pot | 5280 crystals | caffee terracotta | mcdonalds,39.61372222222222,-105.0184166666667,21,21
main-curtice,2,5280 crystals | mcdonalds | dirt coffee bar | littleton crossing apartments | melting pot,39.61372222222222,-105.0184166666667,21,21
main-curtice,3,pro auto care | melting pot | view house | pro auto care | melting pot,39.61372222222222,-105.0184166666667,21,21
main-curtice,4,melting pot | 5280 crystals | curtice village | executive barber | snarfs sandwiches,39.61372222222222,-105.0184166666667,21,21
main-curtice,5,5280 crystals | dirt coffee bar | true find boutique | executive barber | dirt coffee bar,39.61372222222222,-105.0184166666667,21,21
main-curtice,6,pro auto care | caffee terracotta | dirt coffee bar | mobil | littleton crossing apartments,39.61372222222222,-105.0184166666667,21,21
main-curtice,7,view house | united states postal service | executive barber | pro auto care | mobil,39.61372222222222,-105.0184166666667,21,21
main-curtice,8,view house | caffee terracotta | 5280 crystals | dirt coffee bar | true tailor,39.61372222222222,-105.0184166666667,21,21
main-curtice,9,true tailor | 5280 crystals | view house | born2bake | panzeys spices,39.61372222222222,-105.0184166666667,21,21
main-curtice,10,kates wine bar | panzeys spices | smokin fins | smokin fins | panzeys spices,39.61372222222222,-105.0184166666667,21,21
main-curtice,11,5280 crystals | melting pot | panzeys spices | littleton crossing apartments | mcdonalds,39.61372222222222,-105.0184166666667,21,21
main-curtice,12,smokin fins | pro auto care | kates wine bar | mcdonalds | evergreen motel,39.61372222222222,-105.0184166666667,21,21
main-curtice,13,evergreen motel | executive barber | panzeys spices | pro auto care | mcdonalds,39.61372222222222,-105.0184166666667,21,21
main-curtice,14,view house | caffee terracotta | nationwide market service | mobil | nationwide market service,39.61372222222222,-105.0184166666667,21,21
main-curtice,15,5280 crystals | kates wine bar | curtice village | nationwide market service | evergreen motel,39.61372222222222,-105.0184166666667,21,21
main-curtice,16,mobil | dirt coffee bar | true tailor | littleton crossing apartments | nationwide market service,39.61372222222222,-105.0184166666667,21,21
main-curtice,17,executive barber | curtice village | melting pot | true tailor | caffee terracotta,39.61372222222222,-105.0184166666667,21,21
main-curtice,18,curtice village | curtice village | mobil | true find boutique | born2bake,39.61372222222222,-105.0184166666667,21,21
main-curtice,19,mcdonalds | united states postal service | caffee terracotta | mcdonalds | born2bake,39.61372222222222,-105.0184166666667,21,21
main-curtice,20,littleton crossing apartments | pro auto care | mcdonalds | evergreen motel | nationwide market service,39.61372222222222,-105.0184166666667,21,21
main-curtice,21,evergreen motel | united states postal service | 5280 crystals | evergreen motel | kates wine bar,39.61372222222222,-105.0184166666667,21,21
main-curtice,22,evergreen motel | kates wine bar | caffee terracotta | mcdonalds | mcdonalds,39.61372222222222,-105.0184166666667,21,21
main-curtice,23,snarfs sandwiches | snarfs sandwiches | mobil | dirt coffee bar | evergreen motel,39.61372222222222,-105.0184166666667,21,21
main-curtice,24,true tailor | nationwide market service | pro auto care | mcdonalds | pro auto care,39.61372222222222,-105.0184166666667,21,21
main-curtice,25,5280 crystals | 5280 crystals | mobil | snarfs sandwiches | evergreen motel,39.61372222222222,-105.0184166666667,21,21
main-curtice,26,true tailor | snarfs sandwiches | pro auto care | 5280 crystals | melting pot,39.61372222222222,-105.0184166666667,21,21
main-curtice,27,curtice village | snarfs sandwiches | kates wine bar | curtice village | melting pot,39.61372222222222,-105.0184166666667,21,21
main-curtice,28,evergreen motel | executive barber | 5280 crystals | littleton crossing apartments | true find boutique,39.61372222222222,-105.0184166666667,21,21
main-curtice,29,littleton crossing apartments | 5280 crystals | true tailor | true tailor | pro auto care,39.61372222222222,-105.0184166666667,21,21
main-curtice,30,born2bake | curtice village | curtice village | born2bake | curtice village,39.61372222222222,-105.0184166666667,21,21
main-curtice,31,executive barber | melting pot | executive barber | nationwide market service | evergreen motel,39.61372222222222,-105.0184166666667,21,21
main-curtice,32,executive barber | melting pot | nationwide market service | born2bake | pro auto care,39.61372222222222,-105.0184166666667,21,21
main-curtice,33,pro auto care | mcdonalds | curtice village | born2bake | 5280 crystals,39.61372222222222,-105.0184166666667,21,21
main-curtice,34,view house | littleton crossing apartments | evergreen motel | kates wine bar | born2bake,39.61372222222222,-105.0184166666667,21,21
main-curtice,35,evergreen motel | dirt coffee bar | executive barber | snarfs sandwiches | kates wine bar,39.61372222222222,-105.0184166666667,21,21
main-curtice,36,mobil | 5280 crystals | mobil | melting pot | curtice village,39.61372222222222,-105.0184166666667,21,21
main-curtice,37,true find boutique | executive barber | mcdonalds | united states postal service | nationwide market service,39.61372222222222,-105.0184166666667,21,21
main-curtice,38,evergreen motel | 5280 crystals | snarfs sandwiches | pro auto care | true find boutique,39.61372222222222,-105.0184166666667,21,21
main-curtice,39,dirt coffee bar | snarfs sandwiches | pro auto care | snarfs sandwiches | nationwide market service,39.61372222222222,-105.0184166666667,21,21
main-curtice,40,true find boutique | melting pot | caffee terracotta | mobil | littleton crossing apartments,39.61372222222222,-105.0184166666667,21,21
main-curtice,41,born2bake | smokin fins | 5280 crystals | mobil | true find boutique,39.61372222222222,-105.0184166666667,21,21
main-curtice,42,smokin fins | curtice village | born2bake | executive barber | melting pot,39.61372222222222,-105.0184166666667,21,21
main-curtice,43,kates wine bar | melting pot | littleton crossing apartments | born2bake | snarfs sandwiches,39.61372222222222,-105.0184166666667,21,21
main-curtice,44,littleton crossing apartments | true find boutique | executive barber | 5280 crystals | true tailor,39.61372222222222,-105.0184166666667,21,21
main-curtice,45,executive barber | view house | melting pot | mcdonalds | melting pot,39.61372222222222,-105.0184166666667,21,21
main-curtice,46,dirt coffee bar | pro auto care | mobil | panzeys spices | evergreen motel,39.61372222222222,-105.0184166666667,21,21
main-curtice,47,pro auto care | panzeys spices | curtice village | littleton crossing apartments | view house,39.61372222222222,-105.0184166666667,21,21
main-curtice,48,caffee terracotta | panzeys spices | littleton crossing apartments | caffee terracotta | caffee terracotta,39.61372222222222,-105.0184166666667,21,21
main-curtice,49,snarfs sandwiches | pro auto care | born2bake | true tailor | pro auto care,39.61372222222222,-105.0184166666667,21,21
main-prince,0,famous amos tacos | four paws holistic therapy | ross lynch home improvement store | elsewear collective | main street,39.61372222222222,-105.01622222222224,21,21
main-prince,1,ross lynch home improvement store | antiquara | denver beer co littleton | smokin fins | main street,39.61372222222222,-105.01622222222224,21,21
main-prince,2,tease hair salon | tease hair salon | brothers construction | makeup by heather b | ross lynch home improvement store,39.61372222222222,-105.01622222222224,21,21
main-prince,3,tease hair salon | inside scoop creamery | makeup by heather b | the alley | mi tea,39.61372222222222,-105.01622222222224,21,21
main-prince,4,makeup by heather b | the alley | reinke brothers | brothers construction | smokin fins,39.61372222222222,-105.01622222222224,21,21
main-prince,5,playa bowls | tease hair salon | playa bowls | black hous tavern | intea,39.61372222222222,-105.01622222222224,21,21
main-prince,6,ross lynch home improvement store | inside scoop creamery | smokin fins | makeup by heather b | denver beer co littleton,39.61372222222222,-105.01622222222224,21,21
main-prince,7,main street | denver beer co littleton | antiquara | inside scoop creamery | playa bowls,39.61372222222222,-105.01622222222224,21,21
main-prince,8,four paws holistic therapy | black hous tavern | playa bowls | denver beer co littleton | brothers construction,39.61372222222222,-105.01622222222224,21,21
main-prince,9,mango tree coffee | inside scoop creamery | mi tea | intea | denver beer co littleton,39.61372222222222,-105.01622222222224,21,21
main-prince,10,antiquara | reinke brothers | playa bowls | makeup by heather b | black hous tavern,39.61372222222222,-105.01622222222224,21,21
main-prince,11,four paws holistic therapy | antiquara | mi tea | main street | ross lynch home improvement store,39.61372222222222,-105.01622222222224,21,21
main-prince,12,mi tea | tease hair salon | littleton cleaners | denver beer co littleton | inside scoop creamery,39.61372222222222,-105.01622222222224,21,21
main-prince,13,reinke brothers | smokin fins | main street | intea | playa bowls,39.61372222222222,-105.01622222222224,21,21
main-prince,14,smokin fins | littleton cleaners | famous amos tacos | brothers construction | reinke brothers,39.61372222222222,-105.01622222222224,21,21
main-prince,15,tease hair salon | black hous tavern | littleton cleaners | brothers construction | ross lynch home improvement store,39.61372222222222,-105.01622222222224,21,21
main-prince,16,the alley | black hous tavern | playa bowls | reinke brothers | four paws holistic therapy,39.61372222222222,-105.01622222222224,21,21
main-prince,17,mi tea | reinke brothers | inside scoop creamery | main street | main street,39.61372222222222,-105.01622222222224,21,21
main-prince,18,main street | brothers construction | tease hair salon | ross lynch home improvement store | tease hair salon,39.61372222222222,-105.01622222222224,21,21
main-prince,19,antiquara | four paws holistic therapy | ross lynch home improvement store | main street | smokin fins,39.61372222222222,-105.01622222222224,21,21
main-prince,20,giggleblossom boutique | elsewear collective | smokin fins | ross lynch home improvement store | mango tree coffee,39.61372222222222,-105.01622222222224,21,21
main-prince,21,giggleblossom boutique | playa bowls | mi tea | intea | antiquara,39.61372222222222,-105.01622222222224,21,21
main-prince,22,tease hair salon | black hous tavern | playa bowls | ross lynch home improvement store | main street,39.61372222222222,-105.01622222222224,21,21
main-prince,23,ross lynch home improvement store | black hous tavern | brothers construction | black hous tavern | reinke brothers,39.61372222222222,-105.01622222222224,21,21
main-prince,24,reinke brothers | brothers construction | denver beer co littleton | playa bowls | reinke brothers,39.61372222222222,-105.01622222222224,21,21
main-prince,25,denver beer co littleton | antiquara | black hous tavern | playa bowls | famous amos tacos,39.61372222222222,-105.01622222222224,21,21
main-prince,26,mi tea | smokin fins | elsewear collective | mi tea | giggleblossom boutique,39.61372222222222,-105.01622222222224,21,21
main-prince,27,ross lynch home improvement store | the alley | mango tree coffee | denver beer co littleton | reinke brothers,39.61372222222222,-105.01622222222224,21,21
main-prince,28,littleton cleaners | the alley | reinke brothers | reinke brothers | reinke brothers,39.61372222222222,-105.01622222222224,21,21
main-prince,29,brothers construction | mi tea | reinke brothers | antiquara | famous amos tacos,39.61372222222222,-105.01622222222224,21,21
main-prince,30,elsewear collective | famous amos tacos | four paws holistic therapy | playa bowls | inside scoop creamery,39.61372222222222,-105.01622222222224,21,21
main-prince,31,mi tea | elsewear collective | brothers construction | intea | inside scoop creamery,39.61372222222222,-105.01622222222224,21,21
main-prince,32,playa bowls | reinke brothers | inside scoop creamery | ross lynch home improvement store | smokin fins,39.61372222222222,-105.01622222222224,21,21
main-prince,33,brothers construction | antiquara | littleton cleaners | four paws holistic therapy | mango tree coffee,39.61372222222222,-105.01622222222224,21,21
main-prince,34,famous amos tacos | brothers construction | mi tea | intea | mango tree coffee,39.61372222222222,-105.01622222222224,21,21
main-prince,35,the alley | ross lynch home improvement store | denver beer co littleton | the alley | mi tea,39.61372222222222,-105.01622222222224,21,21
main-prince,36,mi tea | intea | makeup by heather b | the alley | brothers construction,39.61372222222222,-105.01622222222224,21,21
main-prince,37,littleton cleaners | intea | ross lynch home improvement store | famous amos tacos | ross lynch home improvement store,39.61372222222222,-105.01622222222224,21,21
main-prince,38,mango tree coffee | mi tea | mango tree coffee | tease hair salon | four paws holistic therapy,39.61372222222222,-105.01622222222224,21,21
main-prince,39,smokin fins | makeup by heather b | giggleblossom boutique | littleton cleaners | playa bowls,39.61372222222222,-105.01622222222224,21,21
main-prince,40,brothers construction | inside scoop creamery | mango tree coffee | playa bowls | famous amos tacos,39.61372222222222,-105.01622222222224,21,21
main-prince,41,denver beer co littleton | mango tree coffee | giggleblossom boutique | smokin fins | four paws holistic therapy,39.61372222222222,-105.01622222222224,21,21
main-prince,42,mango tree coffee | giggleblossom boutique | mango tree coffee | the alley | the alley,39.61372222222222,-105.01622222222224,21,21
main-prince,43,mango tree coffee | intea | antiquara | makeup by heather b | elsewear collective,39.61372222222222,-105.01622222222224,21,21
main-prince,44,mi tea | reinke brothers | inside scoop creamery | giggleblossom boutique | reinke brothers,39.61372222222222,-105.01622222222224,21,21
main-prince,45,brothers construction | intea | tease hair salon | inside scoop creamery | tease hair salon,39.61372222222222,-105.01622222222224,21,21
main-prince,46,elsewear collective | tease hair salon | mango tree coffee | elsewear collective | ross lynch home improvement store,39.61372222222222,-105.01622222222224,21,21
main-prince,47,the alley | tease hair salon | smokin fins | mi tea | main street,39.61372222222222,-105.01622222222224,21,21
main-prince,48,giggleblossom boutique | ross lynch home improvement store | makeup by heather b | black hous tavern | famous amos tacos,39.61372222222222,-105.01622222222224,21,21
main-prince,49,makeup by heather b | giggleblossom boutique | mi tea | the alley | smokin fins,39.61372222222222,-105.01622222222224,21,21
mainstreet-pine,0,pine | right lane must turn right | mainstreet | road work ahead | downtown,39.51838888888888,-104.75361111111113,10,10
mainstreet-pine,1,road work ahead | mainstreet | downtown | right lane must turn right | pine,39.51838888888888,-104.75361111111113,10,10
mainstreet-pine,2,road work ahead | right lane must turn right | mainstreet | downtown | pine,39.51838888888888,-104.75361111111113,10,10
mainstreet-pine,3,mainstreet | pine | downtown | road work ahead | right lane must turn right,39.51838888888888,-104.75361111111113,10,10
mainstreet-pine,4,right lane must turn right | road work ahead | pine | downtown | mainstreet,39.51838888888888,-104.75361111111113,10,10
mainstreet-pine,5,mainstreet | right lane must turn right | downtown | pine | road work ahead,39.51838888888888,-104.75361111111113,10,10
mainstreet-pine,6,road work ahead | downtown | right lane must turn right | mainstreet | pine,39.51838888888888,-104.75361111111113,10,10
mainstreet-pine,7,mainstreet | road work ahead | pine | right lane must turn right | downtown,39.51838888888888,-104.75361111111113,10,10
mainstreet-pine,8,right lane must turn right | downtown | mainstreet | pine | road work ahead,39.51838888888888,-104.75361111111113,10,10
mainstreet-pine,9,mainstreet | downtown | right lane must turn right | pine | road work ahead,39.51838888888888,-104.75361111111113,10,10
mainstreet-pine,10,pine | road work ahead | downtown | mainstreet | right lane must turn right,39.51838888888888,-104.75361111111113,10,10
mainstreet-pine,11,right lane must turn right | downtown | mainstreet | road work ahead | pine,39.51838888888888,-104.75361111111113,10,10
mainstreet-pine,12,mainstreet | road work ahead | pine | right lane must turn right | downtown,39.51838888888888,-104.75361111111113,10,10
mainstreet-pine,13,pine | right lane must turn right | downtown | mainstreet | road work ahead,39.51838888888888,-104.75361111111113,10,10
mainstreet-pine,14,right lane must turn right | road work ahead | mainstreet | downtown | pine,39.51838888888888,-104.75361111111113,10,10
mainstreet-pine,15,pine | right lane must turn right | mainstreet | road work ahead | downtown,39.51838888888888,-104.75361111111113,10,10
mainstreet-pine,16,pine | downtown | mainstreet | right lane must turn right | road work ahead,39.51838888888888,-104.75361111111113,10,10
mainstreet-pine,17,right lane must turn right | road work ahead | pine | downtown | mainstreet,39.51838888888888,-104.75361111111113,10,10
mainstreet-pine,18,pine | road work ahead | right lane must turn right | mainstreet | downtown,39.51838888888888,-104.75361111111113,10,10
mainstreet-pine,19,pine | road work ahead | downtown | mainstreet | right lane must turn right,39.51838888888888,-104.75361111111113,10,10
mainstreet-pine,20,downtown | pine | road work ahead | mainstreet | right lane must turn right,39.51838888888888,-104.75361111111113,10,10
mainstreet-pine,21,road work ahead | pine | right lane must turn right | mainstreet | downtown,39.51838888888888,-104.75361111111113,10,10
mainstreet-pine,22,pine | road work ahead | mainstreet | right lane must turn right | downtown,39.51838888888888,-104.75361111111113,10,10
mainstreet-pine,23,road work ahead | right lane must turn right | pine | mainstreet | downtown,39.51838888888888,-104.75361111111113,10,10
mainstreet-pine,24,mainstreet | pine | road work ahead | downtown | right lane must turn right,39.51838888888888,-104.75361111111113,10,10
mainstreet-pine,25,road work ahead | pine | mainstreet | downtown | right lane must turn right,39.51838888888888,-104.75361111111113,10,10
mainstreet-pine,26,pine | road work ahead | right lane must turn right | downtown | mainstreet,39.51838888888888,-104.75361111111113,10,10
mainstreet-pine,27,pine | road work ahead | downtown | mainstreet | right lane must turn right,39.51838888888888,-104.75361111111113,10,10
mainstreet-pine,28,right lane must turn right | pine | mainstreet | road work ahead | downtown,39.51838888888888,-104.75361111111113,10,10
mainstreet-pine,29,downtown | road work ahead | right lane must turn right | pine | mainstreet,39.51838888888888,-104.75361111111113,10,10
mainstreet-pine,30,pine | downtown | road work ahead | mainstreet | right lane must turn right,39.51838888888888,-104.75361111111113,10,10
mainstreet-pine,31,pine | road work ahead | downtown | right lane must turn right | mainstreet,39.51838888888888,-104.75361111111113,10,10
mainstreet-pine,32,downtown | right lane must turn right | road work ahead | pine | mainstreet,39.51838888888888,-104.75361111111113,10,10
mainstreet-pine,33,pine | downtown | road work ahead | right lane must turn right | mainstreet,39.51838888888888,-104.75361111111113,10,10
mainstreet-pine,34,downtown | right lane must turn right | pine | road work ahead | mainstreet,39.51838888888888,-104.75361111111113,10,10
mainstreet-pine,35,downtown | right lane must turn right | mainstreet | pine | road work ahead,39.51838888888888,-104.75361111111113,10,10
mainstreet-pine,36,pine | road work ahead | downtown | right lane must turn right | mainstreet,39.51838888888888,-104.75361111111113,10,10
mainstreet-pine,37,pine | right lane must turn right | mainstreet | downtown | road work ahead,39.51838888888888,-104.75361111111113,10,10
mainstreet-pine,38,pine | right lane must turn right | mainstreet | downtown | road work ahead,39.51838888888888,-104.75361111111113,10,10
mainstreet-pine,39,downtown | pine | road work ahead | mainstreet | right lane must turn right,39.51838888888888,-104.75361111111113,10,10
mainstreet-pine,40,road work ahead | downtown | mainstreet | pine | right lane must turn right,39.51838888888888,-104.75361111111113,10,10
mainstreet-pine,41,mainstreet | right lane must turn right | downtown | road work ahead | pine,39.51838888888888,-104.75361111111113,10,10
mainstreet-pine,42,downtown | right lane must turn right | mainstreet | road work ahead | pine,39.51838888888888,-104.75361111111113,10,10
mainstreet-pine,43,downtown | road work ahead | right lane must turn right | mainstreet | pine,39.51838888888888,-104.75361111111113,10,10
mainstreet-pine,44,road work ahead | downtown | right lane must turn right | mainstreet | pine,39.51838888888888,-104.75361111111113,10,10
mainstreet-pine,45,right lane must turn right | downtown | road work ahead | mainstreet | pine,39.51838888888888,-104.75361111111113,10,10
mainstreet-pine,46,right lane must turn right | road work ahead | pine | mainstreet | downtown,39.51838888888888,-104.75361111111113,10,10
mainstreet-pine,47,right lane must turn right | mainstreet | road work ahead | pine | downtown,39.51838888888888,-104.75361111111113,10,10
mainstreet-pine,48,mainstreet | downtown | right lane must turn right | pine | road work ahead,39.51838888888888,-104.75361111111113,10,10
mainstreet-pine,49,mainstreet | road work ahead | downtown | right lane must turn right | pine,39.51838888888888,-104.75361111111113,10,10
mexico-federal,0,stop | mexico | speed limit 40 | school zone | federal,39.68594444444444,-105.02502777777777,20,21
mexico-federal,1,stop | federal | mexico | speed limit 40 | school zone,39.68594444444444,-105.02502777777777,20,21
mexico-federal,2,school zone | federal | mexico | stop | speed limit 40,39.68594444444444,-105.02502777777777,20,21
mexico-federal,3,mexico | federal | speed limit 40 | school zone | stop,39.68594444444444,-105.02502777777777,20,21
mexico-federal,4,school zone | mexico | stop | speed limit 40 | federal,39.68594444444444,-105.02502777777777,20,21
mexico-federal,5,stop | federal | mexico | speed limit 40 | school zone,39.68594444444444,-105.02502777777777,20,21
mexico-federal,6,federal | speed limit 40 | stop | mexico | school zone,39.68594444444444,-105.02502777777777,20,21
mexico-federal,7,school zone | speed limit 40 | stop | federal | mexico,39.68594444444444,-105.02502777777777,20,21
mexico-federal,8,federal | school zone | stop | speed limit 40 | mexico,39.68594444444444,-105.02502777777777,20,21
mexico-federal,9,school zone | speed limit 40 | federal | stop | mexico,39.68594444444444,-105.02502777777777,20,21
mexico-federal,10,school zone | stop | speed limit 40 | mexico | federal,39.68594444444444,-105.02502777777777,20,21
mexico-federal,11,stop | speed limit 40 | school zone | federal | mexico,39.68594444444444,-105.02502777777777,20,21
mexico-federal,12,school zone | federal | speed limit 40 | stop | mexico,39.68594444444444,-105.02502777777777,20,21
mexico-federal,13,school zone | mexico | federal | speed limit 40 | stop,39.68594444444444,-105.02502777777777,20,21
mexico-federal,14,mexico | federal | school zone | stop | speed limit 40,39.68594444444444,-105.02502777777777,20,21
mexico-federal,15,mexico | federal | speed limit 40 | school zone | stop,39.68594444444444,-105.02502777777777,20,21
mexico-federal,16,speed limit 40 | stop | mexico | school zone | federal,39.68594444444444,-105.02502777777777,20,21
mexico-federal,17,speed limit 40 | school zone | stop | federal | mexico,39.68594444444444,-105.02502777777777,20,21
mexico-federal,18,federal | school zone | speed limit 40 | stop | mexico,39.68594444444444,-105.02502777777777,20,21
mexico-federal,19,speed limit 40 | stop | mexico | school zone | federal,39.68594444444444,-105.02502777777777,20,21
mexico-federal,20,federal | mexico | stop | speed limit 40 | school zone,39.68594444444444,-105.02502777777777,20,21
mexico-federal,21,federal | stop | mexico | speed limit 40 | school zone,39.68594444444444,-105.02502777777777,20,21
mexico-federal,22,mexico | school zone | stop | federal | speed limit 40,39.68594444444444,-105.02502777777777,20,21
mexico-federal,23,school zone | speed limit 40 | federal | stop | mexico,39.68594444444444,-105.02502777777777,20,21
mexico-federal,24,mexico | school zone | speed limit 40 | stop | federal,39.68594444444444,-105.02502777777777,20,21
mexico-federal,25,speed limit 40 | stop | school zone | federal | mexico,39.68594444444444,-105.02502777777777,20,21
mexico-federal,26,stop | federal | school zone | speed limit 40 | mexico,39.68594444444444,-105.02502777777777,20,21
mexico-federal,27,speed limit 40 | school zone | mexico | federal | stop,39.68594444444444,-105.02502777777777,20,21
mexico-federal,28,stop | mexico | federal | speed limit 40 | school zone,39.68594444444444,-105.02502777777777,20,21
mexico-federal,29,school zone | stop | mexico | federal | speed limit 40,39.68594444444444,-105.02502777777777,20,21
mexico-federal,30,school zone | mexico | stop | speed limit 40 | federal,39.68594444444444,-105.02502777777777,20,21
mexico-federal,31,federal | mexico | speed limit 40 | stop | school zone,39.68594444444444,-105.02502777777777,20,21
mexico-federal,32,mexico | stop | school zone | speed limit 40 | federal,39.68594444444444,-105.02502777777777,20,21
mexico-federal,33,speed limit 40 | mexico | school zone | federal | stop,39.68594444444444,-105.02502777777777,20,21
mexico-federal,34,mexico | school zone | stop | speed limit 40 | federal,39.68594444444444,-105.02502777777777,20,21
mexico-federal,35,school zone | mexico | speed limit 40 | federal | stop,39.68594444444444,-105.02502777777777,20,21
mexico-federal,36,federal | school zone | mexico | speed limit 40 | stop,39.68594444444444,-105.02502777777777,20,21
mexico-federal,37,school zone | mexico | stop | speed limit 40 | federal,39.68594444444444,-105.02502777777777,20,21
mexico-federal,38,federal | stop | mexico | speed limit 40 | school zone,39.68594444444444,-105.02502777777777,20,21
mexico-federal,39,mexico | federal | stop | speed limit 40 | school zone,39.68594444444444,-105.02502777777777,20,21
mexico-federal,40,mexico | school zone | federal | stop | speed limit 40,39.68594444444444,-105.02502777777777,20,21
mexico-federal,41,school zone | federal | speed limit 40 | mexico | stop,39.68594444444444,-105.02502777777777,20,21
mexico-federal,42,speed limit 40 | school zone | federal | mexico | stop,39.68594444444444,-105.02502777777777,20,21
mexico-federal,43,school zone | stop | speed limit 40 | mexico | federal,39.68594444444444,-105.02502777777777,20,21
mexico-federal,44,speed limit 40 | school zone | federal | stop | mexico,39.68594444444444,-105.02502777777777,20,21
mexico-federal,45,federal | school zone | speed limit 40 | mexico | stop,39.68594444444444,-105.02502777777777,20,21
mexico-federal,46,speed limit 40 | school zone | mexico | stop | federal,39.68594444444444,-105.02502777777777,20,21
mexico-federal,47,speed limit 40 | mexico | stop | federal | school zone,39.68594444444444,-105.02502777777777,20,21
mexico-federal,48,stop | mexico | school zone | federal | speed limit 40,39.68594444444444,-105.02502777777777,20,21
mexico-federal,49,school zone | stop | speed limit 40 | mexico | federal,39.68594444444444,-105.02502777777777,20,21
mississippi-havana,0,belco | red carpet | good times burgers frozen custard | suns out buns out bbq bacon burger | red carpet,39.696555555555555,-104.86602777777776,9,9
mississippi-havana,1,suns out buns out bbq bacon burger | we do it all | we do it all | red carpet | suns out buns out bbq bacon burger,39.696555555555555,-104.86602777777776,9,9
mississippi-havana,2,good times burgers frozen custard | brakes plus | baskin robins | brakes plus | pilling 66,39.696555555555555,-104.86602777777776,9,9
mississippi-havana,3,pilling 66 | pilling 66 | we do it all | baskin robins | red carpet,39.696555555555555,-104.86602777777776,9,9
mississippi-havana,4,red carpet | 20 precent off | we do it all | baskin robins | baskin robins,39.696555555555555,-104.86602777777776,9,9
mississippi-havana,5,baskin robins | brakes plus | red carpet | good times burgers frozen custard | good times burgers frozen custard,39.696555555555555,-104.86602777777776,9,9
mississippi-havana,6,we do it all | belco | baskin robins | belco | we do it all,39.696555555555555,-104.86602777777776,9,9
mississippi-havana,7,red carpet | brakes plus | belco | pilling 66 | we do it all,39.696555555555555,-104.86602777777776,9,9
mississippi-havana,8,20 precent off | we do it all | pilling 66 | pilling 66 | baskin robins,39.696555555555555,-104.86602777777776,9,9
mississippi-havana,9,suns out buns out bbq bacon burger | belco | 20 precent off | baskin robins | 20 precent off,39.696555555555555,-104.86602777777776,9,9
mississippi-havana,10,brakes plus | good times burgers frozen custard | we do it all | good times burgers frozen custard | baskin robins,39.696555555555555,-104.86602777777776,9,9
mississippi-havana,11,good times burgers frozen custard | good times burgers frozen custard | 20 precent off | we do it all | belco,39.696555555555555,-104.86602777777776,9,9
mississippi-havana,12,20 precent off | pilling 66 | red carpet | red carpet | good times burgers frozen custard,39.696555555555555,-104.86602777777776,9,9
mississippi-havana,13,brakes plus | red carpet | we do it all | red carpet | suns out buns out bbq bacon burger,39.696555555555555,-104.86602777777776,9,9
mississippi-havana,14,pilling 66 | suns out buns out bbq bacon burger | baskin robins | suns out buns out bbq bacon burger | good times burgers frozen custard,39.696555555555555,-104.86602777777776,9,9
mississippi-havana,15,20 precent off | good times burgers frozen custard | red carpet | brakes plus | belco,39.696555555555555,-104.86602777777776,9,9
mississippi-havana,16,20 precent off | red carpet | 20 precent off | brakes plus | pilling 66,39.696555555555555,-104.86602777777776,9,9
mississippi-havana,17,good times burgers frozen custard | baskin robins | 20 precent off | we do it all | baskin robins,39.696555555555555,-104.86602777777776,9,9
mississippi-havana,18,pilling 66 | 20 precent off | we do it all | belco | brakes plus,39.696555555555555,-104.86602777777776,9,9
mississippi-havana,19,baskin robins | pilling 66 | we do it all | red carpet | baskin robins,39.696555555555555,-104.86602777777776,9,9
mississippi-havana,20,good times burgers frozen custard | we do it all | good times burgers frozen custard | baskin robins | we do it all,39.696555555555555,-104.86602777777776,9,9
mississippi-havana,21,red carpet | brakes plus | 20 precent off | good times burgers frozen custard | pilling 66,39.696555555555555,-104.86602777777776,9,9
mississippi-havana,22,pilling 66 | brakes plus | red carpet | suns out buns out bbq bacon burger | red carpet,39.696555555555555,-104.86602777777776,9,9
mississippi-havana,23,suns out buns out bbq bacon burger | we do it all | 20 precent off | we do it all | we do it all,39.696555555555555,-104.86602777777776,9,9
mississippi-havana,24,red carpet | belco | red carpet | good times burgers frozen custard | brakes plus,39.696555555555555,-104.86602777777776,9,9
mississippi-havana,25,belco | good times burgers frozen custard | suns out buns out bbq bacon burger | pilling 66 | brakes plus,39.696555555555555,-104.86602777777776,9,9
mississippi-havana,26,red carpet | good times burgers frozen custard | belco | belco | good times burgers frozen custard,39.696555555555555,-104.86602777777776,9,9
mississippi-havana,27,good times burgers frozen custard | we do it all | 20 precent off | baskin robins | we do it all,39.696555555555555,-104.86602777777776,9,9
mississippi-havana,28,we do it all | red carpet | baskin robins | baskin robins | 20 precent off,39.696555555555555,-104.86602777777776,9,9
mississippi-havana,29,suns out buns out bbq bacon burger | baskin robins | brakes plus | belco | suns out buns out bbq bacon burger,39.696555555555555,-104.86602777777776,9,9
mississippi-havana,30,belco | 20 precent off | we do it all | pilling 66 | brakes plus,39.696555555555555,-104.86602777777776,9,9
mississippi-havana,31,baskin robins | good times burgers frozen custard | belco | good times burgers frozen custard | good times burgers frozen custard,39.696555555555555,-104.86602777777776,9,9
mississippi-havana,32,we do it all | suns out buns out bbq bacon burger | 20 precent off | brakes plus | baskin robins,39.696555555555555,-104.86602777777776,9,9
mississippi-havana,33,suns out buns out bbq bacon burger | 20 precent off | red carpet | baskin robins | we do it all,39.696555555555555,-104.86602777777776,9,9
mississippi-havana,34,red carpet | good times burgers frozen custard | good times burgers frozen custard | suns out buns out bbq bacon burger | brakes plus,39.696555555555555,-104.86602777777776,9,9
mississippi-havana,35,brakes plus | suns out buns out bbq bacon burger | suns out buns out bbq bacon burger | good times burgers frozen custard | suns out buns out bbq bacon burger,39.696555555555555,-104.86602777777776,9,9
mississippi-havana,36,brakes plus | brakes plus | brakes plus | 20 precent off | suns out buns out bbq bacon burger,39.696555555555555,-104.86602777777776,9,9
mississippi-havana,37,baskin robins | belco | pilling 66 | 20 precent off | baskin robins,39.696555555555555,-104.86602777777776,9,9
mississippi-havana,38,pilling 66 | suns out buns out bbq bacon burger | baskin robins | 20 precent off | suns out buns out bbq bacon burger,39.696555555555555,-104.86602777777776,9,9
mississippi-havana,39,we do it all | brakes plus | belco | red carpet | pilling 66,39.696555555555555,-104.86602777777776,9,9
mississippi-havana,40,red carpet | suns out buns out bbq bacon burger | 20 precent off | 20 precent off | belco,39.696555555555555,-104.86602777777776,9,9
mississippi-havana,41,brakes plus | we do it all | baskin robins | we do it all | belco,39.696555555555555,-104.86602777777776,9,9
mississippi-havana,42,red carpet | belco | 20 precent off | red carpet | good times burgers frozen custard,39.696555555555555,-104.86602777777776,9,9
mississippi-havana,43,suns out buns out bbq bacon burger | 20 precent off | suns out buns out bbq bacon burger | 20 precent off | pilling 66,39.696555555555555,-104.86602777777776,9,9
mississippi-havana,44,belco | good times burgers frozen custard | suns out buns out bbq bacon burger | we do it all | 20 precent off,39.696555555555555,-104.86602777777776,9,9
mississippi-havana,45,good times burgers frozen custard | suns out buns out bbq bacon burger | good times burgers frozen custard | baskin robins | baskin robins,39.696555555555555,-104.86602777777776,9,9
mississippi-havana,46,20 precent off | red carpet | brakes plus | suns out buns out bbq bacon burger | good times burgers frozen custard,39.696555555555555,-104.86602777777776,9,9
mississippi-havana,47,20 precent off | belco | we do it all | brakes plus | brakes plus,39.696555555555555,-104.86602777777776,9,9
mississippi-havana,48,we do it all | baskin robins | pilling 66 | brakes plus | baskin robins,39.696555555555555,-104.86602777777776,9,9
mississippi-havana,49,pilling 66 | we do it all | 20 precent off | 20 precent off | pilling 66,39.696555555555555,-104.86602777777776,9,9
mississippi-peoria,0,e mississippi ave | turning vehicles | s peoria st | fade n shave barbershop | right lane must turn right,39.69663888888888,-104.84713888888886,19,19
mississippi-peoria,1,e mississippi ave | meskerem restaurant liquor | s peoria st | right lane must turn right | turning vehicles,39.69663888888888,-104.84713888888886,19,19
mississippi-peoria,2,e mississippi ave | right lane must turn right | e mississippi ave | turning vehicles | s peoria st,39.69663888888888,-104.84713888888886,19,19
mississippi-peoria,3,turning vehicles | fade n shave barbershop | right lane must turn right | e mississippi ave | s peoria st,39.69663888888888,-104.84713888888886,19,19
mississippi-peoria,4,s peoria st | e mississippi ave | right lane must turn right | walgreens | turning vehicles,39.69663888888888,-104.84713888888886,19,19
mississippi-peoria,5,cricket | turning vehicles | right lane must turn right | e mississippi ave | s peoria st,39.69663888888888,-104.84713888888886,19,19
mississippi-peoria,6,turning vehicles | turning vehicles | e mississippi ave | right lane must turn right | s peoria st,39.69663888888888,-104.84713888888886,19,19
mississippi-peoria,7,e mississippi ave | s peoria st | fade n shave barbershop | turning vehicles | right lane must turn right,39.69663888888888,-104.84713888888886,19,19
mississippi-peoria,8,e mississippi ave | right lane must turn right | s peoria st | powderhorn square | turning vehicles,39.69663888888888,-104.84713888888886,19,19
mississippi-peoria,9,burger king | right lane must turn right | e mississippi ave | turning vehicles | s peoria st,39.69663888888888,-104.84713888888886,19,19
mississippi-peoria,10,turning vehicles | safeway | e mississippi ave | right lane must turn right | s peoria st,39.69663888888888,-104.84713888888886,19,19
mississippi-peoria,11,s peoria st | right lane must turn right | e mississippi ave | turning vehicles | fade n shave barbershop,39.69663888888888,-104.84713888888886,19,19
mississippi-peoria,12,e mississippi ave | turning vehicles | powderhorn square | s peoria st | right lane must turn right,39.69663888888888,-104.84713888888886,19,19
mississippi-peoria,13,tobaccocigarettes accessories | turning vehicles | e mississippi ave | s peoria st | right lane must turn right,39.69663888888888,-104.84713888888886,19,19
mississippi-peoria,14,cricket | s peoria st | right lane must turn right | turning vehicles | e mississippi ave,39.69663888888888,-104.84713888888886,19,19
mississippi-peoria,15,e mississippi ave | right lane must turn right | right lane must turn right | turning vehicles | s peoria st,39.69663888888888,-104.84713888888886,19,19
mississippi-peoria,16,meskerem restaurant liquor | s peoria st | right lane must turn right | turning vehicles | e mississippi ave,39.69663888888888,-104.84713888888886,19,19
mississippi-peoria,17,turning vehicles | right lane must turn right | open | e mississippi ave | s peoria st,39.69663888888888,-104.84713888888886,19,19
mississippi-peoria,18,e mississippi ave | turning vehicles | s peoria st | right lane must turn right | turning vehicles,39.69663888888888,-104.84713888888886,19,19
mississippi-peoria,19,right lane must turn right | s peoria st | e mississippi ave | turning vehicles | e mississippi ave,39.69663888888888,-104.84713888888886,19,19
mississippi-peoria,20,e mississippi ave | right lane must turn right | s peoria st | turning vehicles | shotokan karate dojo,39.69663888888888,-104.84713888888886,19,19
mississippi-peoria,21,right lane must turn right | turning vehicles | right lane must turn right | s peoria st | e mississippi ave,39.69663888888888,-104.84713888888886,19,19
mississippi-peoria,22,turning vehicles | s peoria st | right lane must turn right | village east grocery | e mississippi ave,39.69663888888888,-104.84713888888886,19,19
mississippi-peoria,23,s peoria st | e mississippi ave | flame grilling since 1954 | turning vehicles | right lane must turn right,39.69663888888888,-104.84713888888886,19,19
mississippi-peoria,24,turning vehicles | right lane must turn right | s peoria st | village east grocery | e mississippi ave,39.69663888888888,-104.84713888888886,19,19
mississippi-peoria,25,right lane must turn right | s peoria st | e mississippi ave | turning vehicles | turning vehicles,39.69663888888888,-104.84713888888886,19,19
mississippi-peoria,26,s peoria st | e mississippi ave | right lane must turn right | meskerem restaurant liquor | turning vehicles,39.69663888888888,-104.84713888888886,19,19
mississippi-peoria,27,e mississippi ave | turning vehicles | right lane must turn right | s peoria st | tobaccocigarettes accessories,39.69663888888888,-104.84713888888886,19,19
mississippi-peoria,28,e mississippi ave | right lane must turn right | s peoria st | right lane must turn right | turning vehicles,39.69663888888888,-104.84713888888886,19,19
mississippi-peoria,29,e mississippi ave | right lane must turn right | s peoria st | turning vehicles | walgreens,39.69663888888888,-104.84713888888886,19,19
mississippi-peoria,30,right lane must turn right | american shotokan karate federation colorado | e mississippi ave | turning vehicles | s peoria st,39.69663888888888,-104.84713888888886,19,19
mississippi-peoria,31,s peoria st | e mississippi ave | right lane must turn right | turning vehicles | open,39.69663888888888,-104.84713888888886,19,19
mississippi-peoria,32,open | s peoria st | right lane must turn right | e mississippi ave | turning vehicles,39.69663888888888,-104.84713888888886,19,19
mississippi-peoria,33,turning vehicles | right lane must turn right | meskerem restaurant liquor | s peoria st | e mississippi ave,39.69663888888888,-104.84713888888886,19,19
mississippi-peoria,34,american shotokan karate federation colorado | turning vehicles | s peoria st | right lane must turn right | e mississippi ave,39.69663888888888,-104.84713888888886,19,19
mississippi-peoria,35,turning vehicles | right lane must turn right | e mississippi ave | s peoria st | burger king,39.69663888888888,-104.84713888888886,19,19
mississippi-peoria,36,e mississippi ave | turning vehicles | s peoria st | right lane must turn right | cigarrospurostarjetas telefonicas,39.69663888888888,-104.84713888888886,19,19
mississippi-peoria,37,right lane must turn right | s peoria st | e mississippi ave | turning vehicles | meskerem restaurant liquor,39.69663888888888,-104.84713888888886,19,19
mississippi-peoria,38,s peoria st | right lane must turn right | turning vehicles | american shotokan karate federation colorado | e mississippi ave,39.69663888888888,-104.84713888888886,19,19
mississippi-peoria,39,turning vehicles | e mississippi ave | fade n shave barbershop | right lane must turn right | s peoria st,39.69663888888888,-104.84713888888886,19,19
mississippi-peoria,40,turning vehicles | e mississippi ave | s peoria st | shotokan karate dojo | right lane must turn right,39.69663888888888,-104.84713888888886,19,19
mississippi-peoria,41,e mississippi ave | s peoria st | right lane must turn right | e mississippi ave | turning vehicles,39.69663888888888,-104.84713888888886,19,19
mississippi-peoria,42,right lane must turn right | turning vehicles | e mississippi ave | meskerem bar restaurant | s peoria st,39.69663888888888,-104.84713888888886,19,19
mississippi-peoria,43,right lane must turn right | turning vehicles | e mississippi ave | meskerem restaurant liquor | s peoria st,39.69663888888888,-104.84713888888886,19,19
mississippi-peoria,44,e mississippi ave | shotokan karate dojo | right lane must turn right | turning vehicles | s peoria st,39.69663888888888,-104.84713888888886,19,19
mississippi-peoria,45,s peoria st | e mississippi ave | right lane must turn right | turning vehicles | open,39.69663888888888,-104.84713888888886,19,19
mississippi-peoria,46,right lane must turn right | meskerem bar restaurant | e mississippi ave | s peoria st | turning vehicles,39.69663888888888,-104.84713888888886,19,19
mississippi-peoria,47,turning vehicles | cigarrospurostarjetas telefonicas | s peoria st | e mississippi ave | right lane must turn right,39.69663888888888,-104.84713888888886,19,19
mississippi-peoria,48,e mississippi ave | s peoria st | s peoria st | right lane must turn right | turning vehicles,39.69663888888888,-104.84713888888886,19,19
mississippi-peoria,49,e mississippi ave | turning vehicles | s peoria st | meskerem bar restaurant | right lane must turn right,39.69663888888888,-104.84713888888886,19,19
mississippi-sheridan,0,mississippi | mississippi ave | one way | speed limit 35 | sheridan,39.69688888888888,-105.05325000000006,67,84
mississippi-sheridan,1,mississippi ave | sheridan | speed limit 35 | one way | mississippi,39.69688888888888,-105.05325000000006,67,84
mississippi-sheridan,2,mississippi ave | speed limit 35 | one way | mississippi | sheridan,39.69688888888888,-105.05325000000006,67,84
mississippi-sheridan,3,mississippi ave | mississippi | speed limit 35 | sheridan | one way,39.69688888888888,-105.05325000000006,67,84
mississippi-sheridan,4,speed limit 35 | mississippi | sheridan | mississippi ave | one way,39.69688888888888,-105.05325000000006,67,84
mississippi-sheridan,5,sheridan | speed limit 35 | mississippi | mississippi ave | one way,39.69688888888888,-105.05325000000006,67,84
mississippi-sheridan,6,mississippi | one way | speed limit 35 | mississippi ave | sheridan,39.69688888888888,-105.05325000000006,67,84
mississippi-sheridan,7,one way | sheridan | mississippi ave | mississippi | speed limit 35,39.69688888888888,-105.05325000000006,67,84
mississippi-sheridan,8,sheridan | mississippi ave | one way | speed limit 35 | mississippi,39.69688888888888,-105.05325000000006,67,84
mississippi-sheridan,9,mississippi ave | mississippi | one way | sheridan | speed limit 35,39.69688888888888,-105.05325000000006,67,84
mississippi-sheridan,10,one way | mississippi ave | mississippi | sheridan | speed limit 35,39.69688888888888,-105.05325000000006,67,84
mississippi-sheridan,11,speed limit 35 | sheridan | mississippi ave | mississippi | one way,39.69688888888888,-105.05325000000006,67,84
mississippi-sheridan,12,mississippi ave | one way | mississippi | speed limit 35 | sheridan,39.69688888888888,-105.05325000000006,67,84
mississippi-sheridan,13,one way | speed limit 35 | sheridan | mississippi | mississippi ave,39.69688888888888,-105.05325000000006,67,84
mississippi-sheridan,14,mississippi ave | mississippi | speed limit 35 | one way | sheridan,39.69688888888888,-105.05325000000006,67,84
mississippi-sheridan,15,speed limit 35 | sheridan | mississippi ave | one way | mississippi,39.69688888888888,-105.05325000000006,67,84
mississippi-sheridan,16,one way | speed limit 35 | sheridan | mississippi ave | mississippi,39.69688888888888,-105.05325000000006,67,84
mississippi-sheridan,17,speed limit 35 | mississippi | one way | mississippi ave | sheridan,39.69688888888888,-105.05325000000006,67,84
mississippi-sheridan,18,mississippi | speed limit 35 | mississippi ave | one way | sheridan,39.69688888888888,-105.05325000000006,67,84
mississippi-sheridan,19,mississippi ave | one way | speed limit 35 | sheridan | mississippi,39.69688888888888,-105.05325000000006,67,84
mississippi-sheridan,20,speed limit 35 | mississippi | sheridan | one way | mississippi ave,39.69688888888888,-105.05325000000006,67,84
mississippi-sheridan,21,mississippi ave | speed limit 35 | mississippi | one way | sheridan,39.69688888888888,-105.05325000000006,67,84
mississippi-sheridan,22,speed limit 35 | sheridan | mississippi | one way | mississippi ave,39.69688888888888,-105.05325000000006,67,84
mississippi-sheridan,23,speed limit 35 | one way | sheridan | mississippi ave | mississippi,39.69688888888888,-105.05325000000006,67,84
mississippi-sheridan,24,mississippi ave | speed limit 35 | mississippi | sheridan | one way,39.69688888888888,-105.05325000000006,67,84
mississippi-sheridan,25,speed limit 35 | sheridan | one way | mississippi ave | mississippi,39.69688888888888,-105.05325000000006,67,84
mississippi-sheridan,26,speed limit 35 | one way | sheridan | mississippi | mississippi ave,39.69688888888888,-105.05325000000006,67,84
mississippi-sheridan,27,speed limit 35 | mississippi ave | mississippi | one way | sheridan,39.69688888888888,-105.05325000000006,67,84
mississippi-sheridan,28,one way | mississippi | mississippi ave | sheridan | speed limit 35,39.69688888888888,-105.05325000000006,67,84
mississippi-sheridan,29,sheridan | one way | speed limit 35 | mississippi | mississippi ave,39.69688888888888,-105.05325000000006,67,84
mississippi-sheridan,30,mississippi ave | speed limit 35 | sheridan | mississippi | one way,39.69688888888888,-105.05325000000006,67,84
mississippi-sheridan,31,mississippi ave | sheridan | speed limit 35 | mississippi | one way,39.69688888888888,-105.05325000000006,67,84
mississippi-sheridan,32,mississippi ave | sheridan | one way | speed limit 35 | mississippi,39.69688888888888,-105.05325000000006,67,84
mississippi-sheridan,33,sheridan | speed limit 35 | mississippi ave | one way | mississippi,39.69688888888888,-105.05325000000006,67,84
mississippi-sheridan,34,sheridan | mississippi | mississippi ave | one way | speed limit 35,39.69688888888888,-105.05325000000006,67,84
mississippi-sheridan,35,speed limit 35 | sheridan | mississippi | mississippi ave | one way,39.69688888888888,-105.05325000000006,67,84
mississippi-sheridan,36,one way | sheridan | speed limit 35 | mississippi ave | mississippi,39.69688888888888,-105.05325000000006,67,84
mississippi-sheridan,37,mississippi ave | sheridan | mississippi | one way | speed limit 35,39.69688888888888,-105.05325000000006,67,84
mississippi-sheridan,38,one way | mississippi ave | mississippi | sheridan | speed limit 35,39.69688888888888,-105.05325000000006,67,84
mississippi-sheridan,39,speed limit 35 | mississippi | mississippi ave | one way | sheridan,39.69688888888888,-105.05325000000006,67,84
mississippi-sheridan,40,mississippi | sheridan | speed limit 35 | one way | mississippi ave,39.69688888888888,-105.05325000000006,67,84
mississippi-sheridan,41,one way | mississippi | speed limit 35 | mississippi ave | sheridan,39.69688888888888,-105.05325000000006,67,84
mississippi-sheridan,42,mississippi | mississippi ave | one way | sheridan | speed limit 35,39.69688888888888,-105.05325000000006,67,84
mississippi-sheridan,43,one way | mississippi ave | speed limit 35 | mississippi | sheridan,39.69688888888888,-105.05325000000006,67,84
mississippi-sheridan,44,one way | speed limit 35 | mississippi | mississippi ave | sheridan,39.69688888888888,-105.05325000000006,67,84
mississippi-sheridan,45,mississippi ave | sheridan | one way | speed limit 35 | mississippi,39.69688888888888,-105.05325000000006,67,84
mississippi-sheridan,46,sheridan | speed limit 35 | mississippi ave | one way | mississippi,39.69688888888888,-105.05325000000006,67,84
mississippi-sheridan,47,mississippi ave | one way | mississippi | speed limit 35 | sheridan,39.69688888888888,-105.05325000000006,67,84
mississippi-sheridan,48,mississippi | speed limit 35 | mississippi ave | one way | sheridan,39.69688888888888,-105.05325000000006,67,84
mississippi-sheridan,49,mississippi ave | speed limit 35 | sheridan | one way | mississippi,39.69688888888888,-105.05325000000006,67,84
montview-clinton,0,e montview blvd 2000 n | clinton st 9500 e | e montview blvd 2000 n | clinton st 9500 e | p bike lane,39.74744444444444,-104.87758333333328,44,53
montview-clinton,1,clinton st 9500 e | e montview blvd 2000 n | clinton st 9500 e | e montview blvd 2000 n | p bike lane,39.74744444444444,-104.87758333333328,44,53
montview-clinton,2,p bike lane | clinton st 9500 e | e montview blvd 2000 n | clinton st 9500 e | e montview blvd 2000 n,39.74744444444444,-104.87758333333328,44,53
montview-clinton,3,clinton st 9500 e | e montview blvd 2000 n | p bike lane | e montview blvd 2000 n | clinton st 9500 e,39.74744444444444,-104.87758333333328,44,53
montview-clinton,4,clinton st 9500 e | e montview blvd 2000 n | p bike lane | e montview blvd 2000 n | clinton st 9500 e,39.74744444444444,-104.87758333333328,44,53
montview-clinton,5,p bike lane | e montview blvd 2000 n | e montview blvd 2000 n | clinton st 9500 e | clinton st 9500 e,39.74744444444444,-104.87758333333328,44,53
montview-clinton,6,clinton st 9500 e | e montview blvd 2000 n | e montview blvd 2000 n | p bike lane | clinton st 9500 e,39.74744444444444,-104.87758333333328,44,53
montview-clinton,7,p bike lane | clinton st 9500 e | clinton st 9500 e | e montview blvd 2000 n | e montview blvd 2000 n,39.74744444444444,-104.87758333333328,44,53
montview-clinton,8,p bike lane | e montview blvd 2000 n | e montview blvd 2000 n | clinton st 9500 e | clinton st 9500 e,39.74744444444444,-104.87758333333328,44,53
montview-clinton,9,p bike lane | e montview blvd 2000 n | e montview blvd 2000 n | clinton st 9500 e | clinton st 9500 e,39.74744444444444,-104.87758333333328,44,53
montview-clinton,10,clinton st 9500 e | e montview blvd 2000 n | e montview blvd 2000 n | clinton st 9500 e | p bike lane,39.74744444444444,-104.87758333333328,44,53
montview-clinton,11,clinton st 9500 e | e montview blvd 2000 n | p bike lane | e montview blvd 2000 n | clinton st 9500 e,39.74744444444444,-104.87758333333328,44,53
montview-clinton,12,p bike lane | clinton st 9500 e | e montview blvd 2000 n | clinton st 9500 e | e montview blvd 2000 n,39.74744444444444,-104.87758333333328,44,53
montview-clinton,13,e montview blvd 2000 n | clinton st 9500 e | p bike lane | clinton st 9500 e | e montview blvd 2000 n,39.74744444444444,-104.87758333333328,44,53
montview-clinton,14,p bike lane | e montview blvd 2000 n | e montview blvd 2000 n | clinton st 9500 e | clinton st 9500 e,39.74744444444444,-104.87758333333328,44,53
montview-clinton,15,e montview blvd 2000 n | clinton st 9500 e | e montview blvd 2000 n | clinton st 9500 e | p bike lane,39.74744444444444,-104.87758333333328,44,53
montview-clinton,16,clinton st 9500 e | e montview blvd 2000 n | e montview blvd 2000 n | p bike lane | clinton st 9500 e,39.74744444444444,-104.87758333333328,44,53
montview-clinton,17,clinton st 9500 e | e montview blvd 2000 n | p bike lane | e montview blvd 2000 n | clinton st 9500 e,39.74744444444444,-104.87758333333328,44,53
montview-clinton,18,p bike lane | e montview blvd 2000 n | e montview blvd 2000 n | clinton st 9500 e | clinton st 9500 e,39.74744444444444,-104.87758333333328,44,53
montview-clinton,19,e montview blvd 2000 n | clinton st 9500 e | p bike lane | e montview blvd 2000 n | clinton st 9500 e,39.74744444444444,-104.87758333333328,44,53
montview-clinton,20,p bike lane | clinton st 9500 e | clinton st 9500 e | e montview blvd 2000 n | e montview blvd 2000 n,39.74744444444444,-104.87758333333328,44,53
montview-clinton,21,e montview blvd 2000 n | p bike lane | clinton st 9500 e | e montview blvd 2000 n | clinton st 9500 e,39.74744444444444,-104.87758333333328,44,53
montview-clinton,22,clinton st 9500 e | e montview blvd 2000 n | e montview blvd 2000 n | p bike lane | clinton st 9500 e,39.74744444444444,-104.87758333333328,44,53
montview-clinton,23,clinton st 9500 e | e montview blvd 2000 n | clinton st 9500 e | p bike lane | e montview blvd 2000 n,39.74744444444444,-104.87758333333328,44,53
montview-clinton,24,clinton st 9500 e | e montview blvd 2000 n | e montview blvd 2000 n | p bike lane | clinton st 9500 e,39.74744444444444,-104.87758333333328,44,53
montview-clinton,25,clinton st 9500 e | p bike lane | clinton st 9500 e | e montview blvd 2000 n | e montview blvd 2000 n,39.74744444444444,-104.87758333333328,44,53
montview-clinton,26,e montview blvd 2000 n | clinton st 9500 e | p bike lane | e montview blvd 2000 n | clinton st 9500 e,39.74744444444444,-104.87758333333328,44,53
montview-clinton,27,p bike lane | e montview blvd 2000 n | e montview blvd 2000 n | clinton st 9500 e | clinton st 9500 e,39.74744444444444,-104.87758333333328,44,53
montview-clinton,28,clinton st 9500 e | e montview blvd 2000 n | e montview blvd 2000 n | p bike lane | clinton st 9500 e,39.74744444444444,-104.87758333333328,44,53
montview-clinton,29,e montview blvd 2000 n | clinton st 9500 e | p bike lane | clinton st 9500 e | e montview blvd 2000 n,39.74744444444444,-104.87758333333328,44,53
montview-clinton,30,e montview blvd 2000 n | p bike lane | e montview blvd 2000 n | clinton st 9500 e | clinton st 9500 e,39.74744444444444,-104.87758333333328,44,53
montview-clinton,31,e montview blvd 2000 n | clinton st 9500 e | p bike lane | e montview blvd 2000 n | clinton st 9500 e,39.74744444444444,-104.87758333333328,44,53
montview-clinton,32,e montview blvd 2000 n | clinton st 9500 e | clinton st 9500 e | e montview blvd 2000 n | p bike lane,39.74744444444444,-104.87758333333328,44,53
montview-clinton,33,e montview blvd 2000 n | clinton st 9500 e | clinton st 9500 e | e montview blvd 2000 n | p bike lane,39.74744444444444,-104.87758333333328,44,53
montview-clinton,34,clinton st 9500 e | e montview blvd 2000 n | e montview blvd 2000 n | p bike lane | clinton st 9500 e,39.74744444444444,-104.87758333333328,44,53
montview-clinton,35,clinton st 9500 e | p bike lane | e montview blvd 2000 n | clinton st 9500 e | e montview blvd 2000 n,39.74744444444444,-104.87758333333328,44,53
montview-clinton,36,clinton st 9500 e | clinton st 9500 e | p bike lane | e montview blvd 2000 n | e montview blvd 2000 n,39.74744444444444,-104.87758333333328,44,53
montview-clinton,37,e montview blvd 2000 n | clinton st 9500 e | p bike lane | e montview blvd 2000 n | clinton st 9500 e,39.74744444444444,-104.87758333333328,44,53
montview-clinton,38,p bike lane | e montview blvd 2000 n | clinton st 9500 e | clinton st 9500 e | e montview blvd 2000 n,39.74744444444444,-104.87758333333328,44,53
montview-clinton,39,e montview blvd 2000 n | p bike lane | e montview blvd 2000 n | clinton st 9500 e | clinton st 9500 e,39.74744444444444,-104.87758333333328,44,53
montview-clinton,40,p bike lane | clinton st 9500 e | e montview blvd 2000 n | e montview blvd 2000 n | clinton st 9500 e,39.74744444444444,-104.87758333333328,44,53
montview-clinton,41,p bike lane | clinton st 9500 e | e montview blvd 2000 n | clinton st 9500 e | e montview blvd 2000 n,39.74744444444444,-104.87758333333328,44,53
montview-clinton,42,clinton st 9500 e | clinton st 9500 e | e montview blvd 2000 n | e montview blvd 2000 n | p bike lane,39.74744444444444,-104.87758333333328,44,53
montview-clinton,43,e montview blvd 2000 n | clinton st 9500 e | e montview blvd 2000 n | clinton st 9500 e | p bike lane,39.74744444444444,-104.87758333333328,44,53
montview-clinton,44,clinton st 9500 e | e montview blvd 2000 n | clinton st 9500 e | p bike lane | e montview blvd 2000 n,39.74744444444444,-104.87758333333328,44,53
montview-clinton,45,e montview blvd 2000 n | e montview blvd 2000 n | p bike lane | clinton st 9500 e | clinton st 9500 e,39.74744444444444,-104.87758333333328,44,53
montview-clinton,46,e montview blvd 2000 n | p bike lane | e montview blvd 2000 n | clinton st 9500 e | clinton st 9500 e,39.74744444444444,-104.87758333333328,44,53
montview-clinton,47,clinton st 9500 e | p bike lane | e montview blvd 2000 n | e montview blvd 2000 n | clinton st 9500 e,39.74744444444444,-104.87758333333328,44,53
montview-clinton,48,clinton st 9500 e | p bike lane | e montview blvd 2000 n | e montview blvd 2000 n | clinton st 9500 e,39.74744444444444,-104.87758333333328,44,53
montview-clinton,49,e montview blvd 2000 n | p bike lane | clinton st 9500 e | clinton st 9500 e | e montview blvd 2000 n,39.74744444444444,-104.87758333333328,44,53
montview-dallas,0,prayer meetings sundays | breakfast brunch patio dining lunch dinner when you need it most vienna beef | prayer meetings sundays | montview blvd | get a quote well give you 25 scan me,39.74744444444445,-104.87641666666666,16,17
montview-dallas,1,ghana baptist | solid rock baptist church | we see you | business insurance pet insurance motorcycle retirement life insurance renters insurance condo insurance allstate | carm gia metropolitan,39.74744444444445,-104.87641666666666,16,17
montview-dallas,2,ghana baptist | allstate | allstate | montview blvd | ghana baptist,39.74744444444445,-104.87641666666666,16,17
montview-dallas,3,montview blvd | tacos godita burritos tortas desayunos quesadeillas rico menudo sabado y domingo | ghana baptist | allstate | tacos godita burritos tortas desayunos quesadeillas rico menudo sabado y domingo,39.74744444444445,-104.87641666666666,16,17
montview-dallas,4,tacos godita burritos tortas desayunos quesadeillas rico menudo sabado y domingo | tacos godita burritos tortas desayunos quesadeillas rico menudo sabado y domingo | speed limit 25 | for rent se habla espanol | get a quote well give you 25 scan me,39.74744444444445,-104.87641666666666,16,17
montview-dallas,5,we see you | breakfast brunch patio dining lunch dinner when you need it most vienna beef | business insurance pet insurance motorcycle retirement life insurance renters insurance condo insurance allstate | get a quote well give you 25 scan me | ghana baptist,39.74744444444445,-104.87641666666666,16,17
montview-dallas,6,solid rock baptist church | solid rock baptist church | carm gia metropolitan | masons dumpling shop | masons dumpling shop,39.74744444444445,-104.87641666666666,16,17
montview-dallas,7,dallas st 9600 e | masons dumpling shop | tacos godita burritos tortas desayunos quesadeillas rico menudo sabado y domingo | we see you | carm gia metropolitan,39.74744444444445,-104.87641666666666,16,17
montview-dallas,8,speed limit 25 | breakfast brunch patio dining lunch dinner when you need it most vienna beef | prayer meetings sundays | we see you | for rent smg property wwwsmgpropertycom,39.74744444444445,-104.87641666666666,16,17
montview-dallas,9,speed limit 25 | dallas st 9600 e | get a quote well give you 25 scan me | business insurance pet insurance motorcycle retirement life insurance renters insurance condo insurance allstate | montview blvd,39.74744444444445,-104.87641666666666,16,17
montview-dallas,10,for rent smg property wwwsmgpropertycom | prayer meetings sundays | speed limit 25 | breakfast brunch patio dining lunch dinner when you need it most vienna beef | carm gia metropolitan,39.74744444444445,-104.87641666666666,16,17
montview-dallas,11,ghana baptist | business insurance pet insurance motorcycle retirement life insurance renters insurance condo insurance allstate | masons dumpling shop | masons dumpling shop | speed limit 25,39.74744444444445,-104.87641666666666,16,17
montview-dallas,12,get a quote well give you 25 scan me | allstate | prayer meetings sundays | montview blvd | tacos godita burritos tortas desayunos quesadeillas rico menudo sabado y domingo,39.74744444444445,-104.87641666666666,16,17
montview-dallas,13,we see you | tacos godita burritos tortas desayunos quesadeillas rico menudo sabado y domingo | montview blvd | montview blvd | we see you,39.74744444444445,-104.87641666666666,16,17
montview-dallas,14,tacos godita burritos tortas desayunos quesadeillas rico menudo sabado y domingo | get a quote well give you 25 scan me | we see you | we see you | ghana baptist,39.74744444444445,-104.87641666666666,16,17
montview-dallas,15,masons dumpling shop | get a quote well give you 25 scan me | ghana baptist | tacos godita burritos tortas desayunos quesadeillas rico menudo sabado y domingo | solid rock baptist church,39.74744444444445,-104.87641666666666,16,17
montview-dallas,16,prayer meetings sundays | speed limit 25 | solid rock baptist church | allstate | carm gia metropolitan,39.74744444444445,-104.87641666666666,16,17
montview-dallas,17,we see you | solid rock baptist church | prayer meetings sundays | tacos godita burritos tortas desayunos quesadeillas rico menudo sabado y domingo | get a quote well give you 25 scan me,39.74744444444445,-104.87641666666666,16,17
montview-dallas,18,montview blvd | carm gia metropolitan | montview blvd | speed limit 25 | solid rock baptist church,39.74744444444445,-104.87641666666666,16,17
montview-dallas,19,breakfast brunch patio dining lunch dinner when you need it most vienna beef | get a quote well give you 25 scan me | get a quote well give you 25 scan me | we see you | montview blvd,39.74744444444445,-104.87641666666666,16,17
montview-dallas,20,get a quote well give you 25 scan me | we see you | ghana baptist | ghana baptist | carm gia metropolitan,39.74744444444445,-104.87641666666666,16,17
montview-dallas,21,for rent smg property wwwsmgpropertycom | dallas st 9600 e | prayer meetings sundays | carm gia metropolitan | tacos godita burritos tortas desayunos quesadeillas rico menudo sabado y domingo,39.74744444444445,-104.87641666666666,16,17
montview-dallas,22,for rent smg property wwwsmgpropertycom | for rent se habla espanol | allstate | montview blvd | business insurance pet insurance motorcycle retirement life insurance renters insurance condo insurance allstate,39.74744444444445,-104.87641666666666,16,17
montview-dallas,23,get a quote well give you 25 scan me | carm gia metropolitan | get a quote well give you 25 scan me | speed limit 25 | get a quote well give you 25 scan me,39.74744444444445,-104.87641666666666,16,17
montview-dallas,24,allstate | ghana baptist | prayer meetings sundays | tacos godita burritos tortas desayunos quesadeillas rico menudo sabado y domingo | prayer meetings sundays,39.74744444444445,-104.87641666666666,16,17
montview-dallas,25,speed limit 25 | prayer meetings sundays | we see you | montview blvd | allstate,39.74744444444445,-104.87641666666666,16,17
montview-dallas,26,we see you | get a quote well give you 25 scan me | carm gia metropolitan | for rent se habla espanol | allstate,39.74744444444445,-104.87641666666666,16,17
montview-dallas,27,ghana baptist | speed limit 25 | dallas st 9600 e | solid rock baptist church | carm gia metropolitan,39.74744444444445,-104.87641666666666,16,17
montview-dallas,28,get a quote well give you 25 scan me | allstate | allstate | prayer meetings sundays | dallas st 9600 e,39.74744444444445,-104.87641666666666,16,17
montview-dallas,29,for rent smg property wwwsmgpropertycom | allstate | get a quote well give you 25 scan me | get a quote well give you 25 scan me | get a quote well give you 25 scan me,39.74744444444445,-104.87641666666666,16,17
montview-dallas,30,get a quote well give you 25 scan me | get a quote well give you 25 scan me | allstate | get a quote well give you 25 scan me | carm gia metropolitan,39.74744444444445,-104.87641666666666,16,17
montview-dallas,31,breakfast brunch patio dining lunch dinner when you need it most vienna beef | masons dumpling shop | breakfast brunch patio dining lunch dinner when you need it most vienna beef | business insurance pet insurance motorcycle retirement life insurance renters insurance condo insurance allstate | for rent smg property wwwsmgpropertycom,39.74744444444445,-104.87641666666666,16,17
montview-dallas,32,get a quote well give you 25 scan me | we see you | ghana baptist | tacos godita burritos tortas desayunos quesadeillas rico menudo sabado y domingo | tacos godita burritos tortas desayunos quesadeillas rico menudo sabado y domingo,39.74744444444445,-104.87641666666666,16,17
montview-dallas,33,prayer meetings sundays | solid rock baptist church | business insurance pet insurance motorcycle retirement life insurance renters insurance condo insurance allstate | tacos godita burritos tortas desayunos quesadeillas rico menudo sabado y domingo | dallas st 9600 e,39.74744444444445,-104.87641666666666,16,17
montview-dallas,34,montview blvd | tacos godita burritos tortas desayunos quesadeillas rico menudo sabado y domingo | get a quote well give you 25 scan me | carm gia metropolitan | we see you,39.74744444444445,-104.87641666666666,16,17
montview-dallas,35,ghana baptist | for rent smg property wwwsmgpropertycom | speed limit 25 | for rent se habla espanol | solid rock baptist church,39.74744444444445,-104.87641666666666,16,17
montview-dallas,36,prayer meetings sundays | business insurance pet insurance motorcycle retirement life insurance renters insurance condo insurance allstate | breakfast brunch patio dining lunch dinner when you need it most vienna beef | breakfast brunch patio dining lunch dinner when you need it most vienna beef | we see you,39.74744444444445,-104.87641666666666,16,17
montview-dallas,37,breakfast brunch patio dining lunch dinner when you need it most vienna beef | prayer meetings sundays | speed limit 25 | speed limit 25 | we see you,39.74744444444445,-104.87641666666666,16,17
montview-dallas,38,prayer meetings sundays | ghana baptist | masons dumpling shop | breakfast brunch patio dining lunch dinner when you need it most vienna beef | breakfast brunch patio dining lunch dinner when you need it most vienna beef,39.74744444444445,-104.87641666666666,16,17
montview-dallas,39,business insurance pet insurance motorcycle retirement life insurance renters insurance condo insurance allstate | allstate | get a quote well give you 25 scan me | breakfast brunch patio dining lunch dinner when you need it most vienna beef | carm gia metropolitan,39.74744444444445,-104.87641666666666,16,17
montview-dallas,40,dallas st 9600 e | for rent se habla espanol | allstate | montview blvd | prayer meetings sundays,39.74744444444445,-104.87641666666666,16,17
montview-dallas,41,carm gia metropolitan | for rent se habla espanol | allstate | solid rock baptist church | prayer meetings sundays,39.74744444444445,-104.87641666666666,16,17
montview-dallas,42,for rent smg property wwwsmgpropertycom | tacos godita burritos tortas desayunos quesadeillas rico menudo sabado y domingo | get a quote well give you 25 scan me | dallas st 9600 e | breakfast brunch patio dining lunch dinner when you need it most vienna beef,39.74744444444445,-104.87641666666666,16,17
montview-dallas,43,business insurance pet insurance motorcycle retirement life insurance renters insurance condo insurance allstate | breakfast brunch patio dining lunch dinner when you need it most vienna beef | we see you | for rent se habla espanol | get a quote well give you 25 scan me,39.74744444444445,-104.87641666666666,16,17
montview-dallas,44,masons dumpling shop | tacos godita burritos tortas desayunos quesadeillas rico menudo sabado y domingo | montview blvd | tacos godita burritos tortas desayunos quesadeillas rico menudo sabado y domingo | prayer meetings sundays,39.74744444444445,-104.87641666666666,16,17
montview-dallas,45,dallas st 9600 e | dallas st 9600 e | tacos godita burritos tortas desayunos quesadeillas rico menudo sabado y domingo | get a quote well give you 25 scan me | for rent smg property wwwsmgpropertycom,39.74744444444445,-104.87641666666666,16,17
montview-dallas,46,for rent se habla espanol | speed limit 25 | prayer meetings sundays | get a quote well give you 25 scan me | masons dumpling shop,39.74744444444445,-104.87641666666666,16,17
montview-dallas,47,tacos godita burritos tortas desayunos quesadeillas rico menudo sabado y domingo | business insurance pet insurance motorcycle retirement life insurance renters insurance condo insurance allstate | allstate | breakfast brunch patio dining lunch dinner when you need it most vienna beef | get a quote well give you 25 scan me,39.74744444444445,-104.87641666666666,16,17
montview-dallas,48,for rent smg property wwwsmgpropertycom | ghana baptist | speed limit 25 | carm gia metropolitan | solid rock baptist church,39.74744444444445,-104.87641666666666,16,17
montview-dallas,49,for rent smg property wwwsmgpropertycom | we see you | masons dumpling shop | for rent se habla espanol | for rent se habla espanol,39.74744444444445,-104.87641666666666,16,17
montview-dayton,0,montview blvd | dayton st | a k ice | dayton st | montview blvd,39.74745833333333,-104.87526388888887,42,102
montview-dayton,1,dayton st | montview blvd | montview blvd | dayton st | montview blvd,39.74745833333333,-104.87526388888887,42,102
montview-dayton,2,montview blvd | open | dayton st | montview blvd | dayton st,39.74745833333333,-104.87526388888887,42,102
montview-dayton,3,dayton st | montview blvd | dayton st | montview blvd | dollar party,39.74745833333333,-104.87526388888887,42,102
montview-dayton,4,dayton st | sinclair with dinocare unleaded | dayton st | montview blvd | montview blvd,39.74745833333333,-104.87526388888887,42,102
montview-dayton,5,montview blvd | montview blvd | ice | dayton st | dayton st,39.74745833333333,-104.87526388888887,42,102
montview-dayton,6,dayton st | montview blvd | montview blvd | daisy coin laundry | dayton st,39.74745833333333,-104.87526388888887,42,102
montview-dayton,7,sigue money transfer services aqu | dayton st | dayton st | montview blvd | montview blvd,39.74745833333333,-104.87526388888887,42,102
montview-dayton,8,montview blvd | dayton st | masons dumpling shop | dayton st | montview blvd,39.74745833333333,-104.87526388888887,42,102
montview-dayton,9,montview blvd | dayton st | liquors | dayton st | montview blvd,39.74745833333333,-104.87526388888887,42,102
montview-dayton,10,montview blvd | dayton st | liquors | montview blvd | dayton st,39.74745833333333,-104.87526388888887,42,102
montview-dayton,11,dayton st | montview blvd | dayton st | ab petroleum | montview blvd,39.74745833333333,-104.87526388888887,42,102
montview-dayton,12,montview blvd | dayton st | rico menudo sabado y domingo | dayton st | montview blvd,39.74745833333333,-104.87526388888887,42,102
montview-dayton,13,dayton st | dayton st | montview blvd | montview blvd | mercado azteca sper carniceria,39.74745833333333,-104.87526388888887,42,102
montview-dayton,14,dayton st | qd gorcery tobacco | dayton st | montview blvd | montview blvd,39.74745833333333,-104.87526388888887,42,102
montview-dayton,15,montview blvd | dayton st | liquors | montview blvd | dayton st,39.74745833333333,-104.87526388888887,42,102
montview-dayton,16,dayton st | dayton st | barber | montview blvd | montview blvd,39.74745833333333,-104.87526388888887,42,102
montview-dayton,17,montview blvd | liquors | montview blvd | dayton st | dayton st,39.74745833333333,-104.87526388888887,42,102
montview-dayton,18,open | dayton st | montview blvd | montview blvd | dayton st,39.74745833333333,-104.87526388888887,42,102
montview-dayton,19,dayton st | the best charbroiled chicken | dayton st | montview blvd | montview blvd,39.74745833333333,-104.87526388888887,42,102
montview-dayton,20,dayton st | dayton st | montview blvd | montview blvd | mercado azteca sper carniceria,39.74745833333333,-104.87526388888887,42,102
montview-dayton,21,montview blvd | dayton st | the best charbroiled chicken | montview blvd | dayton st,39.74745833333333,-104.87526388888887,42,102
montview-dayton,22,montview blvd | welcome home | dayton st | montview blvd | dayton st,39.74745833333333,-104.87526388888887,42,102
montview-dayton,23,private property customer parking only unauthorized vehicles will be towed no after hour parking towing enforced at all times | montview blvd | montview blvd | dayton st | dayton st,39.74745833333333,-104.87526388888887,42,102
montview-dayton,24,dollar party | dayton st | montview blvd | montview blvd | dayton st,39.74745833333333,-104.87526388888887,42,102
montview-dayton,25,dayton st | montview blvd | montview blvd | breakfast burrito 910 am medundo sabado y domingo | dayton st,39.74745833333333,-104.87526388888887,42,102
montview-dayton,26,dayton st | montview blvd | rico menudo sabado y domingo | dayton st | montview blvd,39.74745833333333,-104.87526388888887,42,102
montview-dayton,27,dayton st | montview blvd | dayton st | qd gorcery tobacco | montview blvd,39.74745833333333,-104.87526388888887,42,102
montview-dayton,28,montview blvd | montview blvd | dollar party | dayton st | dayton st,39.74745833333333,-104.87526388888887,42,102
montview-dayton,29,montview blvd | montview blvd | dayton st | dayton st | abierto todos los dias,39.74745833333333,-104.87526388888887,42,102
montview-dayton,30,dayton st | montview blvd | dayton st | montview blvd | ra,39.74745833333333,-104.87526388888887,42,102
montview-dayton,31,a k ice | dayton st | dayton st | montview blvd | montview blvd,39.74745833333333,-104.87526388888887,42,102
montview-dayton,32,dayton st | dayton st | montview blvd | montview blvd | sinclair with dinocare unleaded,39.74745833333333,-104.87526388888887,42,102
montview-dayton,33,montview blvd | dollar party | dayton st | montview blvd | dayton st,39.74745833333333,-104.87526388888887,42,102
montview-dayton,34,dayton st | tacos y burritos | montview blvd | dayton st | montview blvd,39.74745833333333,-104.87526388888887,42,102
montview-dayton,35,montview blvd | montview blvd | dayton st | welcome home | dayton st,39.74745833333333,-104.87526388888887,42,102
montview-dayton,36,montview blvd | tacos y tortas valentin tacos gorditas burritos tortas desayunos quesadillas rico menudo sabado y domingo | dayton st | montview blvd | dayton st,39.74745833333333,-104.87526388888887,42,102
montview-dayton,37,montview blvd | dayton st | montview blvd | open | dayton st,39.74745833333333,-104.87526388888887,42,102
montview-dayton,38,dayton st | breakfast burrito 910 am medundo sabado y domingo | montview blvd | montview blvd | dayton st,39.74745833333333,-104.87526388888887,42,102
montview-dayton,39,montview blvd | montview blvd | dayton st | open every day | dayton st,39.74745833333333,-104.87526388888887,42,102
montview-dayton,40,dayton st | montview blvd | open | montview blvd | dayton st,39.74745833333333,-104.87526388888887,42,102
montview-dayton,41,dayton st | montview blvd | dayton st | ab petroleum | montview blvd,39.74745833333333,-104.87526388888887,42,102
montview-dayton,42,private property customer parking only unauthorized vehicles will be towed no after hour parking towing enforced at all times | montview blvd | montview blvd | dayton st | dayton st,39.74745833333333,-104.87526388888887,42,102
montview-dayton,43,the best chicken in town | montview blvd | dayton st | dayton st | montview blvd,39.74745833333333,-104.87526388888887,42,102
montview-dayton,44,montview blvd | dinocare high preformance gasoline | dayton st | montview blvd | dayton st,39.74745833333333,-104.87526388888887,42,102
montview-dayton,45,private property customer parking only unauthorized vehicles will be towed no after hour parking towing enforced at all times | dayton st | montview blvd | dayton st | montview blvd,39.74745833333333,-104.87526388888887,42,102
montview-dayton,46,dayton st | montview blvd | montview blvd | dayton st | coca cola,39.74745833333333,-104.87526388888887,42,102
montview-dayton,47,montview blvd | dayton st | liquors | montview blvd | dayton st,39.74745833333333,-104.87526388888887,42,102
montview-dayton,48,la costera the best chicken in town pollo | montview blvd | dayton st | dayton st | montview blvd,39.74745833333333,-104.87526388888887,42,102
montview-dayton,49,dayton st | dayton st | montview blvd | mercado azteca sper carniceria | montview blvd,39.74745833333333,-104.87526388888887,42,102
montview-delmar,0,del mark pkwy | emporia st | del mark pkwy | montview blvd | emporia st,39.74744444444445,-104.87408333333333,15,19
montview-delmar,1,emporia st | del mark pkwy | montview blvd | del mark pkwy | emporia st,39.74744444444445,-104.87408333333333,15,19
montview-delmar,2,emporia st | montview blvd | emporia st | del mark pkwy | del mark pkwy,39.74744444444445,-104.87408333333333,15,19
montview-delmar,3,del mark pkwy | emporia st | del mark pkwy | montview blvd | emporia st,39.74744444444445,-104.87408333333333,15,19
montview-delmar,4,montview blvd | del mark pkwy | emporia st | emporia st | del mark pkwy,39.74744444444445,-104.87408333333333,15,19
montview-delmar,5,emporia st | emporia st | del mark pkwy | montview blvd | del mark pkwy,39.74744444444445,-104.87408333333333,15,19
montview-delmar,6,del mark pkwy | emporia st | del mark pkwy | montview blvd | emporia st,39.74744444444445,-104.87408333333333,15,19
montview-delmar,7,del mark pkwy | emporia st | montview blvd | del mark pkwy | emporia st,39.74744444444445,-104.87408333333333,15,19
montview-delmar,8,emporia st | emporia st | montview blvd | del mark pkwy | del mark pkwy,39.74744444444445,-104.87408333333333,15,19
montview-delmar,9,montview blvd | del mark pkwy | emporia st | del mark pkwy | emporia st,39.74744444444445,-104.87408333333333,15,19
montview-delmar,10,emporia st | del mark pkwy | del mark pkwy | emporia st | montview blvd,39.74744444444445,-104.87408333333333,15,19
montview-delmar,11,del mark pkwy | del mark pkwy | emporia st | montview blvd | emporia st,39.74744444444445,-104.87408333333333,15,19
montview-delmar,12,del mark pkwy | montview blvd | del mark pkwy | emporia st | emporia st,39.74744444444445,-104.87408333333333,15,19
montview-delmar,13,del mark pkwy | del mark pkwy | emporia st | emporia st | montview blvd,39.74744444444445,-104.87408333333333,15,19
montview-delmar,14,del mark pkwy | montview blvd | emporia st | emporia st | del mark pkwy,39.74744444444445,-104.87408333333333,15,19
montview-delmar,15,montview blvd | emporia st | del mark pkwy | del mark pkwy | emporia st,39.74744444444445,-104.87408333333333,15,19
montview-delmar,16,montview blvd | emporia st | emporia st | del mark pkwy | del mark pkwy,39.74744444444445,-104.87408333333333,15,19
montview-delmar,17,del mark pkwy | emporia st | emporia st | del mark pkwy | montview blvd,39.74744444444445,-104.87408333333333,15,19
montview-delmar,18,emporia st | emporia st | montview blvd | del mark pkwy | del mark pkwy,39.74744444444445,-104.87408333333333,15,19
montview-delmar,19,montview blvd | emporia st | del mark pkwy | del mark pkwy | emporia st,39.74744444444445,-104.87408333333333,15,19
montview-delmar,20,del mark pkwy | emporia st | del mark pkwy | montview blvd | emporia st,39.74744444444445,-104.87408333333333,15,19
montview-delmar,21,del mark pkwy | emporia st | montview blvd | emporia st | del mark pkwy,39.74744444444445,-104.87408333333333,15,19
montview-delmar,22,del mark pkwy | del mark pkwy | emporia st | montview blvd | emporia st,39.74744444444445,-104.87408333333333,15,19
montview-delmar,23,del mark pkwy | emporia st | emporia st | montview blvd | del mark pkwy,39.74744444444445,-104.87408333333333,15,19
montview-delmar,24,emporia st | emporia st | del mark pkwy | del mark pkwy | montview blvd,39.74744444444445,-104.87408333333333,15,19
montview-delmar,25,emporia st | emporia st | del mark pkwy | montview blvd | del mark pkwy,39.74744444444445,-104.87408333333333,15,19
montview-delmar,26,del mark pkwy | emporia st | emporia st | montview blvd | del mark pkwy,39.74744444444445,-104.87408333333333,15,19
montview-delmar,27,del mark pkwy | emporia st | del mark pkwy | montview blvd | emporia st,39.74744444444445,-104.87408333333333,15,19
montview-delmar,28,emporia st | montview blvd | del mark pkwy | del mark pkwy | emporia st,39.74744444444445,-104.87408333333333,15,19
montview-delmar,29,montview blvd | del mark pkwy | emporia st | emporia st | del mark pkwy,39.74744444444445,-104.87408333333333,15,19
montview-delmar,30,emporia st | montview blvd | del mark pkwy | emporia st | del mark pkwy,39.74744444444445,-104.87408333333333,15,19
montview-delmar,31,del mark pkwy | montview blvd | del mark pkwy | emporia st | emporia st,39.74744444444445,-104.87408333333333,15,19
montview-delmar,32,emporia st | del mark pkwy | emporia st | montview blvd | del mark pkwy,39.74744444444445,-104.87408333333333,15,19
montview-delmar,33,emporia st | del mark pkwy | del mark pkwy | montview blvd | emporia st,39.74744444444445,-104.87408333333333,15,19
montview-delmar,34,emporia st | montview blvd | del mark pkwy | emporia st | del mark pkwy,39.74744444444445,-104.87408333333333,15,19
montview-delmar,35,montview blvd | del mark pkwy | emporia st | del mark pkwy | emporia st,39.74744444444445,-104.87408333333333,15,19
montview-delmar,36,emporia st | emporia st | montview blvd | del mark pkwy | del mark pkwy,39.74744444444445,-104.87408333333333,15,19
montview-delmar,37,del mark pkwy | del mark pkwy | montview blvd | emporia st | emporia st,39.74744444444445,-104.87408333333333,15,19
montview-delmar,38,montview blvd | emporia st | emporia st | del mark pkwy | del mark pkwy,39.74744444444445,-104.87408333333333,15,19
montview-delmar,39,emporia st | del mark pkwy | del mark pkwy | montview blvd | emporia st,39.74744444444445,-104.87408333333333,15,19
montview-delmar,40,del mark pkwy | del mark pkwy | montview blvd | emporia st | emporia st,39.74744444444445,-104.87408333333333,15,19
montview-delmar,41,emporia st | del mark pkwy | montview blvd | emporia st | del mark pkwy,39.74744444444445,-104.87408333333333,15,19
montview-delmar,42,emporia st | del mark pkwy | del mark pkwy | emporia st | montview blvd,39.74744444444445,-104.87408333333333,15,19
montview-delmar,43,emporia st | del mark pkwy | emporia st | montview blvd | del mark pkwy,39.74744444444445,-104.87408333333333,15,19
montview-delmar,44,emporia st | del mark pkwy | emporia st | montview blvd | del mark pkwy,39.74744444444445,-104.87408333333333,15,19
montview-delmar,45,montview blvd | emporia st | del mark pkwy | emporia st | del mark pkwy,39.74744444444445,-104.87408333333333,15,19
montview-delmar,46,del mark pkwy | del mark pkwy | montview blvd | emporia st | emporia st,39.74744444444445,-104.87408333333333,15,19
montview-delmar,47,del mark pkwy | montview blvd | emporia st | del mark pkwy | emporia st,39.74744444444445,-104.87408333333333,15,19
montview-delmar,48,del mark pkwy | del mark pkwy | montview blvd | emporia st | emporia st,39.74744444444445,-104.87408333333333,15,19
montview-delmar,49,del mark pkwy | del mark pkwy | montview blvd | emporia st | emporia st,39.74744444444445,-104.87408333333333,15,19
montview-galena,0,no public restroom | corona | reserved parking | reserved parking van | 1 big gulp only with trewards turn up big gulp win music prizes,39.74744444444445,-104.86938888888892,39,46
montview-galena,1,emergenycy shut off switch | reserved parking | weddings conventions conferenceseminars social events quinceera business meetings | reserved parking van | no public restroom,39.74744444444445,-104.86938888888892,39,46
montview-galena,2,reserved parking van | 3650 monster energy | the reception kamsy event center | open | open,39.74744444444445,-104.86938888888892,39,46
montview-galena,3,grooming haircut blow dry fragrance secado perfume corte de pelo | open | corona | reserved parking van | ice a kk ice a k ice,39.74744444444445,-104.86938888888892,39,46
montview-galena,4,dewaynes barber shop | reserved parking van | reserved parking van | ice a kk ice a k ice | reserved parking,39.74744444444445,-104.86938888888892,39,46
montview-galena,5,the green solution | open | reserved parking van | galena st | dewaynes barber shop,39.74744444444445,-104.86938888888892,39,46
montview-galena,6,star buds its all good | reserved parking van | open | grooming haircut blow dry fragrance secado perfume corte de pelo | los ponys mexican restauraunt,39.74744444444445,-104.86938888888892,39,46
montview-galena,7,grooming haircut blow dry fragrance secado perfume corte de pelo | reserved parking van | 26 red bull | 1 big gulp only with trewards turn up big gulp win music prizes | 1 big gulp only with trewards turn up big gulp win music prizes,39.74744444444445,-104.86938888888892,39,46
montview-galena,8,reserved parking van | nuco2 beverage carbonation made easy | private parking | the green solution | the green solution,39.74744444444445,-104.86938888888892,39,46
montview-galena,9,the reception kamsy event center | 7 eleven | gorditas mariscos smothered burritos family owned operated | open | reserved parking van,39.74744444444445,-104.86938888888892,39,46
montview-galena,10,galena st | windoes glass plus | open | reserved parking van | ace,39.74744444444445,-104.86938888888892,39,46
montview-galena,11,galena st | ice a kk ice a k ice | olimpias best cutz | 1 big gulp only with trewards turn up big gulp win music prizes | reserved parking van,39.74744444444445,-104.86938888888892,39,46
montview-galena,12,open | the green solution | reserved parking | reserved parking van | reserved parking van,39.74744444444445,-104.86938888888892,39,46
montview-galena,13,26 red bull | queen v pet spa | ace | reserved parking van | car batteries,39.74744444444445,-104.86938888888892,39,46
montview-galena,14,open | ace auto repair | ice a kk ice a k ice | the green solution | reserved parking van,39.74744444444445,-104.86938888888892,39,46
montview-galena,15,reserved parking van | los ponys mexican restauraunt | 2 large coffee and ring donut | starbuds dispensary 21 | nuco2 beverage carbonation made easy,39.74744444444445,-104.86938888888892,39,46
montview-galena,16,7 eleven | open | reserved parking van | ice a kk ice a k ice | windoes glass plus,39.74744444444445,-104.86938888888892,39,46
montview-galena,17,reserved parking | montview blvd | reserved parking van | private parking | ace auto repair,39.74744444444445,-104.86938888888892,39,46
montview-galena,18,open | reserved parking van | ace | weddings conventions conferenceseminars social events quinceera business meetings | star buds its all good,39.74744444444445,-104.86938888888892,39,46
montview-galena,19,reserved parking van | windoes glass plus | 1 big gulp only with trewards turn up big gulp win music prizes | 7 eleven | queen v pet spa,39.74744444444445,-104.86938888888892,39,46
montview-galena,20,reserved parking van | the green solution | grooming haircut blow dry fragrance secado perfume corte de pelo | the reception kamsy event center | open,39.74744444444445,-104.86938888888892,39,46
montview-galena,21,reserved parking van | car batteries | the reception kamsy event center | open | emergenycy shut off switch,39.74744444444445,-104.86938888888892,39,46
montview-galena,22,no public restroom | reserved parking van | warning security camera | 7 days a week | los ponys mexican restauraunt,39.74744444444445,-104.86938888888892,39,46
montview-galena,23,nuco2 beverage carbonation made easy | open | ace | reserved parking van | galena st,39.74744444444445,-104.86938888888892,39,46
montview-galena,24,3650 monster energy | sunrise catering 1 | reserved parking van | reserved parking van | the green solution,39.74744444444445,-104.86938888888892,39,46
montview-galena,25,reserved parking van | corona | ace auto repair | open | warning security camera,39.74744444444445,-104.86938888888892,39,46
montview-galena,26,weddings conventions conferenceseminars social events quinceera business meetings | first onsite firstonsitecom | reserved parking van | private parking | reserved parking van,39.74744444444445,-104.86938888888892,39,46
montview-galena,27,penske cocacola cocacola cocacola | 2 large coffee and ring donut | windoes glass plus | reserved parking van | gorditas mariscos smothered burritos family owned operated,39.74744444444445,-104.86938888888892,39,46
montview-galena,28,star buds its all good | reserved parking van | penske cocacola cocacola cocacola | open | ace,39.74744444444445,-104.86938888888892,39,46
montview-galena,29,reserved parking van | 1 big gulp only with trewards turn up big gulp win music prizes | reserved parking van | starbuds dispensary 21 | xfinity,39.74744444444445,-104.86938888888892,39,46
montview-galena,30,no public restroom | menudo sat sun | weddings conventions conferenceseminars social events quinceera business meetings | reserved parking van | warning security camera,39.74744444444445,-104.86938888888892,39,46
montview-galena,31,first onsite firstonsitecom | no public restroom | los ponys mexican restauraunt | los ponys mexican restauraunt | reserved parking van,39.74744444444445,-104.86938888888892,39,46
montview-galena,32,ice a kk ice a k ice | reserved parking van | penske cocacola cocacola cocacola | dewaynes barber shop | olimpias best cutz,39.74744444444445,-104.86938888888892,39,46
montview-galena,33,reserved parking van | 7 days a week | nuco2 beverage carbonation made easy | star buds its all good | penske cocacola cocacola cocacola,39.74744444444445,-104.86938888888892,39,46
montview-galena,34,ace auto repair | windoes glass plus | montview blvd | ace | reserved parking van,39.74744444444445,-104.86938888888892,39,46
montview-galena,35,2 large coffee and ring donut | reserved parking van | star buds its all good | 7 eleven | car batteries,39.74744444444445,-104.86938888888892,39,46
montview-galena,36,reserved parking van | montview blvd | gorditas mariscos smothered burritos family owned operated | grooming haircut blow dry fragrance secado perfume corte de pelo | dewaynes barber shop,39.74744444444445,-104.86938888888892,39,46
montview-galena,37,ice a kk ice a k ice | grooming haircut blow dry fragrance secado perfume corte de pelo | reserved parking van | open | olimpias best cutz,39.74744444444445,-104.86938888888892,39,46
montview-galena,38,the green solution | reserved parking van | car batteries | 7 eleven | corona,39.74744444444445,-104.86938888888892,39,46
montview-galena,39,corona | 2 large coffee and ring donut | reserved parking | open | reserved parking van,39.74744444444445,-104.86938888888892,39,46
montview-galena,40,as smokers cigarette vape glasses | menudo sat sun | reserved parking van | gorditas mariscos smothered burritos family owned operated | no public restroom,39.74744444444445,-104.86938888888892,39,46
montview-galena,41,car batteries | reserved parking van | olimpias best cutz | los ponys mexican restauraunt | sunrise catering 1,39.74744444444445,-104.86938888888892,39,46
montview-galena,42,open | galena st | open | reserved parking van | reserved parking,39.74744444444445,-104.86938888888892,39,46
montview-galena,43,olimpias best cutz | open | 7 days a week | 26 red bull | reserved parking van,39.74744444444445,-104.86938888888892,39,46
montview-galena,44,7 eleven | warning security camera | xfinity | reserved parking van | los ponys mexican restauraunt,39.74744444444445,-104.86938888888892,39,46
montview-galena,45,reserved parking van | sunrise catering 1 | 7 eleven | reserved parking van | menudo sat sun,39.74744444444445,-104.86938888888892,39,46
montview-galena,46,reserved parking van | open | reserved parking | corona | open,39.74744444444445,-104.86938888888892,39,46
montview-galena,47,open | reserved parking van | reserved parking | the reception kamsy event center | as smokers cigarette vape glasses,39.74744444444445,-104.86938888888892,39,46
montview-galena,48,open | reserved parking van | 1 big gulp only with trewards turn up big gulp win music prizes | weddings conventions conferenceseminars social events quinceera business meetings | windoes glass plus,39.74744444444445,-104.86938888888892,39,46
montview-galena,49,open | menudo sat sun | ace | reserved parking van | corona,39.74744444444445,-104.86938888888892,39,46
morrison-wadsworth,0,healthworx | innovage innovage | morrison rd | morrison rd | touchstone dental and implants,39.674944444444435,-105.08147222222222,26,54
morrison-wadsworth,1,innovage innovage | morrison rd | leased managed by hartford | morrison rd | healthworx,39.674944444444435,-105.08147222222222,26,54
morrison-wadsworth,2,morrison rd | morrison rd | the ride | zen den therapies | healthworx,39.674944444444435,-105.08147222222222,26,54
morrison-wadsworth,3,innovage allinclusive care for the elderly age independently in your own home | morrison rd | dennis sullivan state farm | morrison rd | innovage innovage,39.674944444444435,-105.08147222222222,26,54
morrison-wadsworth,4,right lane must turn right | zen den therapies | morrison rd | morrison rd | morrison rd,39.674944444444435,-105.08147222222222,26,54
morrison-wadsworth,5,allstate novak insurance services | innovage allinclusive care for the elderly age independently in your own home | morrison rd | morrison rd | healthworx,39.674944444444435,-105.08147222222222,26,54
morrison-wadsworth,6,leased managed by hartford | morrison rd | morrison rd | zen den therapies | westwoods community church,39.674944444444435,-105.08147222222222,26,54
morrison-wadsworth,7,morrison rd | healthworx | no construction traffic | westwoods community church | morrison rd,39.674944444444435,-105.08147222222222,26,54
morrison-wadsworth,8,morrison rd | alpine dental arts | dennis sullivan state farm | highland tattoo sacred roots massage | morrison rd,39.674944444444435,-105.08147222222222,26,54
morrison-wadsworth,9,allstate novak insurance services | morrison rd | morrison rd | healthworx | highland tattoo sacred roots massage,39.674944444444435,-105.08147222222222,26,54
morrison-wadsworth,10,morrison rd | allstate novak insurance services | morrison rd | morrison rd | zen den therapies,39.674944444444435,-105.08147222222222,26,54
morrison-wadsworth,11,morrison rd | sotiros sotiros llc certified public accountants | the ride | morrison rd | the mansion office complex,39.674944444444435,-105.08147222222222,26,54
morrison-wadsworth,12,eagle point 2225 s wadsworth | venture resources inc | morrison rd | morrison rd | no right turn on red,39.674944444444435,-105.08147222222222,26,54
morrison-wadsworth,13,allstate novak insurance services | morrison rd | morrison rd | innovage allinclusive care for the elderly age independently in your own home | sweet spot for a message creative outdoorcom,39.674944444444435,-105.08147222222222,26,54
morrison-wadsworth,14,right lane must turn right | healthworx | morrison rd | morrison rd | healthworx,39.674944444444435,-105.08147222222222,26,54
morrison-wadsworth,15,morrison rd | alpine dental arts | the mansion office complex | morrison rd | sweet spot for a message creative outdoorcom,39.674944444444435,-105.08147222222222,26,54
morrison-wadsworth,16,leased managed by hartford | morrison rd | zen den therapies | morrison rd | no construction traffic,39.674944444444435,-105.08147222222222,26,54
morrison-wadsworth,17,alpine dental arts | morrison rd | westwoods community church | morrison rd | eagle point 2225 s wadsworth,39.674944444444435,-105.08147222222222,26,54
morrison-wadsworth,18,no right turn on red | highland tattoo sacred roots massage | morrison rd | morrison rd | allstate novak insurance services,39.674944444444435,-105.08147222222222,26,54
morrison-wadsworth,19,morrison rd | the ride | westwoods community church | allstate novak insurance services | morrison rd,39.674944444444435,-105.08147222222222,26,54
morrison-wadsworth,20,no right turn on red | morrison rd | edward jones investmeents | morrison rd | healthworx,39.674944444444435,-105.08147222222222,26,54
morrison-wadsworth,21,touchstone dental and implants | zen den therapies | morrison rd | westwoods community church | morrison rd,39.674944444444435,-105.08147222222222,26,54
morrison-wadsworth,22,morrison rd | morrison rd | touchstone dental and implants | touchstone dental and implants | dennis sullivan state farm,39.674944444444435,-105.08147222222222,26,54
morrison-wadsworth,23,morrison rd | right lane must turn right | innovage innovage | edward jones investmeents | morrison rd,39.674944444444435,-105.08147222222222,26,54
morrison-wadsworth,24,sweet spot for a message creative outdoorcom | morrison rd | morrison rd | highland tattoo sacred roots massage | morrison rd,39.674944444444435,-105.08147222222222,26,54
morrison-wadsworth,25,allstate novak insurance services | morrison rd | no right turn on red | morrison rd | no construction traffic,39.674944444444435,-105.08147222222222,26,54
morrison-wadsworth,26,morrison road next signal | the ride | morrison rd | accessaride | morrison rd,39.674944444444435,-105.08147222222222,26,54
morrison-wadsworth,27,edward jones investmeents | morrison rd | allstate novak insurance services | morrison rd | alpine dental arts,39.674944444444435,-105.08147222222222,26,54
morrison-wadsworth,28,leased managed by hartford | morrison rd | morrison rd | right lane must turn right | morrison road next signal,39.674944444444435,-105.08147222222222,26,54
morrison-wadsworth,29,morrison rd | allstate novak insurance services | touchstone dental and implants | zen den therapies | morrison rd,39.674944444444435,-105.08147222222222,26,54
morrison-wadsworth,30,morrison rd | innovage innovage | venture resources inc | morrison rd | innovage innovage,39.674944444444435,-105.08147222222222,26,54
morrison-wadsworth,31,dennis sullivan state farm | morrison rd | morrison rd | accessaride | dennis sullivan state farm,39.674944444444435,-105.08147222222222,26,54
morrison-wadsworth,32,morrison rd | innovage innovage | zen den therapies | zen den therapies | morrison rd,39.674944444444435,-105.08147222222222,26,54
morrison-wadsworth,33,zen den therapies | morrison rd | no construction traffic | innovage innovage | morrison rd,39.674944444444435,-105.08147222222222,26,54
morrison-wadsworth,34,venture resources inc | p | morrison rd | morrison rd | right lane must turn right,39.674944444444435,-105.08147222222222,26,54
morrison-wadsworth,35,no construction traffic | allstate novak insurance services | morrison rd | westwoods community church | morrison rd,39.674944444444435,-105.08147222222222,26,54
morrison-wadsworth,36,morrison rd | sotiros sotiros llc certified public accountants | morrison rd | leased managed by hartford | no right turn on red,39.674944444444435,-105.08147222222222,26,54
morrison-wadsworth,37,zen den therapies | allstate novak insurance services | venture resources inc | morrison rd | morrison rd,39.674944444444435,-105.08147222222222,26,54
morrison-wadsworth,38,morrison rd | leased managed by hartford | no construction traffic | allstate novak insurance services | morrison rd,39.674944444444435,-105.08147222222222,26,54
morrison-wadsworth,39,morrison rd | morrison road next signal | morrison rd | touchstone dental and implants | healthworx,39.674944444444435,-105.08147222222222,26,54
morrison-wadsworth,40,morrison rd | morrison rd | right lane must turn right | morrison road next signal | healthworx,39.674944444444435,-105.08147222222222,26,54
morrison-wadsworth,41,morrison rd | morrison rd | p | rc basement | right lane must turn right,39.674944444444435,-105.08147222222222,26,54
morrison-wadsworth,42,the ride | no right turn on red | morrison rd | sotiros sotiros llc certified public accountants | morrison rd,39.674944444444435,-105.08147222222222,26,54
morrison-wadsworth,43,morrison rd | morrison rd | morrison rd | morrison rd | zen den therapies,39.674944444444435,-105.08147222222222,26,54
morrison-wadsworth,44,morrison rd | sweet spot for a message creative outdoorcom | morrison road next signal | zen den therapies | morrison rd,39.674944444444435,-105.08147222222222,26,54
morrison-wadsworth,45,venture resources inc | the ride | no construction traffic | morrison rd | morrison rd,39.674944444444435,-105.08147222222222,26,54
morrison-wadsworth,46,morrison rd | rc basement | morrison rd | edward jones investmeents | the mansion office complex,39.674944444444435,-105.08147222222222,26,54
morrison-wadsworth,47,morrison rd | venture resources inc | morrison rd | sotiros sotiros llc certified public accountants | morrison rd,39.674944444444435,-105.08147222222222,26,54
morrison-wadsworth,48,zen den therapies | leased managed by hartford | morrison rd | morrison rd | highland tattoo sacred roots massage,39.674944444444435,-105.08147222222222,26,54
morrison-wadsworth,49,no construction traffic | alpine dental arts | morrison rd | morrison rd | allstate novak insurance services,39.674944444444435,-105.08147222222222,26,54
oxford-broadway,0,broadway 000 | goodwill retail donations | 32 the house of water heaters plumbing repair remodel drain cleaning 303 7817856 | oxford | vapor,39.64222222222222,-104.98788888888886,56,56
oxford-broadway,1,broadway 000 | 2 hr parking 9 am 5 pm sat sun hol excluded no parking sign 2144 112 365 737 | stg speciality services custom interior and extereior cionstruction wwwstgspecialityservicescom 4055 s broadway | bike lane begins no trucks over 7000 lbs empty wt 7pm 6 am | oxford,39.64222222222222,-104.98788888888886,56,56
oxford-broadway,2,4073 | massage | broadway 000 | comiclean | oxford,39.64222222222222,-104.98788888888886,56,56
oxford-broadway,3,denver music institute lessions rehersals workshops 3037880303 private and virtual lessions | broadway 000 | counciling center of the rockies 3038060933 counselingcenteroftherockiescom | oxford | comiclean,39.64222222222222,-104.98788888888886,56,56
oxford-broadway,4,oxford | fat cah pawn gold center | box brothers boxes packaging shipping 3037897647 wwwboxbroscom used new boxes ups fedex dhl we ship furniture custom packaging crating free delivery min order | a1 | broadway 000,39.64222222222222,-104.98788888888886,56,56
oxford-broadway,5,oxford | one stop motors 3037614202 credit unions bank financing buy sell trade | the ride stop 12573 englewood | broadway 000 | left tuen only,39.64222222222222,-104.98788888888886,56,56
oxford-broadway,6,pizza hut 3037628000 | 100 service inc 3039336054 heating cooling pipe repair | oxford | broadway 000 | 32 the house of water heaters plumbing repair remodel drain cleaning 303 7817856,39.64222222222222,-104.98788888888886,56,56
oxford-broadway,7,broadway 000 | 4171 | the house of water heating bill smith est 1956 plumbing heating | oxford | poologic no problems only solutions pool and spa service,39.64222222222222,-104.98788888888886,56,56
oxford-broadway,8,oxford | box bros | 4171 | broadway 000 | now accepting guns pawn buy sell,39.64222222222222,-104.98788888888886,56,56
oxford-broadway,9,denver music institute lessions rehersals workshops 3037880303 private and virtual lessions | oxford | pizza hut 3037628000 | broadway 000 | comiclean,39.64222222222222,-104.98788888888886,56,56
oxford-broadway,10,the ride stop 12573 englewood | broadway 000 | comiclean | reserved parking handicaped | oxford,39.64222222222222,-104.98788888888886,56,56
oxford-broadway,11,left tuen only | broadway 000 | oxford | urban treasures | cake crafts cake decorating candy making supplies,39.64222222222222,-104.98788888888886,56,56
oxford-broadway,12,open parking on the back cake crafts denvers cake candy cookie and baking supply store cakecraftsdenvercom parking behind in alley | oxford | stg speciality services custom interior and extereior cionstruction wwwstgspecialityservicescom 4055 s broadway | broadway 000 | 4105 cake crafts monday 104 tuesday friday 106 saturday 104 sunday closed 3037611522 parking in rear pull,39.64222222222222,-104.98788888888886,56,56
oxford-broadway,13,broadway 000 | 4105 cake crafts monday 104 tuesday friday 106 saturday 104 sunday closed 3037611522 parking in rear pull | box brothers we sell moving boxes 3037897647 | pizza hut 3037628000 | oxford,39.64222222222222,-104.98788888888886,56,56
oxford-broadway,14,drinks chips bread vitamins and much more beoidas golosinas pan vitimans y mucho ms | comiclean | broadway 000 | counciling center of the rockies 4195 s broadway | oxford,39.64222222222222,-104.98788888888886,56,56
oxford-broadway,15,broadway 000 | 4165 | the ride stop 12573 englewood | oxford | drinks chips bread vitamins and much more beoidas golosinas pan vitimans y mucho ms,39.64222222222222,-104.98788888888886,56,56
oxford-broadway,16,32 the house of water heaters plumbing repair remodel drain cleaning 303 7817856 | 4171 | broadway 000 | oxford | broadway 000,39.64222222222222,-104.98788888888886,56,56
oxford-broadway,17,broadway 000 | 4061 | 4073 | oxford | counciling center of the rockies 3038060933 counselingcenteroftherockiescom,39.64222222222222,-104.98788888888886,56,56
oxford-broadway,18,denver music institute lessions rehersals workshops 3037880303 private and virtual lessions | oxford | stg speciality services custom interior and extereior cionstruction wwwstgspecialityservicescom 4055 s broadway | bill smith plumbing heating 3037817856 4101 | broadway 000,39.64222222222222,-104.98788888888886,56,56
oxford-broadway,19,advertise here 3034318300 op outdoor | 4105 | azar | oxford | broadway 000,39.64222222222222,-104.98788888888886,56,56
oxford-broadway,20,the house of water heating bill smith est 1956 plumbing heating | broadway 000 | comiclean | fat cah pawn fat cah | oxford,39.64222222222222,-104.98788888888886,56,56
oxford-broadway,21,the ride stop 12573 englewood | plusmas su tienda vecina 7209236910 | box brothers boxes packaging shipping 3037897647 wwwboxbroscom used new boxes ups fedex dhl we ship furniture custom packaging crating free delivery min order | broadway 000 | oxford,39.64222222222222,-104.98788888888886,56,56
oxford-broadway,22,advertise here 3034318300 op outdoor | paintless dent repair denver dents body shop | advertise here 3034318300 op outdoor | broadway 000 | oxford,39.64222222222222,-104.98788888888886,56,56
oxford-broadway,23,2 hr parking 9 am 5 pm sat sun hol excluded no parking sign 2144 112 365 737 | denver music institute lessions rehersals workshops 3037880303 private and virtual lessions | safari car wash | broadway 000 | oxford,39.64222222222222,-104.98788888888886,56,56
oxford-broadway,24,broadway 000 | goodwill retial location and donation center | oxford | urban treasures | island motors inc buy sell trade buy here pay here 4169 we finance anyone se hable espaol,39.64222222222222,-104.98788888888886,56,56
oxford-broadway,25,4105 cake crafts monday 104 tuesday friday 106 saturday 104 sunday closed 3037611522 parking in rear pull | reserved parking handicaped | one stop motors 3037614202 credit unions bank financing buy sell trade | broadway 000 | oxford,39.64222222222222,-104.98788888888886,56,56
oxford-broadway,26,broadway 000 | 2 hr parking 9 am 5 pm sat sun hol excluded no parking sign 2144 112 365 737 | oxford | advertise here 3034318300 op outdoor | stg speciality services custom interior and extereior cionstruction wwwstgspecialityservicescom 4055 s broadway,39.64222222222222,-104.98788888888886,56,56
oxford-broadway,27,counciling center of the rockies 4195 s broadway | oxford | safari car wash | broadway 000 | reserved parking handicaped,39.64222222222222,-104.98788888888886,56,56
oxford-broadway,28,32 the house of water heaters plumbing repair remodel drain cleaning 303 7817856 | comiclean | island motors inc buy sell trade buy here pay here 4169 we finance anyone se hable espaol | broadway 000 | oxford,39.64222222222222,-104.98788888888886,56,56
oxford-broadway,29,oxford | broadway 000 | red star vapor | vapor | 4105 cake crafts monday 104 tuesday friday 106 saturday 104 sunday closed 3037611522 parking in rear pull,39.64222222222222,-104.98788888888886,56,56
oxford-broadway,30,left tuen only | broadway 000 | 4105 cake crafts monday 104 tuesday friday 106 saturday 104 sunday closed 3037611522 parking in rear pull | oxford | broadway 000,39.64222222222222,-104.98788888888886,56,56
oxford-broadway,31,oxford | the ride stop 12573 englewood | open parking on the back cake crafts denvers cake candy cookie and baking supply store cakecraftsdenvercom parking behind in alley | broadway 000 | penske truck rental wwwgopenskecom 18002220277,39.64222222222222,-104.98788888888886,56,56
oxford-broadway,32,oxford | 4109 | broadway 000 | comiclean | oxford,39.64222222222222,-104.98788888888886,56,56
oxford-broadway,33,broadway 000 | oxford | pizza hut 3037628000 | open parking on the back cake crafts denvers cake candy cookie and baking supply store cakecraftsdenvercom parking behind in alley | red star vapor,39.64222222222222,-104.98788888888886,56,56
oxford-broadway,34,broadway 000 | one stop motors 3037614202 credit unions bank financing buy sell trade | oxford | red star vapor | 100 service inc 3039336054 heating cooling pipe repair,39.64222222222222,-104.98788888888886,56,56
oxford-broadway,35,4073 | broadway 000 | vapor | oxford | reserved parking handicaped,39.64222222222222,-104.98788888888886,56,56
oxford-broadway,36,broadway 000 | one stop motors 3037614202 credit unions bank financing buy sell trade | island motors inc buy sell trade buy here pay here 4169 we finance anyone se hable espaol | oxford | counciling center of the rockies 4195 s broadway,39.64222222222222,-104.98788888888886,56,56
oxford-broadway,37,broadway 000 | oxford | 363 901 2344132 | goodwill retial location and donation center | massage,39.64222222222222,-104.98788888888886,56,56
oxford-broadway,38,the house of water heating bill smith est 1956 plumbing heating | broadway 000 | oxford | now accepting guns pawn buy sell | massage,39.64222222222222,-104.98788888888886,56,56
oxford-broadway,39,broadway 000 | oxford | vapor | pizza hut 3037628000 | broadway 000,39.64222222222222,-104.98788888888886,56,56
oxford-broadway,40,oxford | vapor | 4105 | oxford | broadway 000,39.64222222222222,-104.98788888888886,56,56
oxford-broadway,41,denver music institute lessions rehersals workshops 3037880303 private and virtual lessions | broadway 000 | oxford | advertise here 3034318300 op outdoor | 2 hr parking 9 am 5 pm sat sun hol excluded no parking sign 2144 112 365 737,39.64222222222222,-104.98788888888886,56,56
oxford-broadway,42,broadway 000 | 100 service inc 3039336054 heating cooling pipe repair | open parking on the back cake crafts denvers cake candy cookie and baking supply store cakecraftsdenvercom parking behind in alley | vapor | oxford,39.64222222222222,-104.98788888888886,56,56
oxford-broadway,43,cake crafts cake decorating candy making supplies | broadway 000 | oxford | box bros | 4105 cake crafts monday 104 tuesday friday 106 saturday 104 sunday closed 3037611522 parking in rear pull,39.64222222222222,-104.98788888888886,56,56
oxford-broadway,44,oxford | a1 | broadway 000 | drinks chips bread vitamins and much more beoidas golosinas pan vitimans y mucho ms | bill smith plumbing heating 3037817856 4101,39.64222222222222,-104.98788888888886,56,56
oxford-broadway,45,oxford | open parking on the back cake crafts denvers cake candy cookie and baking supply store cakecraftsdenvercom parking behind in alley | safari car wash | 4073 | broadway 000,39.64222222222222,-104.98788888888886,56,56
oxford-broadway,46,broadway 000 | oxford | 4105 cake crafts monday 104 tuesday friday 106 saturday 104 sunday closed 3037611522 parking in rear pull | massage | pizza hut 3037628000,39.64222222222222,-104.98788888888886,56,56
oxford-broadway,47,broadway 000 | oxford | goodwill retail donations | penske truck rental | the candys hat,39.64222222222222,-104.98788888888886,56,56
oxford-broadway,48,island motors inc buy sell trade buy here pay here 4169 we finance anyone se hable espaol | broadway 000 | reserved parking handicaped | oxford | oxford,39.64222222222222,-104.98788888888886,56,56
oxford-broadway,49,broadway 000 | oxford | 2 hr parking 9 am 5 pm sat sun hol excluded no parking sign 2144 112 365 737 | azar | safari car wash,39.64222222222222,-104.98788888888886,56,56
parker-hess,0,wrong way | hess rd | parker | do not enter | hess,39.49308333333333,-104.76030555555555,45,50
parker-hess,1,parker | hess rd | do not enter | wrong way | hess,39.49308333333333,-104.76030555555555,45,50
parker-hess,2,hess | do not enter | wrong way | parker | hess rd,39.49308333333333,-104.76030555555555,45,50
parker-hess,3,hess rd | parker | hess | wrong way | do not enter,39.49308333333333,-104.76030555555555,45,50
parker-hess,4,hess rd | hess | do not enter | wrong way | parker,39.49308333333333,-104.76030555555555,45,50
parker-hess,5,do not enter | hess | wrong way | hess rd | parker,39.49308333333333,-104.76030555555555,45,50
parker-hess,6,hess | wrong way | parker | do not enter | hess rd,39.49308333333333,-104.76030555555555,45,50
parker-hess,7,do not enter | parker | wrong way | hess rd | hess,39.49308333333333,-104.76030555555555,45,50
parker-hess,8,hess | hess rd | do not enter | wrong way | parker,39.49308333333333,-104.76030555555555,45,50
parker-hess,9,do not enter | hess | hess rd | wrong way | parker,39.49308333333333,-104.76030555555555,45,50
parker-hess,10,hess rd | do not enter | parker | hess | wrong way,39.49308333333333,-104.76030555555555,45,50
parker-hess,11,hess rd | do not enter | parker | hess | wrong way,39.49308333333333,-104.76030555555555,45,50
parker-hess,12,parker | hess | do not enter | wrong way | hess rd,39.49308333333333,-104.76030555555555,45,50
parker-hess,13,do not enter | hess rd | hess | parker | wrong way,39.49308333333333,-104.76030555555555,45,50
parker-hess,14,parker | do not enter | hess rd | wrong way | hess,39.49308333333333,-104.76030555555555,45,50
parker-hess,15,hess rd | wrong way | do not enter | hess | parker,39.49308333333333,-104.76030555555555,45,50
parker-hess,16,parker | do not enter | hess | hess rd | wrong way,39.49308333333333,-104.76030555555555,45,50
parker-hess,17,hess rd | parker | do not enter | wrong way | hess,39.49308333333333,-104.76030555555555,45,50
parker-hess,18,do not enter | hess | hess rd | wrong way | parker,39.49308333333333,-104.76030555555555,45,50
parker-hess,19,hess | parker | hess rd | wrong way | do not enter,39.49308333333333,-104.76030555555555,45,50
parker-hess,20,wrong way | hess rd | parker | do not enter | hess,39.49308333333333,-104.76030555555555,45,50
parker-hess,21,parker | do not enter | hess rd | hess | wrong way,39.49308333333333,-104.76030555555555,45,50
parker-hess,22,do not enter | parker | hess rd | hess | wrong way,39.49308333333333,-104.76030555555555,45,50
parker-hess,23,hess | do not enter | hess rd | wrong way | parker,39.49308333333333,-104.76030555555555,45,50
parker-hess,24,do not enter | hess | hess rd | parker | wrong way,39.49308333333333,-104.76030555555555,45,50
parker-hess,25,hess rd | wrong way | parker | do not enter | hess,39.49308333333333,-104.76030555555555,45,50
parker-hess,26,hess | hess rd | parker | wrong way | do not enter,39.49308333333333,-104.76030555555555,45,50
parker-hess,27,wrong way | parker | hess | do not enter | hess rd,39.49308333333333,-104.76030555555555,45,50
parker-hess,28,hess rd | do not enter | hess | parker | wrong way,39.49308333333333,-104.76030555555555,45,50
parker-hess,29,do not enter | parker | wrong way | hess | hess rd,39.49308333333333,-104.76030555555555,45,50
parker-hess,30,wrong way | hess | do not enter | parker | hess rd,39.49308333333333,-104.76030555555555,45,50
parker-hess,31,hess | hess rd | do not enter | wrong way | parker,39.49308333333333,-104.76030555555555,45,50
parker-hess,32,wrong way | hess rd | do not enter | parker | hess,39.49308333333333,-104.76030555555555,45,50
parker-hess,33,wrong way | hess | do not enter | hess rd | parker,39.49308333333333,-104.76030555555555,45,50
parker-hess,34,wrong way | do not enter | hess | parker | hess rd,39.49308333333333,-104.76030555555555,45,50
parker-hess,35,wrong way | hess | do not enter | parker | hess rd,39.49308333333333,-104.76030555555555,45,50
parker-hess,36,hess rd | wrong way | hess | do not enter | parker,39.49308333333333,-104.76030555555555,45,50
parker-hess,37,hess | parker | do not enter | hess rd | wrong way,39.49308333333333,-104.76030555555555,45,50
parker-hess,38,do not enter | parker | hess | hess rd | wrong way,39.49308333333333,-104.76030555555555,45,50
parker-hess,39,hess | hess rd | wrong way | parker | do not enter,39.49308333333333,-104.76030555555555,45,50
parker-hess,40,parker | wrong way | hess | hess rd | do not enter,39.49308333333333,-104.76030555555555,45,50
parker-hess,41,parker | wrong way | hess rd | do not enter | hess,39.49308333333333,-104.76030555555555,45,50
parker-hess,42,hess | do not enter | parker | wrong way | hess rd,39.49308333333333,-104.76030555555555,45,50
parker-hess,43,parker | wrong way | hess rd | do not enter | hess,39.49308333333333,-104.76030555555555,45,50
parker-hess,44,hess rd | do not enter | hess | wrong way | parker,39.49308333333333,-104.76030555555555,45,50
parker-hess,45,hess | parker | do not enter | hess rd | wrong way,39.49308333333333,-104.76030555555555,45,50
parker-hess,46,parker | hess | hess rd | wrong way | do not enter,39.49308333333333,-104.76030555555555,45,50
parker-hess,47,wrong way | hess rd | hess | do not enter | parker,39.49308333333333,-104.76030555555555,45,50
parker-hess,48,wrong way | do not enter | hess | parker | hess rd,39.49308333333333,-104.76030555555555,45,50
parker-hess,49,wrong way | do not enter | hess rd | parker | hess,39.49308333333333,-104.76030555555555,45,50
parker-lincoln,0,parker rd | parker rd | lincoln ave | yeild | lincoln ave,39.53711111111111,-104.76805555555555,51,58
parker-lincoln,1,parker rd | lincoln ave | lincoln ave | yeild | parker rd,39.53711111111111,-104.76805555555555,51,58
parker-lincoln,2,lincoln ave | yeild | parker rd | lincoln ave | parker rd,39.53711111111111,-104.76805555555555,51,58
parker-lincoln,3,parker rd | lincoln ave | lincoln ave | yeild | parker rd,39.53711111111111,-104.76805555555555,51,58
parker-lincoln,4,lincoln ave | lincoln ave | parker rd | yeild | parker rd,39.53711111111111,-104.76805555555555,51,58
parker-lincoln,5,parker rd | parker rd | lincoln ave | lincoln ave | yeild,39.53711111111111,-104.76805555555555,51,58
parker-lincoln,6,yeild | lincoln ave | parker rd | parker rd | lincoln ave,39.53711111111111,-104.76805555555555,51,58
parker-lincoln,7,yeild | lincoln ave | parker rd | parker rd | lincoln ave,39.53711111111111,-104.76805555555555,51,58
parker-lincoln,8,parker rd | lincoln ave | lincoln ave | yeild | parker rd,39.53711111111111,-104.76805555555555,51,58
parker-lincoln,9,lincoln ave | lincoln ave | parker rd | parker rd | yeild,39.53711111111111,-104.76805555555555,51,58
parker-lincoln,10,lincoln ave | lincoln ave | yeild | parker rd | parker rd,39.53711111111111,-104.76805555555555,51,58
parker-lincoln,11,yeild | parker rd | parker rd | lincoln ave | lincoln ave,39.53711111111111,-104.76805555555555,51,58
parker-lincoln,12,lincoln ave | parker rd | lincoln ave | parker rd | yeild,39.53711111111111,-104.76805555555555,51,58
parker-lincoln,13,parker rd | yeild | parker rd | lincoln ave | lincoln ave,39.53711111111111,-104.76805555555555,51,58
parker-lincoln,14,parker rd | lincoln ave | parker rd | lincoln ave | yeild,39.53711111111111,-104.76805555555555,51,58
parker-lincoln,15,parker rd | parker rd | lincoln ave | lincoln ave | yeild,39.53711111111111,-104.76805555555555,51,58
parker-lincoln,16,parker rd | yeild | lincoln ave | parker rd | lincoln ave,39.53711111111111,-104.76805555555555,51,58
parker-lincoln,17,lincoln ave | yeild | lincoln ave | parker rd | parker rd,39.53711111111111,-104.76805555555555,51,58
parker-lincoln,18,parker rd | yeild | lincoln ave | parker rd | lincoln ave,39.53711111111111,-104.76805555555555,51,58
parker-lincoln,19,parker rd | lincoln ave | yeild | parker rd | lincoln ave,39.53711111111111,-104.76805555555555,51,58
parker-lincoln,20,lincoln ave | yeild | parker rd | parker rd | lincoln ave,39.53711111111111,-104.76805555555555,51,58
parker-lincoln,21,parker rd | lincoln ave | parker rd | yeild | lincoln ave,39.53711111111111,-104.76805555555555,51,58
parker-lincoln,22,parker rd | parker rd | lincoln ave | yeild | lincoln ave,39.53711111111111,-104.76805555555555,51,58
parker-lincoln,23,yeild | parker rd | lincoln ave | parker rd | lincoln ave,39.53711111111111,-104.76805555555555,51,58
parker-lincoln,24,parker rd | lincoln ave | yeild | parker rd | lincoln ave,39.53711111111111,-104.76805555555555,51,58
parker-lincoln,25,yeild | lincoln ave | parker rd | parker rd | lincoln ave,39.53711111111111,-104.76805555555555,51,58
parker-lincoln,26,parker rd | lincoln ave | yeild | parker rd | lincoln ave,39.53711111111111,-104.76805555555555,51,58
parker-lincoln,27,yeild | lincoln ave | lincoln ave | parker rd | parker rd,39.53711111111111,-104.76805555555555,51,58
parker-lincoln,28,parker rd | lincoln ave | yeild | lincoln ave | parker rd,39.53711111111111,-104.76805555555555,51,58
parker-lincoln,29,parker rd | lincoln ave | lincoln ave | yeild | parker rd,39.53711111111111,-104.76805555555555,51,58
parker-lincoln,30,lincoln ave | parker rd | parker rd | yeild | lincoln ave,39.53711111111111,-104.76805555555555,51,58
parker-lincoln,31,lincoln ave | parker rd | parker rd | lincoln ave | yeild,39.53711111111111,-104.76805555555555,51,58
parker-lincoln,32,parker rd | lincoln ave | parker rd | yeild | lincoln ave,39.53711111111111,-104.76805555555555,51,58
parker-lincoln,33,lincoln ave | parker rd | yeild | lincoln ave | parker rd,39.53711111111111,-104.76805555555555,51,58
parker-lincoln,34,parker rd | lincoln ave | parker rd | lincoln ave | yeild,39.53711111111111,-104.76805555555555,51,58
parker-lincoln,35,parker rd | lincoln ave | parker rd | yeild | lincoln ave,39.53711111111111,-104.76805555555555,51,58
parker-lincoln,36,lincoln ave | parker rd | parker rd | lincoln ave | yeild,39.53711111111111,-104.76805555555555,51,58
parker-lincoln,37,lincoln ave | parker rd | yeild | parker rd | lincoln ave,39.53711111111111,-104.76805555555555,51,58
parker-lincoln,38,parker rd | yeild | lincoln ave | parker rd | lincoln ave,39.53711111111111,-104.76805555555555,51,58
parker-lincoln,39,parker rd | parker rd | yeild | lincoln ave | lincoln ave,39.53711111111111,-104.76805555555555,51,58
parker-lincoln,40,parker rd | lincoln ave | yeild | lincoln ave | parker rd,39.53711111111111,-104.76805555555555,51,58
parker-lincoln,41,lincoln ave | parker rd | lincoln ave | parker rd | yeild,39.53711111111111,-104.76805555555555,51,58
parker-lincoln,42,lincoln ave | parker rd | yeild | lincoln ave | parker rd,39.53711111111111,-104.76805555555555,51,58
parker-lincoln,43,parker rd | lincoln ave | yeild | parker rd | lincoln ave,39.53711111111111,-104.76805555555555,51,58
parker-lincoln,44,yeild | lincoln ave | lincoln ave | parker rd | parker rd,39.53711111111111,-104.76805555555555,51,58
parker-lincoln,45,yeild | parker rd | parker rd | lincoln ave | lincoln ave,39.53711111111111,-104.76805555555555,51,58
parker-lincoln,46,parker rd | parker rd | lincoln ave | lincoln ave | yeild,39.53711111111111,-104.76805555555555,51,58
parker-lincoln,47,yeild | parker rd | lincoln ave | lincoln ave | parker rd,39.53711111111111,-104.76805555555555,51,58
parker-lincoln,48,parker rd | parker rd | lincoln ave | yeild | lincoln ave,39.53711111111111,-104.76805555555555,51,58
parker-lincoln,49,parker rd | parker rd | lincoln ave | lincoln ave | yeild,39.53711111111111,-104.76805555555555,51,58
parker-mainstreet,0,no trespassing | stop | road work ahead | private drive | right lane must turn right,39.51886111111111,-104.76508333333334,48,48
parker-mainstreet,1,no trespassing | right lane must turn right | private drive | stop | road work ahead,39.51886111111111,-104.76508333333334,48,48
parker-mainstreet,2,private drive | right lane must turn right | road work ahead | stop | no trespassing,39.51886111111111,-104.76508333333334,48,48
parker-mainstreet,3,no trespassing | right lane must turn right | private drive | road work ahead | stop,39.51886111111111,-104.76508333333334,48,48
parker-mainstreet,4,no trespassing | stop | road work ahead | right lane must turn right | private drive,39.51886111111111,-104.76508333333334,48,48
parker-mainstreet,5,stop | private drive | road work ahead | right lane must turn right | no trespassing,39.51886111111111,-104.76508333333334,48,48
parker-mainstreet,6,no trespassing | road work ahead | right lane must turn right | private drive | stop,39.51886111111111,-104.76508333333334,48,48
parker-mainstreet,7,no trespassing | private drive | road work ahead | right lane must turn right | stop,39.51886111111111,-104.76508333333334,48,48
parker-mainstreet,8,right lane must turn right | road work ahead | stop | no trespassing | private drive,39.51886111111111,-104.76508333333334,48,48
parker-mainstreet,9,road work ahead | stop | right lane must turn right | no trespassing | private drive,39.51886111111111,-104.76508333333334,48,48
parker-mainstreet,10,road work ahead | no trespassing | right lane must turn right | stop | private drive,39.51886111111111,-104.76508333333334,48,48
parker-mainstreet,11,private drive | road work ahead | stop | right lane must turn right | no trespassing,39.51886111111111,-104.76508333333334,48,48
parker-mainstreet,12,road work ahead | right lane must turn right | stop | no trespassing | private drive,39.51886111111111,-104.76508333333334,48,48
parker-mainstreet,13,no trespassing | road work ahead | private drive | stop | right lane must turn right,39.51886111111111,-104.76508333333334,48,48
parker-mainstreet,14,road work ahead | right lane must turn right | stop | no trespassing | private drive,39.51886111111111,-104.76508333333334,48,48
parker-mainstreet,15,stop | no trespassing | road work ahead | private drive | right lane must turn right,39.51886111111111,-104.76508333333334,48,48
parker-mainstreet,16,private drive | right lane must turn right | stop | road work ahead | no trespassing,39.51886111111111,-104.76508333333334,48,48
parker-mainstreet,17,right lane must turn right | road work ahead | private drive | stop | no trespassing,39.51886111111111,-104.76508333333334,48,48
parker-mainstreet,18,no trespassing | road work ahead | stop | right lane must turn right | private drive,39.51886111111111,-104.76508333333334,48,48
parker-mainstreet,19,road work ahead | right lane must turn right | private drive | stop | no trespassing,39.51886111111111,-104.76508333333334,48,48
parker-mainstreet,20,right lane must turn right | road work ahead | private drive | stop | no trespassing,39.51886111111111,-104.76508333333334,48,48
parker-mainstreet,21,private drive | road work ahead | right lane must turn right | no trespassing | stop,39.51886111111111,-104.76508333333334,48,48
parker-mainstreet,22,right lane must turn right | road work ahead | stop | no trespassing | private drive,39.51886111111111,-104.76508333333334,48,48
parker-mainstreet,23,right lane must turn right | stop | private drive | no trespassing | road work ahead,39.51886111111111,-104.76508333333334,48,48
parker-mainstreet,24,private drive | stop | right lane must turn right | road work ahead | no trespassing,39.51886111111111,-104.76508333333334,48,48
parker-mainstreet,25,private drive | right lane must turn right | stop | no trespassing | road work ahead,39.51886111111111,-104.76508333333334,48,48
parker-mainstreet,26,right lane must turn right | road work ahead | no trespassing | stop | private drive,39.51886111111111,-104.76508333333334,48,48
parker-mainstreet,27,road work ahead | no trespassing | right lane must turn right | private drive | stop,39.51886111111111,-104.76508333333334,48,48
parker-mainstreet,28,no trespassing | private drive | road work ahead | stop | right lane must turn right,39.51886111111111,-104.76508333333334,48,48
parker-mainstreet,29,stop | road work ahead | no trespassing | private drive | right lane must turn right,39.51886111111111,-104.76508333333334,48,48
parker-mainstreet,30,no trespassing | road work ahead | private drive | stop | right lane must turn right,39.51886111111111,-104.76508333333334,48,48
parker-mainstreet,31,right lane must turn right | no trespassing | road work ahead | private drive | stop,39.51886111111111,-104.76508333333334,48,48
parker-mainstreet,32,private drive | road work ahead | no trespassing | right lane must turn right | stop,39.51886111111111,-104.76508333333334,48,48
parker-mainstreet,33,road work ahead | private drive | right lane must turn right | no trespassing | stop,39.51886111111111,-104.76508333333334,48,48
parker-mainstreet,34,stop | road work ahead | no trespassing | private drive | right lane must turn right,39.51886111111111,-104.76508333333334,48,48
parker-mainstreet,35,stop | right lane must turn right | private drive | no trespassing | road work ahead,39.51886111111111,-104.76508333333334,48,48
parker-mainstreet,36,stop | road work ahead | private drive | right lane must turn right | no trespassing,39.51886111111111,-104.76508333333334,48,48
parker-mainstreet,37,no trespassing | stop | right lane must turn right | private drive | road work ahead,39.51886111111111,-104.76508333333334,48,48
parker-mainstreet,38,no trespassing | road work ahead | stop | right lane must turn right | private drive,39.51886111111111,-104.76508333333334,48,48
parker-mainstreet,39,right lane must turn right | road work ahead | stop | private drive | no trespassing,39.51886111111111,-104.76508333333334,48,48
parker-mainstreet,40,no trespassing | road work ahead | right lane must turn right | private drive | stop,39.51886111111111,-104.76508333333334,48,48
parker-mainstreet,41,stop | no trespassing | private drive | road work ahead | right lane must turn right,39.51886111111111,-104.76508333333334,48,48
parker-mainstreet,42,private drive | stop | right lane must turn right | road work ahead | no trespassing,39.51886111111111,-104.76508333333334,48,48
parker-mainstreet,43,right lane must turn right | road work ahead | stop | private drive | no trespassing,39.51886111111111,-104.76508333333334,48,48
parker-mainstreet,44,no trespassing | right lane must turn right | road work ahead | stop | private drive,39.51886111111111,-104.76508333333334,48,48
parker-mainstreet,45,no trespassing | stop | road work ahead | right lane must turn right | private drive,39.51886111111111,-104.76508333333334,48,48
parker-mainstreet,46,road work ahead | private drive | no trespassing | right lane must turn right | stop,39.51886111111111,-104.76508333333334,48,48
parker-mainstreet,47,private drive | stop | right lane must turn right | no trespassing | road work ahead,39.51886111111111,-104.76508333333334,48,48
parker-mainstreet,48,stop | right lane must turn right | no trespassing | private drive | road work ahead,39.51886111111111,-104.76508333333334,48,48
parker-mainstreet,49,no trespassing | road work ahead | right lane must turn right | private drive | stop,39.51886111111111,-104.76508333333334,48,48
parker-pine,0,cleaners | antiques | pine | parker | dial 511,39.50030555555555,-104.76186111111112,32,36
parker-pine,1,pine | dial 511 | parker | lees tailor alterations | pine,39.50030555555555,-104.76186111111112,32,36
parker-pine,2,pine | pine | dial 511 | parker | lees tailor alterations,39.50030555555555,-104.76186111111112,32,36
parker-pine,3,check into cash | 20 mile taphouse | pine | parker | dial 511,39.50030555555555,-104.76186111111112,32,36
parker-pine,4,pine | 20 mile taphouse | dial 511 | chirpropractor | parker,39.50030555555555,-104.76186111111112,32,36
parker-pine,5,space available kamen realty | pine | parker | dial 511 | 20 mile taphouse,39.50030555555555,-104.76186111111112,32,36
parker-pine,6,dial 511 | pine | milehigh harley davidson | check into cash | parker,39.50030555555555,-104.76186111111112,32,36
parker-pine,7,pine | state farm | parker | dial 511 | space available kamen realty,39.50030555555555,-104.76186111111112,32,36
parker-pine,8,dial 511 | pine | tailors | milehigh harley davidson | parker,39.50030555555555,-104.76186111111112,32,36
parker-pine,9,20 mile taphouse | pine | murphy usa | dial 511 | parker,39.50030555555555,-104.76186111111112,32,36
parker-pine,10,check into cash | dial 511 | space available kamen realty | parker | pine,39.50030555555555,-104.76186111111112,32,36
parker-pine,11,check into cash | pine | uhaul | parker | dial 511,39.50030555555555,-104.76186111111112,32,36
parker-pine,12,smoker friendly | pine | check into cash | parker | dial 511,39.50030555555555,-104.76186111111112,32,36
parker-pine,13,dial 511 | spa brokers | parker | pine | awaken chiropractic,39.50030555555555,-104.76186111111112,32,36
parker-pine,14,pine | dial 511 | uhaul | pine lane | parker,39.50030555555555,-104.76186111111112,32,36
parker-pine,15,mildhigh harley davinson | parker | pine | dial 511 | dial 511,39.50030555555555,-104.76186111111112,32,36
parker-pine,16,pine | pine | smoker friendly | parker | dial 511,39.50030555555555,-104.76186111111112,32,36
parker-pine,17,cleaners | parker | pine | dial 511 | tailors,39.50030555555555,-104.76186111111112,32,36
parker-pine,18,antiques | dial 511 | pine | dial 511 | parker,39.50030555555555,-104.76186111111112,32,36
parker-pine,19,dial 511 | parker | pine | parker | golf carts,39.50030555555555,-104.76186111111112,32,36
parker-pine,20,mildhigh harley davinson | parker | dial 511 | pine | future commercial development,39.50030555555555,-104.76186111111112,32,36
parker-pine,21,pine | lets get you into hot water | parker | state farm | dial 511,39.50030555555555,-104.76186111111112,32,36
parker-pine,22,dial 511 | parker | calla lane | smoker friendly | pine,39.50030555555555,-104.76186111111112,32,36
parker-pine,23,pine | pine | dial 511 | parker | lets get you into hot water,39.50030555555555,-104.76186111111112,32,36
parker-pine,24,pine | parker | antiques | dial 511 | antiques,39.50030555555555,-104.76186111111112,32,36
parker-pine,25,check into cash | pine | parker | dial 511 | auto home life health bank business financial services,39.50030555555555,-104.76186111111112,32,36
parker-pine,26,check into cash | slim chickens | pine | dial 511 | parker,39.50030555555555,-104.76186111111112,32,36
parker-pine,27,trevey commercial | 20 mile taphouse | parker | pine | dial 511,39.50030555555555,-104.76186111111112,32,36
parker-pine,28,pine | lees tailor alterations | auto home life health bank business financial services | parker | dial 511,39.50030555555555,-104.76186111111112,32,36
parker-pine,29,pine | parker | spa brokers | dial 511 | cleaners,39.50030555555555,-104.76186111111112,32,36
parker-pine,30,parker | dial 511 | lets get you into hot water | pine | antiques,39.50030555555555,-104.76186111111112,32,36
parker-pine,31,dial 511 | parker | pine | spa brokers | cleaners,39.50030555555555,-104.76186111111112,32,36
parker-pine,32,future commercial development | parker | dial 511 | awaken chiropractic | pine,39.50030555555555,-104.76186111111112,32,36
parker-pine,33,dial 511 | pine | parker | dial 511 | tailors,39.50030555555555,-104.76186111111112,32,36
parker-pine,34,cleaners | spa brokers | pine | dial 511 | parker,39.50030555555555,-104.76186111111112,32,36
parker-pine,35,dial 511 | state farm | pine | for sale | parker,39.50030555555555,-104.76186111111112,32,36
parker-pine,36,golf carts | lees tailor alterations | pine | dial 511 | parker,39.50030555555555,-104.76186111111112,32,36
parker-pine,37,dial 511 | pine | dial 511 | parker | tailors,39.50030555555555,-104.76186111111112,32,36
parker-pine,38,dial 511 | locker room | parker | pine lane | pine,39.50030555555555,-104.76186111111112,32,36
parker-pine,39,dial 511 | tailors | spa brokers | parker | pine,39.50030555555555,-104.76186111111112,32,36
parker-pine,40,dial 511 | parker | dial 511 | chirpropractor | pine,39.50030555555555,-104.76186111111112,32,36
parker-pine,41,dial 511 | parker | auto home life health bank business financial services | state farm | pine,39.50030555555555,-104.76186111111112,32,36
parker-pine,42,pine | parker | parker | dial 511 | pine lane,39.50030555555555,-104.76186111111112,32,36
parker-pine,43,dial 511 | pine | spa brokers | parker | locker room,39.50030555555555,-104.76186111111112,32,36
parker-pine,44,parker | dial 511 | pine | parker | trevey commercial,39.50030555555555,-104.76186111111112,32,36
parker-pine,45,murphy usa | parker | dial 511 | golf carts | pine,39.50030555555555,-104.76186111111112,32,36
parker-pine,46,pine | auto home life health bank business financial services | dial 511 | lees tailor alterations | parker,39.50030555555555,-104.76186111111112,32,36
parker-pine,47,future commercial development | pine | parker | dial 511 | state farm,39.50030555555555,-104.76186111111112,32,36
parker-pine,48,future commercial development | dial 511 | parker | pine | cleaners,39.50030555555555,-104.76186111111112,32,36
parker-pine,49,space available kamen realty | parker | dial 511 | lees tailor alterations | pine,39.50030555555555,-104.76186111111112,32,36
parker-woodman,0,colo spgs | limon 14 mile exit only | colo spgs | cottonwood drive next signal | mattressfirm,39.55455555555555,-104.77780555555555,19,20
parker-woodman,1,limon 14 mile exit only | cottonwood drive next signal | colo spgs | denver intl airport second right | denver intl airport second right,39.55455555555555,-104.77780555555555,19,20
parker-woodman,2,trader joes | cottonwood drive next signal | speed limit 45 | limon 14 mile exit only | colo spgs,39.55455555555555,-104.77780555555555,19,20
parker-woodman,3,limon 14 mile exit only | colo spgs | exit 45 mph | cottonwood drive next signal | zao asian cafe,39.55455555555555,-104.77780555555555,19,20
parker-woodman,4,colo spgs | cottonwood drive next signal | trader joes | limon 14 mile exit only | cottonwood drive next signal,39.55455555555555,-104.77780555555555,19,20
parker-woodman,5,trader joes | loaf n jug | colo spgs | limon 14 mile exit only | cottonwood drive next signal,39.55455555555555,-104.77780555555555,19,20
parker-woodman,6,loaf n jug | cottonwood drive next signal | tollway | colo spgs | limon 14 mile exit only,39.55455555555555,-104.77780555555555,19,20
parker-woodman,7,loaf n jug | limon 14 mile exit only | use crosswalk | cottonwood drive next signal | colo spgs,39.55455555555555,-104.77780555555555,19,20
parker-woodman,8,zao asian cafe | speed limit 45 | limon 14 mile exit only | cottonwood drive next signal | colo spgs,39.55455555555555,-104.77780555555555,19,20
parker-woodman,9,loaf n jug | costco wholesale | limon 14 mile exit only | colo spgs | cottonwood drive next signal,39.55455555555555,-104.77780555555555,19,20
parker-woodman,10,cottonwood drive next signal | speed limit 45 | limon 14 mile exit only | colo spgs | trader joes,39.55455555555555,-104.77780555555555,19,20
parker-woodman,11,colo spgs | orthodontics | trader joes | cottonwood drive next signal | limon 14 mile exit only,39.55455555555555,-104.77780555555555,19,20
parker-woodman,12,denver intl airport second right | limon 14 mile exit only | colo spgs | limon 14 mile exit only | cottonwood drive next signal,39.55455555555555,-104.77780555555555,19,20
parker-woodman,13,cottonwood drive next signal | trader joes | limon 14 mile exit only | exit 45 mph | colo spgs,39.55455555555555,-104.77780555555555,19,20
parker-woodman,14,colo spgs | colo spgs | cottonwood drive next signal | limon 14 mile exit only | colo spgs,39.55455555555555,-104.77780555555555,19,20
parker-woodman,15,yield | denver intl airport second right | limon 14 mile exit only | colo spgs | cottonwood drive next signal,39.55455555555555,-104.77780555555555,19,20
parker-woodman,16,colo spgs | limon 14 mile exit only | cottonwood drive next signal | limon 14 mile exit only | yield,39.55455555555555,-104.77780555555555,19,20
parker-woodman,17,orthodontics | limon 14 mile exit only | speed limit 45 | colo spgs | cottonwood drive next signal,39.55455555555555,-104.77780555555555,19,20
parker-woodman,18,cottonwood drive next signal | colo spgs | limon 14 mile exit only | tollway | yield,39.55455555555555,-104.77780555555555,19,20
parker-woodman,19,colo spgs | limon 14 mile exit only | cottonwood drive next signal | zao asian cafe | colo spgs,39.55455555555555,-104.77780555555555,19,20
parker-woodman,20,colo spgs | trader joes | limon 14 mile exit only | cottonwood drive next signal | limon 14 mile exit only,39.55455555555555,-104.77780555555555,19,20
parker-woodman,21,limon 14 mile exit only | cottonwood drive next signal | do not enter | colo spgs | trader joes,39.55455555555555,-104.77780555555555,19,20
parker-woodman,22,colo spgs | cottonwood drive next signal | denver intl airport second right | limon 14 mile exit only | colo spgs,39.55455555555555,-104.77780555555555,19,20
parker-woodman,23,cottonwood drive next signal | tollway | mattressfirm | colo spgs | limon 14 mile exit only,39.55455555555555,-104.77780555555555,19,20
parker-woodman,24,colo spgs | costco wholesale | exit 45 mph | limon 14 mile exit only | cottonwood drive next signal,39.55455555555555,-104.77780555555555,19,20
parker-woodman,25,limon 14 mile exit only | cottonwood drive next signal | paris baguette | colo spgs | stateserv medical,39.55455555555555,-104.77780555555555,19,20
parker-woodman,26,limon 14 mile exit only | denver intl airport second right | cottonwood drive next signal | colo spgs | right lane only,39.55455555555555,-104.77780555555555,19,20
parker-woodman,27,cottonwood drive next signal | colo spgs | tollway | stateserv medical | limon 14 mile exit only,39.55455555555555,-104.77780555555555,19,20
parker-woodman,28,limon 14 mile exit only | cottonwood drive next signal | cottonwood drive next signal | zao asian cafe | colo spgs,39.55455555555555,-104.77780555555555,19,20
parker-woodman,29,zao asian cafe | cottonwood drive next signal | limon 14 mile exit only | cottonwood drive next signal | colo spgs,39.55455555555555,-104.77780555555555,19,20
parker-woodman,30,cottonwood drive next signal | tollway | limon 14 mile exit only | colo spgs | trader joes,39.55455555555555,-104.77780555555555,19,20
parker-woodman,31,cottonwood drive next signal | limon 14 mile exit only | cottonwood drive next signal | use crosswalk | colo spgs,39.55455555555555,-104.77780555555555,19,20
parker-woodman,32,limon 14 mile exit only | loaf n jug | colo spgs | tollway | cottonwood drive next signal,39.55455555555555,-104.77780555555555,19,20
parker-woodman,33,limon 14 mile exit only | cottonwood drive next signal | zao asian cafe | stateserv medical | colo spgs,39.55455555555555,-104.77780555555555,19,20
parker-woodman,34,colo spgs | yield | cottonwood drive next signal | limon 14 mile exit only | denver intl airport second right,39.55455555555555,-104.77780555555555,19,20
parker-woodman,35,orthodontics | limon 14 mile exit only | colo spgs | cottonwood drive next signal | denver intl airport second right,39.55455555555555,-104.77780555555555,19,20
parker-woodman,36,cottonwood drive next signal | denver intl airport second right | limon 14 mile exit only | colo spgs | orthodontics,39.55455555555555,-104.77780555555555,19,20
parker-woodman,37,colo spgs | cottonwood drive next signal | limon 14 mile exit only | yield | mattressfirm,39.55455555555555,-104.77780555555555,19,20
parker-woodman,38,orthodontics | colo spgs | cottonwood drive next signal | limon 14 mile exit only | colo spgs,39.55455555555555,-104.77780555555555,19,20
parker-woodman,39,cottonwood drive next signal | cottonwood drive next signal | colo spgs | yield | limon 14 mile exit only,39.55455555555555,-104.77780555555555,19,20
parker-woodman,40,limon 14 mile exit only | paris baguette | speed limit 45 | cottonwood drive next signal | colo spgs,39.55455555555555,-104.77780555555555,19,20
parker-woodman,41,cottonwood drive next signal | colo spgs | limon 14 mile exit only | colo spgs | stateserv medical,39.55455555555555,-104.77780555555555,19,20
parker-woodman,42,limon 14 mile exit only | cottonwood drive next signal | right lane only | exit 45 mph | colo spgs,39.55455555555555,-104.77780555555555,19,20
parker-woodman,43,limon 14 mile exit only | limon 14 mile exit only | cottonwood drive next signal | colo spgs | trader joes,39.55455555555555,-104.77780555555555,19,20
parker-woodman,44,limon 14 mile exit only | cottonwood drive next signal | costco wholesale | cottonwood drive next signal | colo spgs,39.55455555555555,-104.77780555555555,19,20
parker-woodman,45,limon 14 mile exit only | cottonwood drive next signal | colo spgs | stateserv medical | exit 45 mph,39.55455555555555,-104.77780555555555,19,20
parker-woodman,46,limon 14 mile exit only | cottonwood drive next signal | cottonwood drive next signal | colo spgs | costco wholesale,39.55455555555555,-104.77780555555555,19,20
parker-woodman,47,colo spgs | colo spgs | right lane only | cottonwood drive next signal | limon 14 mile exit only,39.55455555555555,-104.77780555555555,19,20
parker-woodman,48,colo spgs | right lane only | limon 14 mile exit only | cottonwood drive next signal | trader joes,39.55455555555555,-104.77780555555555,19,20
parker-woodman,49,cottonwood drive next signal | yield | cottonwood drive next signal | limon 14 mile exit only | colo spgs,39.55455555555555,-104.77780555555555,19,20
princeton-chambers,0,director stephanie | e chambers | chambers | salon | director stephanie,39.64033333333333,-104.81027777777776,16,17
princeton-chambers,1,sunday service | chambers | e chambers | state farm | kindergarten and preschool,39.64033333333333,-104.81027777777776,16,17
princeton-chambers,2,chambers | mission viejo | chambers | e chambers | optical gallery,39.64033333333333,-104.81027777777776,16,17
princeton-chambers,3,upk provider | upk provider | chambers | e chambers | upk provider,39.64033333333333,-104.81027777777776,16,17
princeton-chambers,4,chambers | kindergarten and preschool | serving ages 36 | e chambers | upk provider,39.64033333333333,-104.81027777777776,16,17
princeton-chambers,5,chambers | chambers | sunday service | anne sandovol | e chambers,39.64033333333333,-104.81027777777776,16,17
princeton-chambers,6,e chambers | e chambers | chambers | mission viejo | insuracnce agency,39.64033333333333,-104.81027777777776,16,17
princeton-chambers,7,chambers | chambers | chambers | e chambers | chambers,39.64033333333333,-104.81027777777776,16,17
princeton-chambers,8,salon | anne sandovol | director stephanie | e chambers | chambers,39.64033333333333,-104.81027777777776,16,17
princeton-chambers,9,chambers | optical gallery | director stephanie | director stephanie | e chambers,39.64033333333333,-104.81027777777776,16,17
princeton-chambers,10,chambers | e chambers | kindergarten and preschool | chambers | state farm,39.64033333333333,-104.81027777777776,16,17
princeton-chambers,11,e chambers | chambers | chambers | anne sandovol | serving ages 36,39.64033333333333,-104.81027777777776,16,17
princeton-chambers,12,colorado shaders | chambers | private christian education | e chambers | sunday service,39.64033333333333,-104.81027777777776,16,17
princeton-chambers,13,state farm | chambers | mission viejo | e chambers | e chambers,39.64033333333333,-104.81027777777776,16,17
princeton-chambers,14,e chambers | director stephanie | optical gallery | chambers | mission viejo,39.64033333333333,-104.81027777777776,16,17
princeton-chambers,15,chambers | holy love luthueran church | e chambers | e chambers | colorado shaders,39.64033333333333,-104.81027777777776,16,17
princeton-chambers,16,serving ages 36 | e chambers | director stephanie | chambers | insuracnce agency,39.64033333333333,-104.81027777777776,16,17
princeton-chambers,17,chambers | serving ages 36 | state farm | kindergarten and preschool | e chambers,39.64033333333333,-104.81027777777776,16,17
princeton-chambers,18,e chambers | chambers | mission viejo | chambers | mission viejo,39.64033333333333,-104.81027777777776,16,17
princeton-chambers,19,chambers | chambers | mission viejo | e chambers | chambers,39.64033333333333,-104.81027777777776,16,17
princeton-chambers,20,chambers | mission viejo | e chambers | sunday service | serving ages 36,39.64033333333333,-104.81027777777776,16,17
princeton-chambers,21,chambers | e chambers | optical gallery | serving ages 36 | chambers,39.64033333333333,-104.81027777777776,16,17
princeton-chambers,22,chambers | anne sandovol | anne sandovol | state farm | e chambers,39.64033333333333,-104.81027777777776,16,17
princeton-chambers,23,e chambers | chambers | state farm | upk provider | insuracnce agency,39.64033333333333,-104.81027777777776,16,17
princeton-chambers,24,e chambers | e chambers | chambers | holy love luthueran church | kindergarten and preschool,39.64033333333333,-104.81027777777776,16,17
princeton-chambers,25,chambers | e chambers | kindergarten and preschool | anne sandovol | private christian education,39.64033333333333,-104.81027777777776,16,17
princeton-chambers,26,chambers | salon | chambers | e chambers | holy love luthueran church,39.64033333333333,-104.81027777777776,16,17
princeton-chambers,27,colorado shaders | mission viejo | e chambers | chambers | e chambers,39.64033333333333,-104.81027777777776,16,17
princeton-chambers,28,e chambers | e chambers | holy love luthueran church | mission viejo | chambers,39.64033333333333,-104.81027777777776,16,17
princeton-chambers,29,chambers | optical gallery | mission viejo | chambers | e chambers,39.64033333333333,-104.81027777777776,16,17
princeton-chambers,30,holy love luthueran church | holy love luthueran church | salon | chambers | e chambers,39.64033333333333,-104.81027777777776,16,17
princeton-chambers,31,chambers | upk provider | e chambers | upk provider | serving ages 36,39.64033333333333,-104.81027777777776,16,17
princeton-chambers,32,anne sandovol | holy love luthueran church | chambers | e chambers | private christian education,39.64033333333333,-104.81027777777776,16,17
princeton-chambers,33,chambers | mission viejo | kindergarten and preschool | chambers | e chambers,39.64033333333333,-104.81027777777776,16,17
princeton-chambers,34,chambers | salon | e chambers | chambers | anne sandovol,39.64033333333333,-104.81027777777776,16,17
princeton-chambers,35,chambers | e chambers | e chambers | optical gallery | chambers,39.64033333333333,-104.81027777777776,16,17
princeton-chambers,36,chambers | e chambers | private christian education | e chambers | private christian education,39.64033333333333,-104.81027777777776,16,17
princeton-chambers,37,e chambers | chambers | upk provider | director stephanie | sunday service,39.64033333333333,-104.81027777777776,16,17
princeton-chambers,38,salon | chambers | colorado shaders | mission viejo | e chambers,39.64033333333333,-104.81027777777776,16,17
princeton-chambers,39,salon | holy love luthueran church | e chambers | holy love luthueran church | chambers,39.64033333333333,-104.81027777777776,16,17
princeton-chambers,40,colorado shaders | private christian education | e chambers | state farm | chambers,39.64033333333333,-104.81027777777776,16,17
princeton-chambers,41,serving ages 36 | e chambers | kindergarten and preschool | chambers | e chambers,39.64033333333333,-104.81027777777776,16,17
princeton-chambers,42,state farm | director stephanie | holy love luthueran church | e chambers | chambers,39.64033333333333,-104.81027777777776,16,17
princeton-chambers,43,director stephanie | chambers | optical gallery | chambers | e chambers,39.64033333333333,-104.81027777777776,16,17
princeton-chambers,44,chambers | state farm | director stephanie | serving ages 36 | e chambers,39.64033333333333,-104.81027777777776,16,17
princeton-chambers,45,chambers | chambers | chambers | chambers | e chambers,39.64033333333333,-104.81027777777776,16,17
princeton-chambers,46,kindergarten and preschool | mission viejo | e chambers | chambers | mission viejo,39.64033333333333,-104.81027777777776,16,17
princeton-chambers,47,chambers | anne sandovol | state farm | e chambers | holy love luthueran church,39.64033333333333,-104.81027777777776,16,17
princeton-chambers,48,e chambers | anne sandovol | private christian education | chambers | insuracnce agency,39.64033333333333,-104.81027777777776,16,17
princeton-chambers,49,chambers | private christian education | e chambers | state farm | private christian education,39.64033333333333,-104.81027777777776,16,17
quebec-iliff,0,e iliff ave | romantix adult store | e evans ave | right lane must turn right | s quebec st,39.676611111111114,-104.90358333333333,20,20
quebec-iliff,1,s quebec st | romantix | e evans ave | right lane must turn right | e iliff ave,39.676611111111114,-104.90358333333333,20,20
quebec-iliff,2,e iliff ave | wing slingers | e evans ave | s quebec st | right lane must turn right,39.676611111111114,-104.90358333333333,20,20
quebec-iliff,3,right lane must turn right | s quebec st | right lane must turn right | e iliff ave | e evans ave,39.676611111111114,-104.90358333333333,20,20
quebec-iliff,4,liquors | right lane must turn right | s quebec st | e iliff ave | e evans ave,39.676611111111114,-104.90358333333333,20,20
quebec-iliff,5,right lane must turn right | s quebec st | el jakalito | e iliff ave | e evans ave,39.676611111111114,-104.90358333333333,20,20
quebec-iliff,6,s quebec st | e evans ave | s quebec st | e iliff ave | right lane must turn right,39.676611111111114,-104.90358333333333,20,20
quebec-iliff,7,s quebec st | s quebec st | e iliff ave | e evans ave | right lane must turn right,39.676611111111114,-104.90358333333333,20,20
quebec-iliff,8,s quebec st | nara hookah lounge | e iliff ave | e evans ave | right lane must turn right,39.676611111111114,-104.90358333333333,20,20
quebec-iliff,9,e evans ave | e iliff ave | right lane must turn right | e iliff ave | s quebec st,39.676611111111114,-104.90358333333333,20,20
quebec-iliff,10,e iliff ave | romantix adult store | right lane must turn right | s quebec st | e evans ave,39.676611111111114,-104.90358333333333,20,20
quebec-iliff,11,s quebec st | e evans ave | e iliff ave | romantix | right lane must turn right,39.676611111111114,-104.90358333333333,20,20
quebec-iliff,12,s quebec st | e iliff ave | right lane must turn right | e evans ave | king of shawarma and kabob,39.676611111111114,-104.90358333333333,20,20
quebec-iliff,13,e iliff ave | e evans ave | e evans ave | right lane must turn right | s quebec st,39.676611111111114,-104.90358333333333,20,20
quebec-iliff,14,turn right in 100 feet | s quebec st | e evans ave | right lane must turn right | e iliff ave,39.676611111111114,-104.90358333333333,20,20
quebec-iliff,15,massage | right lane must turn right | s quebec st | e iliff ave | e evans ave,39.676611111111114,-104.90358333333333,20,20
quebec-iliff,16,s quebec st | right lane must turn right | conoco | e evans ave | e iliff ave,39.676611111111114,-104.90358333333333,20,20
quebec-iliff,17,e evans ave | e iliff ave | s quebec st | nara hookah lounge | right lane must turn right,39.676611111111114,-104.90358333333333,20,20
quebec-iliff,18,e iliff ave | right lane must turn right | s quebec st | romantix adult store | e evans ave,39.676611111111114,-104.90358333333333,20,20
quebec-iliff,19,e evans ave | wing slingers | s quebec st | right lane must turn right | e iliff ave,39.676611111111114,-104.90358333333333,20,20
quebec-iliff,20,e evans ave | right lane must turn right | s quebec st | s quebec st | e iliff ave,39.676611111111114,-104.90358333333333,20,20
quebec-iliff,21,carniceria panaderia abarrotes frutas y verduras | e iliff ave | s quebec st | right lane must turn right | e evans ave,39.676611111111114,-104.90358333333333,20,20
quebec-iliff,22,e evans ave | e iliff ave | tacoss | right lane must turn right | s quebec st,39.676611111111114,-104.90358333333333,20,20
quebec-iliff,23,e iliff ave | right lane must turn right | s quebec st | e evans ave | massage,39.676611111111114,-104.90358333333333,20,20
quebec-iliff,24,right lane must turn right | e iliff ave | e iliff ave | s quebec st | e evans ave,39.676611111111114,-104.90358333333333,20,20
quebec-iliff,25,e iliff ave | ny salon barbers | right lane must turn right | e evans ave | s quebec st,39.676611111111114,-104.90358333333333,20,20
quebec-iliff,26,e evans ave | s quebec st | right lane must turn right | e iliff ave | food gas,39.676611111111114,-104.90358333333333,20,20
quebec-iliff,27,e iliff ave | pawn king | e evans ave | right lane must turn right | s quebec st,39.676611111111114,-104.90358333333333,20,20
quebec-iliff,28,right lane must turn right | e iliff ave | massage | s quebec st | e evans ave,39.676611111111114,-104.90358333333333,20,20
quebec-iliff,29,e iliff ave | e iliff ave | right lane must turn right | s quebec st | e evans ave,39.676611111111114,-104.90358333333333,20,20
quebec-iliff,30,right lane must turn right | liquors | e evans ave | e iliff ave | s quebec st,39.676611111111114,-104.90358333333333,20,20
quebec-iliff,31,right lane must turn right | e iliff ave | e evans ave | s quebec st | e iliff ave,39.676611111111114,-104.90358333333333,20,20
quebec-iliff,32,s quebec st | e iliff ave | right lane must turn right | nara hookah lounge | e evans ave,39.676611111111114,-104.90358333333333,20,20
quebec-iliff,33,e evans ave | king of shawarma and kabob | right lane must turn right | e iliff ave | s quebec st,39.676611111111114,-104.90358333333333,20,20
quebec-iliff,34,e iliff ave | right lane must turn right | nara hookah lounge | s quebec st | e evans ave,39.676611111111114,-104.90358333333333,20,20
quebec-iliff,35,right lane must turn right | s quebec st | nara hookah lounge | e evans ave | e iliff ave,39.676611111111114,-104.90358333333333,20,20
quebec-iliff,36,turn right in 100 feet | e iliff ave | e evans ave | s quebec st | right lane must turn right,39.676611111111114,-104.90358333333333,20,20
quebec-iliff,37,e iliff ave | right lane must turn right | e evans ave | right lane must turn right | s quebec st,39.676611111111114,-104.90358333333333,20,20
quebec-iliff,38,s quebec st | food gas | e evans ave | e iliff ave | right lane must turn right,39.676611111111114,-104.90358333333333,20,20
quebec-iliff,39,s quebec st | right lane must turn right | e evans ave | e iliff ave | right lane must turn right,39.676611111111114,-104.90358333333333,20,20
quebec-iliff,40,golden meds | s quebec st | right lane must turn right | e iliff ave | e evans ave,39.676611111111114,-104.90358333333333,20,20
quebec-iliff,41,e iliff ave | right lane must turn right | s quebec st | nara hookah lounge | e evans ave,39.676611111111114,-104.90358333333333,20,20
quebec-iliff,42,e iliff ave | s quebec st | e evans ave | right lane must turn right | food gas,39.676611111111114,-104.90358333333333,20,20
quebec-iliff,43,e iliff ave | e evans ave | carniceria panaderia abarrotes frutas y verduras | s quebec st | right lane must turn right,39.676611111111114,-104.90358333333333,20,20
quebec-iliff,44,e evans ave | e iliff ave | right lane must turn right | ny salon barbers | s quebec st,39.676611111111114,-104.90358333333333,20,20
quebec-iliff,45,e evans ave | right lane must turn right | s quebec st | golden meds | e iliff ave,39.676611111111114,-104.90358333333333,20,20
quebec-iliff,46,s quebec st | s quebec st | right lane must turn right | e iliff ave | e evans ave,39.676611111111114,-104.90358333333333,20,20
quebec-iliff,47,right lane must turn right | conoco | e iliff ave | s quebec st | e evans ave,39.676611111111114,-104.90358333333333,20,20
quebec-iliff,48,right lane must turn right | e iliff ave | e evans ave | tacoss | s quebec st,39.676611111111114,-104.90358333333333,20,20
quebec-iliff,49,e evans ave | right lane must turn right | e evans ave | e iliff ave | s quebec st,39.676611111111114,-104.90358333333333,20,20
quincy-broadway,0,yamaha home theater parasound open | gold sound since 1976 home theater stereo pro audio video new guaranteed used wwwgoldsoundnet | dip | gold sound since 1976 home theater stereo pro audio video new guaranteed used wwwgoldsoundnet | dip,39.63858333333332,-104.98780555555554,6,6
quincy-broadway,1,yamaha home theater parasound open | marantz finest in stereo home theater pro demo sale 20 to 50 off 210 year warranty | dip | marantz finest in stereo home theater pro demo sale 20 to 50 off 210 year warranty | marantz finest in stereo home theater pro demo sale 20 to 50 off 210 year warranty,39.63858333333332,-104.98780555555554,6,6
quincy-broadway,2,dip | marantz finest in stereo home theater pro demo sale 20 to 50 off 210 year warranty | gold sound since 1976 home theater stereo pro audio video new guaranteed used wwwgoldsoundnet | gold sound fine audio home theatre | gold sound since 1976 home theater stereo pro audio video new guaranteed used wwwgoldsoundnet,39.63858333333332,-104.98780555555554,6,6
quincy-broadway,3,dip | yamaha home theater parasound open | gold sound since 1976 home pro commercial speakers electronics 4285 s broadway | dip | gold sound fine audio home theatre,39.63858333333332,-104.98780555555554,6,6
quincy-broadway,4,gold sound since 1976 home theater stereo pro audio video new guaranteed used wwwgoldsoundnet | gold sound since 1976 home pro commercial speakers electronics 4285 s broadway | gold sound since 1976 home theater stereo pro audio video new guaranteed used wwwgoldsoundnet | gold sound since 1976 home pro commercial speakers electronics 4285 s broadway | yamaha home theater parasound open,39.63858333333332,-104.98780555555554,6,6
quincy-broadway,5,gold sound fine audio home theatre | gold sound since 1976 home pro commercial speakers electronics 4285 s broadway | gold sound since 1976 home pro commercial speakers electronics 4285 s broadway | gold sound fine audio home theatre | dip,39.63858333333332,-104.98780555555554,6,6
quincy-broadway,6,dip | yamaha home theater parasound open | marantz finest in stereo home theater pro demo sale 20 to 50 off 210 year warranty | gold sound since 1976 home theater stereo pro audio video new guaranteed used wwwgoldsoundnet | gold sound fine audio home theatre,39.63858333333332,-104.98780555555554,6,6
quincy-broadway,7,gold sound since 1976 home pro commercial speakers electronics 4285 s broadway | gold sound since 1976 home pro commercial speakers electronics 4285 s broadway | gold sound since 1976 home pro commercial speakers electronics 4285 s broadway | yamaha home theater parasound open | gold sound since 1976 home theater stereo pro audio video new guaranteed used wwwgoldsoundnet,39.63858333333332,-104.98780555555554,6,6
quincy-broadway,8,yamaha home theater parasound open | gold sound since 1976 home theater stereo pro audio video new guaranteed used wwwgoldsoundnet | gold sound fine audio home theatre | gold sound since 1976 home pro commercial speakers electronics 4285 s broadway | yamaha home theater parasound open,39.63858333333332,-104.98780555555554,6,6
quincy-broadway,9,gold sound since 1976 home pro commercial speakers electronics 4285 s broadway | yamaha home theater parasound open | gold sound fine audio home theatre | yamaha home theater parasound open | marantz finest in stereo home theater pro demo sale 20 to 50 off 210 year warranty,39.63858333333332,-104.98780555555554,6,6
quincy-broadway,10,yamaha home theater parasound open | gold sound fine audio home theatre | gold sound fine audio home theatre | yamaha home theater parasound open | gold sound since 1976 home theater stereo pro audio video new guaranteed used wwwgoldsoundnet,39.63858333333332,-104.98780555555554,6,6
quincy-broadway,11,gold sound since 1976 home pro commercial speakers electronics 4285 s broadway | gold sound fine audio home theatre | gold sound fine audio home theatre | yamaha home theater parasound open | yamaha home theater parasound open,39.63858333333332,-104.98780555555554,6,6
quincy-broadway,12,gold sound fine audio home theatre | yamaha home theater parasound open | dip | gold sound since 1976 home theater stereo pro audio video new guaranteed used wwwgoldsoundnet | gold sound since 1976 home theater stereo pro audio video new guaranteed used wwwgoldsoundnet,39.63858333333332,-104.98780555555554,6,6
quincy-broadway,13,dip | gold sound since 1976 home theater stereo pro audio video new guaranteed used wwwgoldsoundnet | dip | gold sound fine audio home theatre | yamaha home theater parasound open,39.63858333333332,-104.98780555555554,6,6
quincy-broadway,14,gold sound since 1976 home theater stereo pro audio video new guaranteed used wwwgoldsoundnet | gold sound fine audio home theatre | dip | marantz finest in stereo home theater pro demo sale 20 to 50 off 210 year warranty | gold sound fine audio home theatre,39.63858333333332,-104.98780555555554,6,6
quincy-broadway,15,marantz finest in stereo home theater pro demo sale 20 to 50 off 210 year warranty | gold sound fine audio home theatre | dip | yamaha home theater parasound open | gold sound since 1976 home theater stereo pro audio video new guaranteed used wwwgoldsoundnet,39.63858333333332,-104.98780555555554,6,6
quincy-broadway,16,marantz finest in stereo home theater pro demo sale 20 to 50 off 210 year warranty | yamaha home theater parasound open | gold sound since 1976 home pro commercial speakers electronics 4285 s broadway | gold sound since 1976 home pro commercial speakers electronics 4285 s broadway | gold sound fine audio home theatre,39.63858333333332,-104.98780555555554,6,6
quincy-broadway,17,dip | yamaha home theater parasound open | dip | dip | yamaha home theater parasound open,39.63858333333332,-104.98780555555554,6,6
quincy-broadway,18,gold sound since 1976 home theater stereo pro audio video new guaranteed used wwwgoldsoundnet | marantz finest in stereo home theater pro demo sale 20 to 50 off 210 year warranty | gold sound since 1976 home pro commercial speakers electronics 4285 s broadway | marantz finest in stereo home theater pro demo sale 20 to 50 off 210 year warranty | marantz finest in stereo home theater pro demo sale 20 to 50 off 210 year warranty,39.63858333333332,-104.98780555555554,6,6
quincy-broadway,19,dip | marantz finest in stereo home theater pro demo sale 20 to 50 off 210 year warranty | yamaha home theater parasound open | gold sound since 1976 home pro commercial speakers electronics 4285 s broadway | gold sound since 1976 home theater stereo pro audio video new guaranteed used wwwgoldsoundnet,39.63858333333332,-104.98780555555554,6,6
quincy-broadway,20,gold sound fine audio home theatre | gold sound since 1976 home pro commercial speakers electronics 4285 s broadway | marantz finest in stereo home theater pro demo sale 20 to 50 off 210 year warranty | gold sound fine audio home theatre | marantz finest in stereo home theater pro demo sale 20 to 50 off 210 year warranty,39.63858333333332,-104.98780555555554,6,6
quincy-broadway,21,gold sound since 1976 home theater stereo pro audio video new guaranteed used wwwgoldsoundnet | dip | gold sound since 1976 home pro commercial speakers electronics 4285 s broadway | gold sound since 1976 home theater stereo pro audio video new guaranteed used wwwgoldsoundnet | marantz finest in stereo home theater pro demo sale 20 to 50 off 210 year warranty,39.63858333333332,-104.98780555555554,6,6
quincy-broadway,22,gold sound since 1976 home pro commercial speakers electronics 4285 s broadway | yamaha home theater parasound open | dip | yamaha home theater parasound open | yamaha home theater parasound open,39.63858333333332,-104.98780555555554,6,6
quincy-broadway,23,gold sound since 1976 home theater stereo pro audio video new guaranteed used wwwgoldsoundnet | yamaha home theater parasound open | dip | gold sound fine audio home theatre | gold sound since 1976 home pro commercial speakers electronics 4285 s broadway,39.63858333333332,-104.98780555555554,6,6
quincy-broadway,24,yamaha home theater parasound open | dip | gold sound fine audio home theatre | yamaha home theater parasound open | gold sound since 1976 home pro commercial speakers electronics 4285 s broadway,39.63858333333332,-104.98780555555554,6,6
quincy-broadway,25,gold sound fine audio home theatre | yamaha home theater parasound open | gold sound since 1976 home pro commercial speakers electronics 4285 s broadway | gold sound since 1976 home pro commercial speakers electronics 4285 s broadway | gold sound since 1976 home theater stereo pro audio video new guaranteed used wwwgoldsoundnet,39.63858333333332,-104.98780555555554,6,6
quincy-broadway,26,gold sound since 1976 home pro commercial speakers electronics 4285 s broadway | gold sound fine audio home theatre | marantz finest in stereo home theater pro demo sale 20 to 50 off 210 year warranty | gold sound fine audio home theatre | gold sound since 1976 home theater stereo pro audio video new guaranteed used wwwgoldsoundnet,39.63858333333332,-104.98780555555554,6,6
quincy-broadway,27,dip | yamaha home theater parasound open | yamaha home theater parasound open | gold sound since 1976 home theater stereo pro audio video new guaranteed used wwwgoldsoundnet | marantz finest in stereo home theater pro demo sale 20 to 50 off 210 year warranty,39.63858333333332,-104.98780555555554,6,6
quincy-broadway,28,yamaha home theater parasound open | dip | yamaha home theater parasound open | gold sound fine audio home theatre | marantz finest in stereo home theater pro demo sale 20 to 50 off 210 year warranty,39.63858333333332,-104.98780555555554,6,6
quincy-broadway,29,dip | yamaha home theater parasound open | marantz finest in stereo home theater pro demo sale 20 to 50 off 210 year warranty | marantz finest in stereo home theater pro demo sale 20 to 50 off 210 year warranty | dip,39.63858333333332,-104.98780555555554,6,6
quincy-broadway,30,gold sound since 1976 home theater stereo pro audio video new guaranteed used wwwgoldsoundnet | marantz finest in stereo home theater pro demo sale 20 to 50 off 210 year warranty | gold sound since 1976 home pro commercial speakers electronics 4285 s broadway | gold sound fine audio home theatre | gold sound since 1976 home theater stereo pro audio video new guaranteed used wwwgoldsoundnet,39.63858333333332,-104.98780555555554,6,6
quincy-broadway,31,marantz finest in stereo home theater pro demo sale 20 to 50 off 210 year warranty | gold sound since 1976 home theater stereo pro audio video new guaranteed used wwwgoldsoundnet | gold sound fine audio home theatre | gold sound fine audio home theatre | marantz finest in stereo home theater pro demo sale 20 to 50 off 210 year warranty,39.63858333333332,-104.98780555555554,6,6
quincy-broadway,32,yamaha home theater parasound open | dip | marantz finest in stereo home theater pro demo sale 20 to 50 off 210 year warranty | gold sound since 1976 home theater stereo pro audio video new guaranteed used wwwgoldsoundnet | yamaha home theater parasound open,39.63858333333332,-104.98780555555554,6,6
quincy-broadway,33,gold sound fine audio home theatre | gold sound since 1976 home pro commercial speakers electronics 4285 s broadway | gold sound since 1976 home theater stereo pro audio video new guaranteed used wwwgoldsoundnet | gold sound since 1976 home pro commercial speakers electronics 4285 s broadway | dip,39.63858333333332,-104.98780555555554,6,6
quincy-broadway,34,gold sound fine audio home theatre | marantz finest in stereo home theater pro demo sale 20 to 50 off 210 year warranty | dip | gold sound since 1976 home theater stereo pro audio video new guaranteed used wwwgoldsoundnet | dip,39.63858333333332,-104.98780555555554,6,6
quincy-broadway,35,yamaha home theater parasound open | marantz finest in stereo home theater pro demo sale 20 to 50 off 210 year warranty | gold sound since 1976 home theater stereo pro audio video new guaranteed used wwwgoldsoundnet | gold sound since 1976 home pro commercial speakers electronics 4285 s broadway | yamaha home theater parasound open,39.63858333333332,-104.98780555555554,6,6
quincy-broadway,36,yamaha home theater parasound open | dip | gold sound fine audio home theatre | gold sound since 1976 home theater stereo pro audio video new guaranteed used wwwgoldsoundnet | gold sound since 1976 home pro commercial speakers electronics 4285 s broadway,39.63858333333332,-104.98780555555554,6,6
quincy-broadway,37,marantz finest in stereo home theater pro demo sale 20 to 50 off 210 year warranty | gold sound since 1976 home pro commercial speakers electronics 4285 s broadway | gold sound since 1976 home pro commercial speakers electronics 4285 s broadway | marantz finest in stereo home theater pro demo sale 20 to 50 off 210 year warranty | gold sound fine audio home theatre,39.63858333333332,-104.98780555555554,6,6
quincy-broadway,38,yamaha home theater parasound open | dip | gold sound since 1976 home theater stereo pro audio video new guaranteed used wwwgoldsoundnet | gold sound since 1976 home theater stereo pro audio video new guaranteed used wwwgoldsoundnet | gold sound since 1976 home theater stereo pro audio video new guaranteed used wwwgoldsoundnet,39.63858333333332,-104.98780555555554,6,6
quincy-broadway,39,yamaha home theater parasound open | gold sound since 1976 home theater stereo pro audio video new guaranteed used wwwgoldsoundnet | yamaha home theater parasound open | gold sound since 1976 home pro commercial speakers electronics 4285 s broadway | dip,39.63858333333332,-104.98780555555554,6,6
quincy-broadway,40,gold sound fine audio home theatre | gold sound since 1976 home theater stereo pro audio video new guaranteed used wwwgoldsoundnet | gold sound fine audio home theatre | dip | gold sound since 1976 home pro commercial speakers electronics 4285 s broadway,39.63858333333332,-104.98780555555554,6,6
quincy-broadway,41,gold sound fine audio home theatre | gold sound fine audio home theatre | yamaha home theater parasound open | gold sound fine audio home theatre | dip,39.63858333333332,-104.98780555555554,6,6
quincy-broadway,42,gold sound fine audio home theatre | yamaha home theater parasound open | gold sound since 1976 home pro commercial speakers electronics 4285 s broadway | gold sound since 1976 home pro commercial speakers electronics 4285 s broadway | gold sound since 1976 home theater stereo pro audio video new guaranteed used wwwgoldsoundnet,39.63858333333332,-104.98780555555554,6,6
quincy-broadway,43,yamaha home theater parasound open | gold sound since 1976 home pro commercial speakers electronics 4285 s broadway | marantz finest in stereo home theater pro demo sale 20 to 50 off 210 year warranty | dip | gold sound fine audio home theatre,39.63858333333332,-104.98780555555554,6,6
quincy-broadway,44,gold sound since 1976 home pro commercial speakers electronics 4285 s broadway | gold sound since 1976 home theater stereo pro audio video new guaranteed used wwwgoldsoundnet | gold sound since 1976 home pro commercial speakers electronics 4285 s broadway | marantz finest in stereo home theater pro demo sale 20 to 50 off 210 year warranty | marantz finest in stereo home theater pro demo sale 20 to 50 off 210 year warranty,39.63858333333332,-104.98780555555554,6,6
quincy-broadway,45,gold sound since 1976 home theater stereo pro audio video new guaranteed used wwwgoldsoundnet | gold sound since 1976 home pro commercial speakers electronics 4285 s broadway | yamaha home theater parasound open | dip | gold sound since 1976 home theater stereo pro audio video new guaranteed used wwwgoldsoundnet,39.63858333333332,-104.98780555555554,6,6
quincy-broadway,46,marantz finest in stereo home theater pro demo sale 20 to 50 off 210 year warranty | marantz finest in stereo home theater pro demo sale 20 to 50 off 210 year warranty | gold sound since 1976 home pro commercial speakers electronics 4285 s broadway | gold sound fine audio home theatre | gold sound since 1976 home pro commercial speakers electronics 4285 s broadway,39.63858333333332,-104.98780555555554,6,6
quincy-broadway,47,gold sound since 1976 home pro commercial speakers electronics 4285 s broadway | gold sound fine audio home theatre | gold sound since 1976 home pro commercial speakers electronics 4285 s broadway | gold sound fine audio home theatre | marantz finest in stereo home theater pro demo sale 20 to 50 off 210 year warranty,39.63858333333332,-104.98780555555554,6,6
quincy-broadway,48,gold sound since 1976 home theater stereo pro audio video new guaranteed used wwwgoldsoundnet | yamaha home theater parasound open | dip | dip | gold sound since 1976 home pro commercial speakers electronics 4285 s broadway,39.63858333333332,-104.98780555555554,6,6
quincy-broadway,49,dip | yamaha home theater parasound open | yamaha home theater parasound open | marantz finest in stereo home theater pro demo sale 20 to 50 off 210 year warranty | gold sound since 1976 home pro commercial speakers electronics 4285 s broadway,39.63858333333332,-104.98780555555554,6,6
tennessee-federal,0,united insurance group | pho 555 | miracle touch | hong kong barbecue | denvers smokesvapes,39.6986111111111,-105.02508333333331,21,21
tennessee-federal,1,miracle touch | miracle touch | the kasual hair salon | kim son jewelers | denvers smokesvapes,39.6986111111111,-105.02508333333331,21,21
tennessee-federal,2,lollicup | bale sandwhich | advanced r pharmacy | asia center | united insurance group,39.6986111111111,-105.02508333333331,21,21
tennessee-federal,3,novacane | kim son jewelers | vanguardin | saigon supermarket | hong kong barbecue,39.6986111111111,-105.02508333333331,21,21
tennessee-federal,4,novacane | hairdo | asia center | kim son jewelers | vanguardin,39.6986111111111,-105.02508333333331,21,21
tennessee-federal,5,gio cha cali | miracle touch | hong kong barbecue | gio cha cali | bale sandwhich,39.6986111111111,-105.02508333333331,21,21
tennessee-federal,6,advanced r pharmacy | hairdo | pho 555 | kim son jewelers | mile high western wear,39.6986111111111,-105.02508333333331,21,21
tennessee-federal,7,mile high western wear | hong kong barbecue | novacane | bale sandwhich | millenium trenz wineless,39.6986111111111,-105.02508333333331,21,21
tennessee-federal,8,vanguardin | tony pho | kim son jewelers | kim son jewelers | saigon supermarket,39.6986111111111,-105.02508333333331,21,21
tennessee-federal,9,gio cha cali | millenium trenz wineless | the kasual hair salon | pho 555 | bale sandwhich,39.6986111111111,-105.02508333333331,21,21
tennessee-federal,10,golden eye optical | denvers smokesvapes | united insurance group | pho 555 | tony pho,39.6986111111111,-105.02508333333331,21,21
tennessee-federal,11,united insurance group | millenium trenz wineless | millenium trenz wineless | gio cha cali | asia center,39.6986111111111,-105.02508333333331,21,21
tennessee-federal,12,pho 555 | gio cha cali | millenium trenz wineless | golden pho grill | gio cha cali,39.6986111111111,-105.02508333333331,21,21
tennessee-federal,13,miracle touch | golden eye optical | miracle touch | the kasual hair salon | golden eye optical,39.6986111111111,-105.02508333333331,21,21
tennessee-federal,14,vanguardin | hong kong barbecue | mile high western wear | lollicup | millenium trenz wineless,39.6986111111111,-105.02508333333331,21,21
tennessee-federal,15,lollicup | kim son jewelers | mile high western wear | tony pho | vanguardin,39.6986111111111,-105.02508333333331,21,21
tennessee-federal,16,pho 555 | golden eye optical | miracle touch | denvers smokesvapes | advanced r pharmacy,39.6986111111111,-105.02508333333331,21,21
tennessee-federal,17,golden pho grill | saigon supermarket | pho 555 | hairdo | lollicup,39.6986111111111,-105.02508333333331,21,21
tennessee-federal,18,gio cha cali | united insurance group | hairdo | united insurance group | gio cha cali,39.6986111111111,-105.02508333333331,21,21
tennessee-federal,19,vanguardin | advanced r pharmacy | tony pho | united insurance group | advanced r pharmacy,39.6986111111111,-105.02508333333331,21,21
tennessee-federal,20,advanced r pharmacy | saigon supermarket | denvers smokesvapes | denvers smokesvapes | vanguardin,39.6986111111111,-105.02508333333331,21,21
tennessee-federal,21,denvers smokesvapes | golden eye optical | kim son jewelers | gio cha cali | asia center,39.6986111111111,-105.02508333333331,21,21
tennessee-federal,22,golden pho grill | tony pho | saigon supermarket | denvers smokesvapes | pho 555,39.6986111111111,-105.02508333333331,21,21
tennessee-federal,23,pho 555 | vanguardin | tony pho | golden eye optical | mile high western wear,39.6986111111111,-105.02508333333331,21,21
tennessee-federal,24,novacane | millenium trenz wineless | pho 555 | gio cha cali | miracle touch,39.6986111111111,-105.02508333333331,21,21
tennessee-federal,25,kim son jewelers | golden pho grill | millenium trenz wineless | lollicup | kim son jewelers,39.6986111111111,-105.02508333333331,21,21
tennessee-federal,26,advanced r pharmacy | the kasual hair salon | millenium trenz wineless | millenium trenz wineless | hong kong barbecue,39.6986111111111,-105.02508333333331,21,21
tennessee-federal,27,tony pho | saigon supermarket | bale sandwhich | hairdo | pho 555,39.6986111111111,-105.02508333333331,21,21
tennessee-federal,28,pho 555 | miracle touch | miracle touch | golden pho grill | miracle touch,39.6986111111111,-105.02508333333331,21,21
tennessee-federal,29,lollicup | saigon supermarket | mile high western wear | vanguardin | hairdo,39.6986111111111,-105.02508333333331,21,21
tennessee-federal,30,lollicup | golden eye optical | vanguardin | miracle touch | hong kong barbecue,39.6986111111111,-105.02508333333331,21,21
tennessee-federal,31,pho 555 | united insurance group | vanguardin | golden pho grill | united insurance group,39.6986111111111,-105.02508333333331,21,21
tennessee-federal,32,united insurance group | vanguardin | denvers smokesvapes | pho 555 | saigon supermarket,39.6986111111111,-105.02508333333331,21,21
tennessee-federal,33,bale sandwhich | gio cha cali | kim son jewelers | millenium trenz wineless | saigon supermarket,39.6986111111111,-105.02508333333331,21,21
tennessee-federal,34,kim son jewelers | novacane | lollicup | golden pho grill | miracle touch,39.6986111111111,-105.02508333333331,21,21
tennessee-federal,35,millenium trenz wineless | the kasual hair salon | asia center | golden pho grill | golden eye optical,39.6986111111111,-105.02508333333331,21,21
tennessee-federal,36,gio cha cali | golden pho grill | miracle touch | novacane | golden eye optical,39.6986111111111,-105.02508333333331,21,21
tennessee-federal,37,vanguardin | denvers smokesvapes | hairdo | denvers smokesvapes | kim son jewelers,39.6986111111111,-105.02508333333331,21,21
tennessee-federal,38,mile high western wear | novacane | asia center | denvers smokesvapes | bale sandwhich,39.6986111111111,-105.02508333333331,21,21
tennessee-federal,39,lollicup | hairdo | gio cha cali | novacane | advanced r pharmacy,39.6986111111111,-105.02508333333331,21,21
tennessee-federal,40,saigon supermarket | hairdo | advanced r pharmacy | lollicup | advanced r pharmacy,39.6986111111111,-105.02508333333331,21,21
tennessee-federal,41,the kasual hair salon | advanced r pharmacy | gio cha cali | golden eye optical | novacane,39.6986111111111,-105.02508333333331,21,21
tennessee-federal,42,united insurance group | pho 555 | hong kong barbecue | tony pho | miracle touch,39.6986111111111,-105.02508333333331,21,21
tennessee-federal,43,novacane | novacane | vanguardin | millenium trenz wineless | saigon supermarket,39.6986111111111,-105.02508333333331,21,21
tennessee-federal,44,gio cha cali | lollicup | golden eye optical | bale sandwhich | united insurance group,39.6986111111111,-105.02508333333331,21,21
tennessee-federal,45,united insurance group | golden pho grill | bale sandwhich | pho 555 | vanguardin,39.6986111111111,-105.02508333333331,21,21
tennessee-federal,46,tony pho | novacane | advanced r pharmacy | hong kong barbecue | vanguardin,39.6986111111111,-105.02508333333331,21,21
tennessee-federal,47,advanced r pharmacy | hong kong barbecue | hong kong barbecue | bale sandwhich | the kasual hair salon,39.6986111111111,-105.02508333333331,21,21
tennessee-federal,48,golden eye optical | pho 555 | gio cha cali | lollicup | golden pho grill,39.6986111111111,-105.02508333333331,21,21
tennessee-federal,49,lollicup | golden pho grill | golden pho grill | miracle touch | mile high western wear,39.6986111111111,-105.02508333333331,21,21
tufts-broadway,0,4575 | ace the helpful place we fill propane | speed limit 25 | tufts av w 4600 s | 7 eleven,39.63313888888889,-104.98786111111109,53,54
tufts-broadway,1,subway 4696 | tufts av w 4600 s | weber | ace the helpful place | outdoor living,39.63313888888889,-104.98786111111109,53,54
tufts-broadway,2,pnc bank | ace the helpful place | tufts av w 4600 s | discount liquor open 1799 | 4520,39.63313888888889,-104.98786111111109,53,54
tufts-broadway,3,ace the helpful place we fill propane | outfront injured get paid genco injury attorneys | tufts av w 4600 s | all colorado radon free testing 7207624556 | quincy cleaners e fluf fyour p ow s o pen 7 to 6 drive up,39.63313888888889,-104.98786111111109,53,54
tufts-broadway,4,4690 cherrelyn animal hospital full service boarding | warning 24hour surveillance | tufts av w 4600 s | circle k unleaded credit 319 910 diesel 329 910 | lucky u motel,39.63313888888889,-104.98786111111109,53,54
tufts-broadway,5,denver crown auto 7203002223 | pnc bank | ace the helpful place | tufts av w 4600 s | ace the helpful place,39.63313888888889,-104.98786111111109,53,54
tufts-broadway,6,one way | tufts av w 4600 s | quincy cleaners e fluf fyour p ow s o pen 7 to 6 drive up | weber | cherrelyn animal hospital 4690,39.63313888888889,-104.98786111111109,53,54
tufts-broadway,7,flamable no smoking | 7 eleven | no soliciting | denver crown auto | tufts av w 4600 s,39.63313888888889,-104.98786111111109,53,54
tufts-broadway,8,one way | tufts av w 4600 s | deadly deadly dont drive distracted eyes forward nhtsa | 4520 | denver crown auto,39.63313888888889,-104.98786111111109,53,54
tufts-broadway,9,warren associates inc of colorado | tufts av w 4600 s | liquor open 8am to 12am | denver crown auto 7203002223 | 7 eleven,39.63313888888889,-104.98786111111109,53,54
tufts-broadway,10,all american reptile plant show april 26th 27th join ed emily with snake discovery douglas county fairgrounds denverreptileshowcom | denver crown auto 7203002223 | tufts av w 4600 s | 7 eleven conoco regular 319 910 diesel 329 910 | quincy cleaners e fluf fyour p ow s o pen 7 to 6 drive up,39.63313888888889,-104.98786111111109,53,54
tufts-broadway,11,ace the helpful place | circle k unleaded credit 319 910 diesel 329 910 | tufts av w 4600 s | 2 hr parking 9 am5 pm sat sun hol excluded | pnc bank,39.63313888888889,-104.98786111111109,53,54
tufts-broadway,12,tufts av w 4600 s | outfront back with a splash this summer denver zoo conservation alliance get tickets 2154 | warning 24hour surveillance | speed limit 25 | denver crown auto 7203002223,39.63313888888889,-104.98786111111109,53,54
tufts-broadway,13,ace hardware welcome | all american reptile plant show april 26th 27th join ed emily with snake discovery douglas county fairgrounds denverreptileshowcom | 12606 stop | flamable no smoking | tufts av w 4600 s,39.63313888888889,-104.98786111111109,53,54
tufts-broadway,14,outfront injured get paid genco injury attorneys | liquor open 8am to 12am | cherrelyn animal hospital 4690 | 7 eleven conoco regular 319 910 diesel 329 910 | tufts av w 4600 s,39.63313888888889,-104.98786111111109,53,54
tufts-broadway,15,speed limit 35 2 hr parking 9 am5 pm sat sun hol excluded | 4575 | tufts av w 4600 s | liquor open 8am to 12am | outfront back with a splash this summer denver zoo conservation alliance get tickets 2154,39.63313888888889,-104.98786111111109,53,54
tufts-broadway,16,4520 | circle k | tufts av w 4600 s | milwaulkee ace dewalt | quincy cleaners e fluf fyour p ow s o pen 7 to 6 drive up,39.63313888888889,-104.98786111111109,53,54
tufts-broadway,17,7 eleven conoco regular 319 910 diesel 329 910 | readyice | lucky u motel | tufts av w 4600 s | 4520,39.63313888888889,-104.98786111111109,53,54
tufts-broadway,18,denver crown auto 7203002223 | weber | denver crown auto 7203002223 | flamable no smoking | tufts av w 4600 s,39.63313888888889,-104.98786111111109,53,54
tufts-broadway,19,pinpoint systems inc pinpoint systems inc | pinpoint systems inc pinpoint systems inc | deadly deadly dont drive distracted eyes forward nhtsa | tufts av w 4600 s | flamable no smoking,39.63313888888889,-104.98786111111109,53,54
tufts-broadway,20,12606 stop | tufts av w 4600 s | weber | outfront injured get paid genco injury attorneys | quincy cleaners e fluf fyour p ow s o pen 7 to 6 drive up,39.63313888888889,-104.98786111111109,53,54
tufts-broadway,21,12606 stop | tufts av w 4600 s | subway 4696 | ace hardware welcome | subway bigrefresh now hr ing,39.63313888888889,-104.98786111111109,53,54
tufts-broadway,22,milwaulkee ace dewalt | 4520 | 12606 stop | quincy cleaners e fluf fyour p ow s o pen 7 to 6 drive up | tufts av w 4600 s,39.63313888888889,-104.98786111111109,53,54
tufts-broadway,23,tufts av w 4600 s | outfront back with a splash this summer denver zoo conservation alliance get tickets 2154 | warning 24hour surveillance | weber | 4690 cherrelyn animal hospital full service boarding,39.63313888888889,-104.98786111111109,53,54
tufts-broadway,24,discount liquor open 1799 | 4530 crown auto | 4520 | tufts av w 4600 s | 7 eleven,39.63313888888889,-104.98786111111109,53,54
tufts-broadway,25,all american reptile plant show april 26th 27th join ed emily with snake discovery douglas county fairgrounds denverreptileshowcom | weber | circle k unleaded credit 319 910 diesel 329 910 | tufts av w 4600 s | quincy cleaners one hour service open,39.63313888888889,-104.98786111111109,53,54
tufts-broadway,26,4530 crown auto | tufts av w 4600 s | outfront injured get paid genco injury attorneys | m momentun of denver 7207280000 wwwmomentumofdenvercom | speed limit 35 2 hr parking 9 am5 pm sat sun hol excluded,39.63313888888889,-104.98786111111109,53,54
tufts-broadway,27,lucky u motel | circle k | weber | denver crown auto | tufts av w 4600 s,39.63313888888889,-104.98786111111109,53,54
tufts-broadway,28,2 hr parking 9 am5 pm sat sun hol excluded | denver crown auto | 7 eleven | momentum of denver | tufts av w 4600 s,39.63313888888889,-104.98786111111109,53,54
tufts-broadway,29,443 15 | tufts av w 4600 s | circle k | outfront back with a splash this summer denver zoo conservation alliance get tickets 2154 | discount liquor open 1799,39.63313888888889,-104.98786111111109,53,54
tufts-broadway,30,tufts av w 4600 s | deadly deadly dont drive distracted eyes forward nhtsa | flamable no smoking | readyice | momentum of denver,39.63313888888889,-104.98786111111109,53,54
tufts-broadway,31,circle k unleaded credit 319 910 diesel 329 910 | 4520 | flamable no smoking | subway 4696 | tufts av w 4600 s,39.63313888888889,-104.98786111111109,53,54
tufts-broadway,32,7 eleven conoco regular 319 910 diesel 329 910 | 4520 | lucky u motel | 4626 pro tax | tufts av w 4600 s,39.63313888888889,-104.98786111111109,53,54
tufts-broadway,33,tufts av w 4600 s | momentum of denver | 443 15 | ace the helpful place | fedex,39.63313888888889,-104.98786111111109,53,54
tufts-broadway,34,tufts av w 4600 s | speed limit 25 | momentum of denver | conoco | speed limit 35 2 hr parking 9 am5 pm sat sun hol excluded,39.63313888888889,-104.98786111111109,53,54
tufts-broadway,35,denver crown auto | circle k unleaded credit 319 910 diesel 329 910 | tufts av w 4600 s | one way | cherrelyn animal hospital 4690,39.63313888888889,-104.98786111111109,53,54
tufts-broadway,36,ace the helpful place | tufts av w 4600 s | subway 4696 | speed limit 35 2 hr parking 9 am5 pm sat sun hol excluded | 493 480,39.63313888888889,-104.98786111111109,53,54
tufts-broadway,37,speed limit 35 2 hr parking 9 am5 pm sat sun hol excluded | 4530 crown auto | deadly deadly dont drive distracted eyes forward nhtsa | tufts av w 4600 s | 12606 stop,39.63313888888889,-104.98786111111109,53,54
tufts-broadway,38,conoco | tufts av w 4600 s | readyice | 359561 | 2 hr parking 9 am5 pm sat sun hol excluded,39.63313888888889,-104.98786111111109,53,54
tufts-broadway,39,momentum of denver | milwaulkee ace dewalt | tufts av w 4600 s | 4626 pro tax | discount liquor open 1799,39.63313888888889,-104.98786111111109,53,54
tufts-broadway,40,momentum of denver | circle k | 2 hr parking 9 am5 pm sat sun hol excluded | tufts av w 4600 s | 4530 crown auto,39.63313888888889,-104.98786111111109,53,54
tufts-broadway,41,tufts av w 4600 s | subway 4696 | 493 480 | momentum of denver | denver crown auto,39.63313888888889,-104.98786111111109,53,54
tufts-broadway,42,weber | milwaulkee ace dewalt | quincy cleaners one hour service open | ace the helpful place we fill propane | tufts av w 4600 s,39.63313888888889,-104.98786111111109,53,54
tufts-broadway,43,readyice | tufts av w 4600 s | liquor open 8am to 12am | quincy cleaners one hour service open | subway bigrefresh now hr ing,39.63313888888889,-104.98786111111109,53,54
tufts-broadway,44,subway bigrefresh now hr ing | circle k | 2 hr parking 9 am5 pm sat sun hol excluded | one way | tufts av w 4600 s,39.63313888888889,-104.98786111111109,53,54
tufts-broadway,45,subway 4696 | ace the helpful place | one way | tufts av w 4600 s | 443 15,39.63313888888889,-104.98786111111109,53,54
tufts-broadway,46,subway 4696 | fedex | 7 eleven | tufts av w 4600 s | all colorado radon free testing 7207624556,39.63313888888889,-104.98786111111109,53,54
tufts-broadway,47,4690 cherrelyn animal hospital full service boarding | pro tax 3037613348 | lucky u motel | tufts av w 4600 s | ace hardware welcome,39.63313888888889,-104.98786111111109,53,54
tufts-broadway,48,warning 24hour surveillance | weber | warren associates inc of colorado | discount liquor open 1799 | tufts av w 4600 s,39.63313888888889,-104.98786111111109,53,54
tufts-broadway,49,ace the helpful place we fill propane | 4575 | 4530 crown auto | pro tax 3037613348 | tufts av w 4600 s,39.63313888888889,-104.98786111111109,53,54
victorian-mainstreet,0,private property no public parking allowed | 2 hour parking | do not enter | no parking any time | obrien lot,39.51811111111111,-104.75988888888888,69,71
victorian-mainstreet,1,do not enter | private property no public parking allowed | 2 hour parking | obrien lot | no parking any time,39.51811111111111,-104.75988888888888,69,71
victorian-mainstreet,2,do not enter | no parking any time | obrien lot | private property no public parking allowed | 2 hour parking,39.51811111111111,-104.75988888888888,69,71
victorian-mainstreet,3,obrien lot | no parking any time | 2 hour parking | do not enter | private property no public parking allowed,39.51811111111111,-104.75988888888888,69,71
victorian-mainstreet,4,2 hour parking | obrien lot | private property no public parking allowed | no parking any time | do not enter,39.51811111111111,-104.75988888888888,69,71
victorian-mainstreet,5,do not enter | obrien lot | private property no public parking allowed | 2 hour parking | no parking any time,39.51811111111111,-104.75988888888888,69,71
victorian-mainstreet,6,private property no public parking allowed | 2 hour parking | do not enter | no parking any time | obrien lot,39.51811111111111,-104.75988888888888,69,71
victorian-mainstreet,7,2 hour parking | private property no public parking allowed | no parking any time | obrien lot | do not enter,39.51811111111111,-104.75988888888888,69,71
victorian-mainstreet,8,no parking any time | do not enter | private property no public parking allowed | 2 hour parking | obrien lot,39.51811111111111,-104.75988888888888,69,71
victorian-mainstreet,9,2 hour parking | obrien lot | private property no public parking allowed | do not enter | no parking any time,39.51811111111111,-104.75988888888888,69,71
victorian-mainstreet,10,obrien lot | do not enter | 2 hour parking | private property no public parking allowed | no parking any time,39.51811111111111,-104.75988888888888,69,71
victorian-mainstreet,11,2 hour parking | do not enter | private property no public parking allowed | obrien lot | no parking any time,39.51811111111111,-104.75988888888888,69,71
victorian-mainstreet,12,no parking any time | 2 hour parking | obrien lot | private property no public parking allowed | do not enter,39.51811111111111,-104.75988888888888,69,71
victorian-mainstreet,13,do not enter | 2 hour parking | private property no public parking allowed | no parking any time | obrien lot,39.51811111111111,-104.75988888888888,69,71
victorian-mainstreet,14,2 hour parking | private property no public parking allowed | do not enter | obrien lot | no parking any time,39.51811111111111,-104.75988888888888,69,71
victorian-mainstreet,15,do not enter | no parking any time | 2 hour parking | private property no public parking allowed | obrien lot,39.51811111111111,-104.75988888888888,69,71
victorian-mainstreet,16,2 hour parking | obrien lot | private property no public parking allowed | do not enter | no parking any time,39.51811111111111,-104.75988888888888,69,71
victorian-mainstreet,17,do not enter | private property no public parking allowed | no parking any time | 2 hour parking | obrien lot,39.51811111111111,-104.75988888888888,69,71
victorian-mainstreet,18,no parking any time | private property no public parking allowed | obrien lot | do not enter | 2 hour parking,39.51811111111111,-104.75988888888888,69,71
victorian-mainstreet,19,obrien lot | do not enter | private property no public parking allowed | no parking any time | 2 hour parking,39.51811111111111,-104.75988888888888,69,71
victorian-mainstreet,20,no parking any time | obrien lot | do not enter | private property no public parking allowed | 2 hour parking,39.51811111111111,-104.75988888888888,69,71
victorian-mainstreet,21,private property no public parking allowed | obrien lot | 2 hour parking | do not enter | no parking any time,39.51811111111111,-104.75988888888888,69,71
victorian-mainstreet,22,no parking any time | 2 hour parking | private property no public parking allowed | do not enter | obrien lot,39.51811111111111,-104.75988888888888,69,71
victorian-mainstreet,23,no parking any time | private property no public parking allowed | 2 hour parking | do not enter | obrien lot,39.51811111111111,-104.75988888888888,69,71
victorian-mainstreet,24,obrien lot | private property no public parking allowed | 2 hour parking | do not enter | no parking any time,39.51811111111111,-104.75988888888888,69,71
victorian-mainstreet,25,obrien lot | private property no public parking allowed | do not enter | 2 hour parking | no parking any time,39.51811111111111,-104.75988888888888,69,71
victorian-mainstreet,26,do not enter | 2 hour parking | private property no public parking allowed | obrien lot | no parking any time,39.51811111111111,-104.75988888888888,69,71
victorian-mainstreet,27,no parking any time | 2 hour parking | obrien lot | private property no public parking allowed | do not enter,39.51811111111111,-104.75988888888888,69,71
victorian-mainstreet,28,private property no public parking allowed | 2 hour parking | obrien lot | do not enter | no parking any time,39.51811111111111,-104.75988888888888,69,71
victorian-mainstreet,29,do not enter | no parking any time | obrien lot | private property no public parking allowed | 2 hour parking,39.51811111111111,-104.75988888888888,69,71
victorian-mainstreet,30,no parking any time | private property no public parking allowed | do not enter | obrien lot | 2 hour parking,39.51811111111111,-104.75988888888888,69,71
victorian-mainstreet,31,private property no public parking allowed | obrien lot | no parking any time | 2 hour parking | do not enter,39.51811111111111,-104.75988888888888,69,71
victorian-mainstreet,32,no parking any time | do not enter | 2 hour parking | private property no public parking allowed | obrien lot,39.51811111111111,-104.75988888888888,69,71
victorian-mainstreet,33,2 hour parking | obrien lot | private property no public parking allowed | do not enter | no parking any time,39.51811111111111,-104.75988888888888,69,71
victorian-mainstreet,34,2 hour parking | obrien lot | do not enter | no parking any time | private property no public parking allowed,39.51811111111111,-104.75988888888888,69,71
victorian-mainstreet,35,private property no public parking allowed | 2 hour parking | no parking any time | do not enter | obrien lot,39.51811111111111,-104.75988888888888,69,71
victorian-mainstreet,36,do not enter | private property no public parking allowed | 2 hour parking | no parking any time | obrien lot,39.51811111111111,-104.75988888888888,69,71
victorian-mainstreet,37,private property no public parking allowed | 2 hour parking | do not enter | obrien lot | no parking any time,39.51811111111111,-104.75988888888888,69,71
victorian-mainstreet,38,2 hour parking | do not enter | private property no public parking allowed | obrien lot | no parking any time,39.51811111111111,-104.75988888888888,69,71
victorian-mainstreet,39,2 hour parking | obrien lot | no parking any time | private property no public parking allowed | do not enter,39.51811111111111,-104.75988888888888,69,71
victorian-mainstreet,40,do not enter | no parking any time | private property no public parking allowed | 2 hour parking | obrien lot,39.51811111111111,-104.75988888888888,69,71
victorian-mainstreet,41,no parking any time | do not enter | obrien lot | private property no public parking allowed | 2 hour parking,39.51811111111111,-104.75988888888888,69,71
victorian-mainstreet,42,do not enter | no parking any time | 2 hour parking | private property no public parking allowed | obrien lot,39.51811111111111,-104.75988888888888,69,71
victorian-mainstreet,43,private property no public parking allowed | do not enter | 2 hour parking | obrien lot | no parking any time,39.51811111111111,-104.75988888888888,69,71
victorian-mainstreet,44,2 hour parking | no parking any time | do not enter | private property no public parking allowed | obrien lot,39.51811111111111,-104.75988888888888,69,71
victorian-mainstreet,45,2 hour parking | private property no public parking allowed | no parking any time | obrien lot | do not enter,39.51811111111111,-104.75988888888888,69,71
victorian-mainstreet,46,do not enter | private property no public parking allowed | 2 hour parking | no parking any time | obrien lot,39.51811111111111,-104.75988888888888,69,71
victorian-mainstreet,47,private property no public parking allowed | do not enter | no parking any time | obrien lot | 2 hour parking,39.51811111111111,-104.75988888888888,69,71
victorian-mainstreet,48,obrien lot | no parking any time | private property no public parking allowed | do not enter | 2 hour parking,39.51811111111111,-104.75988888888888,69,71
victorian-mainstreet,49,no parking any time | obrien lot | 2 hour parking | private property no public parking allowed | do not enter,39.51811111111111,-104.75988888888888,69,71
yale-wadsworth,0,wild birds unlimited | lazboy | wild birds unlimited | wild birds unlimited | lazboy,39.667777777777765,-105.08147222222222,3,6
yale-wadsworth,1,lazboy | wild birds unlimited | stanley steemer | stanley steemer | wild birds unlimited,39.667777777777765,-105.08147222222222,3,6
yale-wadsworth,2,wild birds unlimited | wild birds unlimited | wild birds unlimited | wild birds unlimited | wild birds unlimited,39.667777777777765,-105.08147222222222,3,6
yale-wadsworth,3,lazboy | wild birds unlimited | stanley steemer | wild birds unlimited | stanley steemer,39.667777777777765,-105.08147222222222,3,6
yale-wadsworth,4,stanley steemer | stanley steemer | stanley steemer | stanley steemer | stanley steemer,39.667777777777765,-105.08147222222222,3,6
yale-wadsworth,5,lazboy | lazboy | wild birds unlimited | stanley steemer | lazboy,39.667777777777765,-105.08147222222222,3,6
yale-wadsworth,6,wild birds unlimited | lazboy | lazboy | lazboy | stanley steemer,39.667777777777765,-105.08147222222222,3,6
yale-wadsworth,7,stanley steemer | wild birds unlimited | lazboy | wild birds unlimited | lazboy,39.667777777777765,-105.08147222222222,3,6
yale-wadsworth,8,lazboy | wild birds unlimited | lazboy | wild birds unlimited | lazboy,39.667777777777765,-105.08147222222222,3,6
yale-wadsworth,9,wild birds unlimited | stanley steemer | stanley steemer | wild birds unlimited | lazboy,39.667777777777765,-105.08147222222222,3,6
yale-wadsworth,10,lazboy | wild birds unlimited | stanley steemer | wild birds unlimited | lazboy,39.667777777777765,-105.08147222222222,3,6
yale-wadsworth,11,stanley steemer | lazboy | stanley steemer | wild birds unlimited | stanley steemer,39.667777777777765,-105.08147222222222,3,6
yale-wadsworth,12,lazboy | lazboy | stanley steemer | wild birds unlimited | wild birds unlimited,39.667777777777765,-105.08147222222222,3,6
yale-wadsworth,13,wild birds unlimited | stanley steemer | stanley steemer | stanley steemer | stanley steemer,39.667777777777765,-105.08147222222222,3,6
yale-wadsworth,14,stanley steemer | lazboy | wild birds unlimited | lazboy | stanley steemer,39.667777777777765,-105.08147222222222,3,6
yale-wadsworth,15,wild birds unlimited | lazboy | stanley steemer | wild birds unlimited | lazboy,39.667777777777765,-105.08147222222222,3,6
yale-wadsworth,16,wild birds unlimited | lazboy | stanley steemer | wild birds unlimited | wild birds unlimited,39.667777777777765,-105.08147222222222,3,6
yale-wadsworth,17,lazboy | wild birds unlimited | lazboy | wild birds unlimited | wild birds unlimited,39.667777777777765,-105.08147222222222,3,6
yale-wadsworth,18,wild birds unlimited | lazboy | wild birds unlimited | wild birds unlimited | wild birds unlimited,39.667777777777765,-105.08147222222222,3,6
yale-wadsworth,19,stanley steemer | lazboy | lazboy | lazboy | wild birds unlimited,39.667777777777765,-105.08147222222222,3,6
yale-wadsworth,20,lazboy | lazboy | wild birds unlimited | wild birds unlimited | wild birds unlimited,39.667777777777765,-105.08147222222222,3,6
yale-wadsworth,21,wild birds unlimited | lazboy | stanley steemer | wild birds unlimited | wild birds unlimited,39.667777777777765,-105.08147222222222,3,6
yale-wadsworth,22,stanley steemer | stanley steemer | stanley steemer | wild birds unlimited | stanley steemer,39.667777777777765,-105.08147222222222,3,6
yale-wadsworth,23,stanley steemer | stanley steemer | stanley steemer | lazboy | wild birds unlimited,39.667777777777765,-105.08147222222222,3,6
yale-wadsworth,24,lazboy | stanley steemer | lazboy | lazboy | lazboy,39.667777777777765,-105.08147222222222,3,6
yale-wadsworth,25,lazboy | lazboy | wild birds unlimited | wild birds unlimited | stanley steemer,39.667777777777765,-105.08147222222222,3,6
yale-wadsworth,26,stanley steemer | lazboy | lazboy | stanley steemer | wild birds unlimited,39.667777777777765,-105.08147222222222,3,6
yale-wadsworth,27,wild birds unlimited | stanley steemer | wild birds unlimited | wild birds unlimited | wild birds unlimited,39.667777777777765,-105.08147222222222,3,6
yale-wadsworth,28,lazboy | stanley steemer | wild birds unlimited | stanley steemer | stanley steemer,39.667777777777765,-105.08147222222222,3,6
yale-wadsworth,29,stanley steemer | stanley steemer | stanley steemer | wild birds unlimited | stanley steemer,39.667777777777765,-105.08147222222222,3,6
yale-wadsworth,30,wild birds unlimited | wild birds unlimited | stanley steemer | lazboy | stanley steemer,39.667777777777765,-105.08147222222222,3,6
yale-wadsworth,31,wild birds unlimited | stanley steemer | wild birds unlimited | lazboy | lazboy,39.667777777777765,-105.08147222222222,3,6
yale-wadsworth,32,lazboy | stanley steemer | lazboy | lazboy | lazboy,39.667777777777765,-105.08147222222222,3,6
yale-wadsworth,33,stanley steemer | lazboy | lazboy | stanley steemer | lazboy,39.667777777777765,-105.08147222222222,3,6
yale-wadsworth,34,wild birds unlimited | lazboy | lazboy | stanley steemer | lazboy,39.667777777777765,-105.08147222222222,3,6
yale-wadsworth,35,stanley steemer | stanley steemer | stanley steemer | wild birds unlimited | stanley steemer,39.667777777777765,-105.08147222222222,3,6
yale-wadsworth,36,lazboy | stanley steemer | stanley steemer | stanley steemer | stanley steemer,39.667777777777765,-105.08147222222222,3,6
yale-wadsworth,37,wild birds unlimited | wild birds unlimited | stanley steemer | lazboy | wild birds unlimited,39.667777777777765,-105.08147222222222,3,6
yale-wadsworth,38,lazboy | wild birds unlimited | stanley steemer | lazboy | wild birds unlimited,39.667777777777765,-105.08147222222222,3,6
yale-wadsworth,39,lazboy | lazboy | lazboy | wild birds unlimited | stanley steemer,39.667777777777765,-105.08147222222222,3,6
yale-wadsworth,40,stanley steemer | lazboy | lazboy | wild birds unlimited | wild birds unlimited,39.667777777777765,-105.08147222222222,3,6
yale-wadsworth,41,wild birds unlimited | stanley steemer | stanley steemer | lazboy | stanley steemer,39.667777777777765,-105.08147222222222,3,6
yale-wadsworth,42,wild birds unlimited | stanley steemer | stanley steemer | lazboy | lazboy,39.667777777777765,-105.08147222222222,3,6
yale-wadsworth,43,stanley steemer | lazboy | lazboy | lazboy | stanley steemer,39.667777777777765,-105.08147222222222,3,6
yale-wadsworth,44,stanley steemer | stanley steemer | lazboy | stanley steemer | lazboy,39.667777777777765,-105.08147222222222,3,6
yale-wadsworth,45,stanley steemer | lazboy | wild birds unlimited | stanley steemer | stanley steemer,39.667777777777765,-105.08147222222222,3,6
yale-wadsworth,46,wild birds unlimited | lazboy | wild birds unlimited | lazboy | lazboy,39.667777777777765,-105.08147222222222,3,6
yale-wadsworth,47,lazboy | stanley steemer | lazboy | stanley steemer | lazboy,39.667777777777765,-105.08147222222222,3,6
yale-wadsworth,48,wild birds unlimited | stanley steemer | stanley steemer | wild birds unlimited | wild birds unlimited,39.667777777777765,-105.08147222222222,3,6
yale-wadsworth,49,wild birds unlimited | stanley steemer | lazboy | stanley steemer | wild birds unlimited,39.667777777777765,-105.08147222222222,3,6
